{"type": "FeatureCollection", "name": "URL_250_ORI", "crs": {"type": "name", "properties": {"name": "urn:ogc:def:crs:OGC:1.3:CRS84"}}, "features": [{"type": "Feature", "properties": {"Feuillet250K": "23C", "Nom_Feuillet250K": "LAC VALLARD", "Lien_GPKG": "https://diffusion.mffp.gouv.qc.ca/Diffusion/DonneeGratuite/Foret/DONNEES_FOR_ECO_SUD/Cartes_ecoforestieres_perturbations/02-Donnees/Decoupage250K/23C/CARTE_ECO_MAJ_23C_GPKG.zip"}, "geometry": {"type": "MultiPolygon", "coordinates": [[[[-68.875, 52.99999434400007], [-68.74999906099993, 52.99999426100004], [-68.625, 52.999994764000064], [-68.49999791099992, 52.99999526700009], [-68.375, 52.99999656300008], [-68.2499933759999, 52.999997858000086], [-68.125, 52.99999724300005], [-67.9999917799999, 52.999996628000076], [-67.99998962799992, 52.9375], [-67.9999874749999, 52.87499711600003], [-67.99998735799994, 52.8125], [-67.99998724099993, 52.74999723900004], [-67.99998701499993, 52.6875], [-67.99998678799994, 52.62499761500004], [-67.99998644599992, 52.5625], [-67.99998610299991, 52.49999611700008], [-67.99998620299993, 52.4375], [-67.9999863029999, 52.374994498000035], [-67.99998708299995, 52.3125], [-67.9999878619999, 52.24999239500005], [-67.99998846199992, 52.1875], [-67.99998906199994, 52.12499114000008], [-67.9999896779999, 52.0625], [-67.99999029399993, 51.99999083700004], [-68.125, 51.99999108900005], [-68.24998937299995, 51.999991342000044], [-68.375, 51.99999429300004], [-68.49999456299992, 51.99999724500003], [-68.625, 51.99999530100007], [-68.74999091199993, 51.99999335900009], [-68.875, 51.999993062000044], [-68.99999046599993, 51.99999276600005], [-69.125, 51.999995314000046], [-69.2499963919999, 51.999997861000054], [-69.375, 51.999994643000036], [-69.49999379399992, 51.999991425000076], [-69.625, 51.999994807000064], [-69.74999901099994, 51.99999818900005], [-69.875, 51.999997361000055], [-70.00000050799991, 51.99999653300006], [-70.00000054999992, 52.0625], [-70.00000059299992, 52.12499647300007], [-70.00000049399995, 52.1875], [-70.00000039499992, 52.249996431000056], [-69.99999944199993, 52.3125], [-69.9999984879999, 52.374999582000044], [-69.99999873899992, 52.4375], [-69.99999898899995, 52.50000057200003], [-69.99999990499992, 52.5625], [-70.00000082199995, 52.625000173000046], [-70.00000618699994, 52.6875], [-70.00001155199993, 52.74999347500005], [-70.00001154999995, 52.8125], [-70.00001154899991, 52.87499346300007], [-70.00001137299995, 52.9375], [-70.00001119699994, 52.99999341700004], [-69.875, 52.999995381000076], [-69.75000635799995, 52.999997344000064], [-69.625, 52.999998076000054], [-69.50000634699995, 52.99999880800004], [-69.375, 52.99999879200004], [-69.25000631899991, 52.99999877500005], [-69.125, 52.99999660100008], [-69.00000019999993, 52.999994428000036], [-68.875, 52.99999434400007]]]]}}, {"type": "Feature", "properties": {"Feuillet250K": "23B", "Nom_Feuillet250K": "LAC OPOCOPA", "Lien_GPKG": "https://diffusion.mffp.gouv.qc.ca/Diffusion/DonneeGratuite/Foret/DONNEES_FOR_ECO_SUD/Cartes_ecoforestieres_perturbations/02-Donnees/Decoupage250K/23B/CARTE_ECO_MAJ_23B_GPKG.zip"}, "geometry": {"type": "MultiPolygon", "coordinates": [[[[-67.35441422499991, 53.00006168300007], [-67.35643343799995, 52.998446665000074], [-67.35543412599992, 52.99633572600004], [-67.34649340099992, 52.99005913600007], [-67.34210568199995, 52.98878185500007], [-67.34171735899992, 52.986642939000035], [-67.34560583099994, 52.984114772000055], [-67.34063520699993, 52.98072640300006], [-67.33566373099995, 52.983143547000054], [-67.33396921199994, 52.98569936600006], [-67.3237743059999, 52.987838372000056], [-67.32019101999992, 52.98531051100008], [-67.31471826899991, 52.98719939600005], [-67.31135708599993, 52.98639383900007], [-67.31274659599995, 52.98147712600007], [-67.30663535899993, 52.97872700600004], [-67.30102328999993, 52.98347705400005], [-67.29238358999993, 52.98694932800004], [-67.29324468399994, 52.98906047300005], [-67.28643854299992, 52.992032678000044], [-67.28202165099992, 52.991477100000054], [-67.27882737399995, 52.98528255200006], [-67.25879833999994, 52.98553244400006], [-67.25521479799994, 52.98322684100003], [-67.24999548499994, 52.982442647000084], [-67.24318646799992, 52.98267115900006], [-67.23976958199995, 52.98539346500007], [-67.23279708899992, 52.981782208000084], [-67.23757519499992, 52.97814331500007], [-67.24999545899993, 52.97558049100007], [-67.2517980479999, 52.97544897200004], [-67.25618745699995, 52.970476674000054], [-67.26107684599992, 52.96853224100005], [-67.26563297799993, 52.96344884700005], [-67.27446733699992, 52.959059882000076], [-67.28121807899993, 52.95850435300008], [-67.28721840799994, 52.96183775900005], [-67.29549731999992, 52.95803226700008], [-67.30560867699995, 52.96600462200007], [-67.31252630699993, 52.962949076000086], [-67.31924918199991, 52.962393500000076], [-67.32180536899995, 52.96008793000004], [-67.33402913999993, 52.955060073000084], [-67.33397409199995, 52.95175446600007], [-67.33836261499994, 52.95158760800007], [-67.33669759399993, 52.94130979700009], [-67.34316051999991, 52.9375], [-67.35125365899995, 52.93528166500005], [-67.35089304399992, 52.93292054900007], [-67.34619910899994, 52.93050402600005], [-67.35017166799992, 52.92892058500007], [-67.35028298599991, 52.92747617900005], [-67.34339457699991, 52.924865157000056], [-67.33622856399995, 52.91994849100007], [-67.33672915399995, 52.91478182000009], [-67.33000639599993, 52.90992055700008], [-67.33531249399994, 52.90364278200008], [-67.33378473899995, 52.899281562000056], [-67.34189636799994, 52.89514266400005], [-67.33545169899992, 52.891614820000086], [-67.32828427099992, 52.88505914600006], [-67.32375606199992, 52.878197827000065], [-67.3176718389999, 52.87980889600004], [-67.31128201199994, 52.87933662800003], [-67.3064478469999, 52.88491997600005], [-67.29847443099993, 52.885947670000064], [-67.29269575199993, 52.88475315900007], [-67.29036209399993, 52.886558670000056], [-67.28202777399991, 52.880252909000035], [-67.2667201459999, 52.87844711300005], [-67.2566414929999, 52.87500414500005], [-67.25332971299991, 52.87330783600004], [-67.24999502899993, 52.86841743100007], [-67.24180183899995, 52.858057262000045], [-67.24416321299992, 52.855862811000065], [-67.24330223299995, 52.852390452000066], [-67.23430199699993, 52.850973716000055], [-67.2308575369999, 52.84908471300008], [-67.23171925799994, 52.84077890400005], [-67.22196878699992, 52.83988994500004], [-67.2167741099999, 52.84127883000008], [-67.1993849559999, 52.83277848600005], [-67.1955792789999, 52.83216728800005], [-67.19160679399994, 52.83452844000004], [-67.18807889199991, 52.833333925000034], [-67.17713400299994, 52.82480589800008], [-67.1737727929999, 52.81880567600007], [-67.16582806299994, 52.81524995700005], [-67.1638278559999, 52.81591663000006], [-67.1629390249999, 52.81938895300004], [-67.15796647399992, 52.82175009600007], [-67.15560524099993, 52.82997261300005], [-67.15649420499994, 52.832417056000054], [-67.15427138599995, 52.837417187000085], [-67.15638189399994, 52.84544512700006], [-67.15213065799992, 52.852417270000046], [-67.14835228699991, 52.853972755000086], [-67.14229637199992, 52.85069472100008], [-67.13740657699992, 52.852055621000034], [-67.13223962499995, 52.85044444600004], [-67.12921078599993, 52.85422197200006], [-67.12609894399992, 52.855416293000076], [-67.125, 52.85827077500005], [-67.125, 52.858304984000085], [-67.12501486999992, 52.85830498200005], [-67.125, 52.858337187000075], [-67.125, 52.859012190000044], [-67.12695924799993, 52.86008280300007], [-67.125, 52.86092143800005], [-67.11915188599994, 52.86244343900006], [-67.11303995899993, 52.86180429700005], [-67.1086495369999, 52.86460949000008], [-67.10412092699994, 52.864831467000045], [-67.09528378899995, 52.87169146800005], [-67.09020067999995, 52.86841364700007], [-67.07829588399994, 52.875054015000046], [-67.07483618099991, 52.87566282800003], [-67.06949116499993, 52.87505020300006], [-67.0668196229999, 52.87504891700007], [-67.06380961899993, 52.875718824000046], [-67.06260636899992, 52.87504676600008], [-67.05020267599991, 52.86494217100005], [-67.05748144599994, 52.85941464200005], [-67.05059468399992, 52.852498515000036], [-67.04767982899995, 52.844943457000056], [-67.04829293699993, 52.83705498100005], [-67.0525438219999, 52.83433299300003], [-67.05634978899991, 52.826888463000046], [-67.06535037299994, 52.82188846100007], [-67.05935010699994, 52.8125], [-67.05573883199992, 52.80855468500005], [-67.05979470099993, 52.79991566700005], [-67.0582947549999, 52.796748877000084], [-67.0620726539999, 52.79322105600005], [-67.06248946499994, 52.787998740000035], [-67.06737861599993, 52.783165233000034], [-67.0703788639999, 52.77694292600006], [-67.06248949699994, 52.776053938000075], [-67.05865603399991, 52.77338718400006], [-67.0480167529999, 52.77535944400006], [-67.03532175399994, 52.77458163700004], [-67.03490501999994, 52.77358162100006], [-67.04137753799995, 52.771664962000045], [-67.04218319999995, 52.769914948000064], [-67.04073871999992, 52.76660927900008], [-67.03473853399993, 52.765359242000045], [-67.03593301799992, 52.76116475400005], [-67.03382179899995, 52.75702579000006], [-67.03165508699993, 52.756136870000034], [-67.0345719199999, 52.75208119900009], [-67.03330815099991, 52.75002788200004], [-67.03026619099995, 52.74821995500008], [-67.02759379499992, 52.75002329900008], [-67.02426598199992, 52.75485905800008], [-67.01645997999992, 52.75483127100006], [-67.01937425699992, 52.750016223000046], [-67.02357147599992, 52.74613653400007], [-67.0209603799999, 52.74316410400007], [-67.00854273999994, 52.75000602300008], [-67.0076540739999, 52.75197019400008], [-67.00351505099991, 52.754109062000055], [-67.00284824199991, 52.75938696400004], [-66.99999424899994, 52.75995644600005], [-66.99126545399992, 52.757080994000034], [-66.98776502699991, 52.764025254000046], [-66.98534841299994, 52.76455294800007], [-66.9822655079999, 52.76255273600003], [-66.98148848199992, 52.756274930000075], [-66.97296187199993, 52.75371896000007], [-66.96832326099991, 52.75438542200004], [-66.96654527999993, 52.756024256000046], [-66.96193493399994, 52.754801754000084], [-66.95624009599993, 52.75782919200009], [-66.95693388699993, 52.759968090000086], [-66.95562837299991, 52.76041245600004], [-66.95151823499992, 52.75757899900003], [-66.9501581259999, 52.75469014400005], [-66.95221459899994, 52.751051387000075], [-66.9510940589999, 52.75003942500007], [-66.9483821099999, 52.74827347000007], [-66.94452154499993, 52.737550756000076], [-66.94249407699994, 52.735272862000045], [-66.93477280299993, 52.73105023200009], [-66.93060655999994, 52.73138341200007], [-66.92585732399994, 52.72785548300004], [-66.92432977699991, 52.72088303000004], [-66.9180251539999, 52.71202161800005], [-66.91358068799991, 52.70979936100008], [-66.91110839099991, 52.70318817800006], [-66.90683015399992, 52.70391037200005], [-66.90569113099991, 52.70166035700004], [-66.90641355399993, 52.69816027000007], [-66.8999690519999, 52.6875], [-66.90058050699992, 52.679243314000075], [-66.89466359399995, 52.67657662500005], [-66.88769095799995, 52.676354324000044], [-66.88574634699995, 52.677993264000065], [-66.88046816199994, 52.678298777000066], [-66.8775511959999, 52.680771107000055], [-66.875, 52.680238914000086], [-66.87313431899992, 52.68054885200007], [-66.87130119099993, 52.67629872400005], [-66.85238370099995, 52.67432642400007], [-66.85132754599994, 52.67929875600004], [-66.85468715799993, 52.6875], [-66.85479877799992, 52.69002120200008], [-66.86713223299995, 52.69993808300006], [-66.875, 52.713018730000044], [-66.87671517599995, 52.715910602000065], [-66.8802710679999, 52.71688288300004], [-66.89643905999992, 52.730771917000084], [-66.89432764799994, 52.73168864000007], [-66.89496650199993, 52.73321641200005], [-66.89110482799992, 52.733883096000056], [-66.875, 52.72540266400006], [-66.86157442699994, 52.717744080000045], [-66.85574021499991, 52.71979964900004], [-66.85498983399992, 52.72210530800004], [-66.86246229999995, 52.72882759300006], [-66.8589059169999, 52.73285548900009], [-66.86118290299993, 52.744244593000076], [-66.8578766469999, 52.74657808100005], [-66.8567129839999, 52.75006345500003], [-66.85884816599992, 52.75207805900004], [-66.87226564199995, 52.75671678400005], [-66.8676240719999, 52.76468889100005], [-66.86331816599994, 52.76435562200004], [-66.86217837999993, 52.76788337100004], [-66.8597612769999, 52.76891116300004], [-66.85715016299991, 52.768133488000046], [-66.85084513499993, 52.76241139900009], [-66.84884604799993, 52.75541150400005], [-66.83940074899994, 52.75193935700008], [-66.83969006799992, 52.75005974900006], [-66.8347620099999, 52.74405037400004], [-66.83481854799993, 52.737827981000066], [-66.83317984799993, 52.73438347500007], [-66.8262911459999, 52.728272090000075], [-66.82573638399992, 52.721049605000076], [-66.81740295299994, 52.71207678700006], [-66.81381908399993, 52.71157671700007], [-66.81206859299994, 52.713882252000076], [-66.80840157199992, 52.712243199000056], [-66.80551200399992, 52.71638223800005], [-66.80278942199993, 52.71629876600008], [-66.80190085799995, 52.709353958000065], [-66.79917839799992, 52.70635373600004], [-66.80092897199995, 52.70199243800005], [-66.79740060299991, 52.700964457000055], [-66.7993178989999, 52.69529758300007], [-66.79762330199992, 52.69257516400006], [-66.79287247799994, 52.69093593400004], [-66.79375310299991, 52.6875], [-66.7926505559999, 52.679324156000064], [-66.7864825449999, 52.676823650000074], [-66.7846488859999, 52.67276772200006], [-66.76942299399991, 52.666183052000065], [-66.75975368299993, 52.66757138100007], [-66.75775337899995, 52.67009925900004], [-66.75989284499991, 52.67196063300008], [-66.76072648299993, 52.675933246000056], [-66.75858725499995, 52.67804433100008], [-66.7668861009999, 52.6875], [-66.77150713199995, 52.69068487800007], [-66.77109053099991, 52.69818544100008], [-66.75314286799994, 52.69974035900003], [-66.7509481049999, 52.701323752000064], [-66.74999836499995, 52.705362500000035], [-66.74999836699993, 52.70632186200004], [-66.75722760299993, 52.71196369300009], [-66.7552553829999, 52.71849197000006], [-66.7588116309999, 52.72174233100009], [-66.75864508299992, 52.724659304000056], [-66.75583938599993, 52.72693719100005], [-66.75770078199992, 52.72915956400004], [-66.7552008099999, 52.73574347600004], [-66.75531234499994, 52.741466141000046], [-66.75236787099993, 52.74527199400006], [-66.75582452599991, 52.750005618000046], [-66.75784061399992, 52.751828010000054], [-66.75647900099995, 52.75782803900006], [-66.76147880999991, 52.762883619000036], [-66.76506223099994, 52.763994773000036], [-66.77247864999993, 52.774494847000085], [-66.7787841299999, 52.77780048400007], [-66.77811718999993, 52.78138387200005], [-66.78286708399992, 52.787411665000036], [-66.78081125799991, 52.79027280400004], [-66.78906112399994, 52.79757844900007], [-66.78933874499995, 52.799467339000046], [-66.78633836699993, 52.802161768000076], [-66.77606010799991, 52.80216170700004], [-66.76811606599995, 52.79316160400003], [-66.76661619599992, 52.788661595000065], [-66.75508842899995, 52.78132816900006], [-66.74999855399994, 52.77613028900004], [-66.7426442439999, 52.76882797500008], [-66.7281993979999, 52.76757785700005], [-66.7148381799999, 52.759911087000035], [-66.71378250299995, 52.762188853000055], [-66.70908792599994, 52.76204997800005], [-66.70414303799993, 52.76488323500007], [-66.69892067399991, 52.76313321400005], [-66.68805889399994, 52.76604981500009], [-66.69097546499995, 52.77018872100007], [-66.68789155999991, 52.77716086400005], [-66.68650185399991, 52.788660847000074], [-66.67794589699992, 52.789605134000055], [-66.67286217999992, 52.79191064000008], [-66.6705013319999, 52.78610507700006], [-66.66647364699992, 52.78241065600008], [-66.65769362199995, 52.78510461500008], [-66.64719083999995, 52.78227066300008], [-66.6484134669999, 52.79249308700008], [-66.65219210899994, 52.79474324500006], [-66.65235876899993, 52.79785440400008], [-66.65683185299991, 52.799715724000066], [-66.6576931159999, 52.80360462200008], [-66.66502740099992, 52.807799318000036], [-66.66652742299993, 52.80979937600006], [-66.66530084999994, 52.8125], [-66.66227656399991, 52.81579919100005], [-66.66561013699993, 52.819354849000035], [-66.66522064199995, 52.82754920800005], [-66.66277587499991, 52.83110478200007], [-66.6625256499999, 52.836021466000034], [-66.65741434899991, 52.83835478600008], [-66.65655313999991, 52.840826992000075], [-66.65110832999994, 52.84277148800004], [-66.64919154799992, 52.845715917000064], [-66.6504138489999, 52.84710483900005], [-66.64127441099993, 52.85124376600004], [-66.65249701599993, 52.85838278400007], [-66.65471925599991, 52.86252177600005], [-66.65499696899991, 52.871271893000085], [-66.64813553999994, 52.86791064000005], [-66.64489834499994, 52.87506303500004], [-66.65760799799995, 52.88216089100007], [-66.65838577399995, 52.884160929000075], [-66.65344095099994, 52.88566088600004], [-66.65985799399994, 52.88835541700007], [-66.66508044599993, 52.89243889000005], [-66.66135798499994, 52.89382778400005], [-66.6542743089999, 52.89157768300004], [-66.6504962539999, 52.89310541300006], [-66.64891271399995, 52.897272119000036], [-66.65041273999992, 52.90149441700004], [-66.64377347999994, 52.89685547800008], [-66.63174493699995, 52.898216448000085], [-66.6354115709999, 52.904911036000044], [-66.64518986999991, 52.91107787000004], [-66.6428006779999, 52.91668903000004], [-66.6473565039999, 52.91899465700004], [-66.64732860099991, 52.921716926000045], [-66.65002318699993, 52.92416140700004], [-66.6493008029999, 52.92746700100008], [-66.64482823799995, 52.92607802200007], [-66.63968899499991, 52.92646691200008], [-66.63332733899995, 52.93066134500003], [-66.63335507799991, 52.93246688000005], [-66.63871645599994, 52.93524477200003], [-66.63779755199994, 52.9375], [-66.63791065499993, 52.94060593800003], [-66.63513252399991, 52.943244855000046], [-66.6336877299999, 52.94999487400008], [-66.63074299599992, 52.953522734000046], [-66.63110405799995, 52.95549498400004], [-66.625, 52.95587672000005], [-66.60649162999994, 52.95257809200007], [-66.60096358999994, 52.95032800200005], [-66.60099145599992, 52.94716133400004], [-66.5976580489999, 52.94380014200004], [-66.59168543099992, 52.94218890600007], [-66.58735179999991, 52.94268891100006], [-66.57724444299993, 52.9375], [-66.5702093939999, 52.93529917500007], [-66.56217270999991, 52.9375], [-66.56276310399994, 52.94263234300007], [-66.55509440999992, 52.94007624100004], [-66.55428882199993, 52.942881825000086], [-66.53981284799994, 52.94238109400004], [-66.5340898039999, 52.94671425200005], [-66.52733811399992, 52.94649175500007], [-66.52842230599992, 52.95013080800004], [-66.53142348999995, 52.95329775400006], [-66.52986797299991, 52.956131120000066], [-66.53078530499994, 52.959631279000064], [-66.5266461409999, 52.96285349800007], [-66.51875560499991, 52.96174197900007], [-66.51806112499992, 52.96271422500007], [-66.51992314699993, 52.96571449400005], [-66.51739522399993, 52.96749222100004], [-66.51506145199994, 52.967019865000054], [-66.51283776999992, 52.96210288100008], [-66.51058514699992, 52.95151893000008], [-66.49999966599995, 52.94763355500004], [-66.49702632799995, 52.949018194000075], [-66.49633310399992, 52.95410187300007], [-66.4873058419999, 52.95726868300005], [-66.49391925599991, 52.965685792000045], [-66.48516961999991, 52.968741555000065], [-66.488948, 52.97088052200007], [-66.48772686199993, 52.97540855500006], [-66.4886994499999, 52.976853159000086], [-66.49242189499995, 52.97715869600006], [-66.49895123499994, 52.982575765000036], [-66.49797934799994, 52.98421473900004], [-66.4906460059999, 52.98540919700008], [-66.48795290399994, 52.99152065200008], [-66.48831457999995, 52.99335404900006], [-66.49670428999991, 52.99552093600005], [-66.49770495999991, 52.997965512000064], [-66.49674530999994, 53.00000106500005], [-66.48827639799993, 53.000009437000074], [-66.48125862599994, 52.993298476000064], [-66.47153495599991, 52.98896483300007], [-66.4666476029999, 52.99596523200006], [-66.4667592799999, 52.99813201300003], [-66.4694008699999, 53.000025924000056], [-66.375, 53.00005244500005], [-66.3477187549999, 53.00006010900006], [-66.34795969299995, 52.998211799000046], [-66.3432081439999, 52.99473928000003], [-66.33698429499992, 52.980960949000064], [-66.3333444989999, 52.977182982000045], [-66.32362301599994, 52.97365520100004], [-66.32153982999995, 52.97118292200008], [-66.32151197399992, 52.96829403900006], [-66.32395624199995, 52.96507176400007], [-66.3232896749999, 52.96182164700008], [-66.32565054299994, 52.95907160400009], [-66.3242062459999, 52.95304373100004], [-66.31895629399992, 52.94732147800005], [-66.32306728399993, 52.94557144600009], [-66.32462277199994, 52.941182508000054], [-66.3233042139999, 52.9375], [-66.31956721199992, 52.93284902500005], [-66.31240031899995, 52.92804333500004], [-66.30762223099993, 52.92112651800005], [-66.29498274799994, 52.919043066000086], [-66.28059753499991, 52.90159873400006], [-66.27654246199995, 52.89940427500005], [-66.27293265799995, 52.89459874700003], [-66.27424152299994, 52.883098877000066], [-66.26868850099993, 52.87501632900006], [-66.26721633499994, 52.873460064000085], [-66.25874421099991, 52.872015597000086], [-66.25760668599992, 52.86679337500004], [-66.26457948399991, 52.865932325000074], [-66.27146817699992, 52.86765462100004], [-66.27538595099992, 52.86412687600006], [-66.27941408999993, 52.86387688700006], [-66.28652636699991, 52.86068247500003], [-66.29310973999992, 52.86126590500004], [-66.29608295299994, 52.85859930400005], [-66.29363924299992, 52.85554374000009], [-66.28380682199992, 52.85115486300003], [-66.27644708399993, 52.845099308000044], [-66.27655908199995, 52.84248823900003], [-66.28078192999993, 52.84071045200005], [-66.28275520199992, 52.83743272900006], [-66.28617247799991, 52.83590497100005], [-66.2942838479999, 52.835905041000046], [-66.29850492899993, 52.840266160000056], [-66.3100880099999, 52.843155021000086], [-66.33394401599992, 52.863904982000065], [-66.34680619699992, 52.86318280900008], [-66.3501967389999, 52.85890513700008], [-66.35536416199994, 52.857210783000085], [-66.375, 52.865307263000034], [-66.37800138599994, 52.86798858900005], [-66.37769426199992, 52.872988520000035], [-66.37898000599995, 52.875064241000075], [-66.3906655909999, 52.87798857100006], [-66.40087652799991, 52.87506151600007], [-66.40861284999994, 52.872822029000076], [-66.41664365499992, 52.865627750000044], [-66.41686705699993, 52.86215562800004], [-66.41281198399992, 52.85973897900004], [-66.4175631569999, 52.85712787400007], [-66.4168160829999, 52.84832249600004], [-66.41495611999994, 52.844655818000035], [-66.40715247599991, 52.837044786000035], [-66.39848560099995, 52.83535027100004], [-66.39818064099995, 52.83187811100004], [-66.39312471999995, 52.82996132800008], [-66.3911801829999, 52.82682237800009], [-66.38506852799992, 52.824711225000044], [-66.38129056199995, 52.81904440200003], [-66.38204070099994, 52.81540552300004], [-66.37984416799992, 52.8125], [-66.37604028999993, 52.808905364000054], [-66.38601337499995, 52.80271094400007], [-66.38387437299991, 52.800544183000056], [-66.38626351999994, 52.795933036000065], [-66.3820131029999, 52.79434964300003], [-66.375, 52.79483090000008], [-66.36901196999992, 52.79754399800004], [-66.36453940599995, 52.79657179600008], [-66.35828888399993, 52.797516177000034], [-66.35620538199993, 52.798738367000055], [-66.35756653299995, 52.80132172900005], [-66.3531216369999, 52.80171061500005], [-66.35048257699992, 52.79743272400003], [-66.34653796599991, 52.79443269400008], [-66.34567681199991, 52.790904890000036], [-66.34562120099991, 52.788043704000074], [-66.3502606049999, 52.78396032300009], [-66.35026064599992, 52.78179369500003], [-66.34195443099992, 52.77318236600007], [-66.34009331599992, 52.769265645000075], [-66.33395396599991, 52.76568223600003], [-66.3328706019999, 52.76273767300006], [-66.32825924199994, 52.76104316800007], [-66.33123170699992, 52.75798758900004], [-66.32737046199992, 52.75415419400008], [-66.32856812099993, 52.75005555800004], [-66.33031468799993, 52.74851522800009], [-66.33059170199994, 52.74559851200007], [-66.3345915459999, 52.74434842900007], [-66.32450609199992, 52.73654254200005], [-66.32214416099993, 52.732764700000075], [-66.31319974599995, 52.732181291000074], [-66.31264344699991, 52.72829233600004], [-66.3082545769999, 52.72701448200007], [-66.30772652899992, 52.72512553900003], [-66.30925381899993, 52.722847681000076], [-66.31686444299993, 52.72315323000004], [-66.31803048499995, 52.72006977600006], [-66.3249738259999, 52.71737526000004], [-66.32608327399993, 52.71104167400006], [-66.3310545889999, 52.70912492000008], [-66.3341924149999, 52.70534702000003], [-66.33966416899995, 52.70218023700005], [-66.33367862599994, 52.6875], [-66.33940949099991, 52.68467961400006], [-66.33793617999993, 52.68115170600004], [-66.3312127069999, 52.67612365900004], [-66.32526946599995, 52.67540151800006], [-66.31807578799993, 52.671540410000034], [-66.30774415699995, 52.66304047600005], [-66.31118783799991, 52.66056811700008], [-66.31027136799992, 52.65870699100009], [-66.3056614539999, 52.65695707700007], [-66.30252338999992, 52.65048485600005], [-66.29449774699992, 52.65006832200004], [-66.29738602599991, 52.645762681000065], [-66.29780252199993, 52.64154039600004], [-66.30638371999993, 52.64092907500009], [-66.30635599399994, 52.63709568100006], [-66.2998577589999, 52.63506799500004], [-66.2950811149999, 52.64034595500004], [-66.28727744399993, 52.64070718800008], [-66.28719417899993, 52.63912385200007], [-66.29277619399994, 52.63773490300008], [-66.29088770099992, 52.63617935800005], [-66.2918597279999, 52.63362370300007], [-66.28938819199993, 52.63342932200004], [-66.28561132399994, 52.635846050000055], [-66.27791882299994, 52.63601294700004], [-66.27730787799993, 52.63423514300007], [-66.27891864899993, 52.63120730900005], [-66.28480604099991, 52.62817935700008], [-66.2827232919999, 52.626984883000034], [-66.27450321999993, 52.62740174400005], [-66.2768663029999, 52.625024206000035], [-66.2780856629999, 52.62109603000005], [-66.2824179289999, 52.61781810300005], [-66.28091833699995, 52.614484814000036], [-66.28155715899993, 52.61245698600004], [-66.28766679799992, 52.60734572800004], [-66.28563959199994, 52.60437343700005], [-66.29247111699993, 52.602039931000036], [-66.30313501899991, 52.60426202800005], [-66.31229939499991, 52.609956312000065], [-66.31665925399994, 52.60942850300006], [-66.3181033649999, 52.61065070700005], [-66.31693694499995, 52.613400751000086], [-66.31890862799992, 52.61465068100006], [-66.31785339799995, 52.61601187500008], [-66.31888079999993, 52.617928530000086], [-66.32329635299993, 52.62281735300007], [-66.32890603399994, 52.62373397400006], [-66.32880285499994, 52.625056156000085], [-66.32943355099991, 52.62706736900009], [-66.33246050799994, 52.62884509500009], [-66.33148862899992, 52.63084509300006], [-66.33279388999995, 52.63470625800005], [-66.33604495499992, 52.635150872000054], [-66.34212991099992, 52.63906777700004], [-66.34777060999994, 52.63920680400008], [-66.34535231899991, 52.64534562700004], [-66.34837983299991, 52.65120679000006], [-66.36649048399994, 52.66281802300006], [-66.37232411899993, 52.67167928500004], [-66.375, 52.673252587000036], [-66.37724154499995, 52.673818305000054], [-66.37977081799994, 52.67854072700004], [-66.38785554799995, 52.681790858000056], [-66.39407762099995, 52.68020756800007], [-66.40527026299992, 52.67242947500006], [-66.40715785799995, 52.668207144000064], [-66.40635625999994, 52.66065189900007], [-66.4197259149999, 52.65134717300003], [-66.41545029699995, 52.64826407600003], [-66.41584409799992, 52.64240338800005], [-66.44051524399993, 52.638098297000056], [-66.44149346199993, 52.63059890200009], [-66.43933854399995, 52.62504779200003], [-66.43511229899991, 52.62071068900008], [-66.42697477099995, 52.61851642500005], [-66.42581068899995, 52.615294379000034], [-66.42836920299993, 52.61173917700006], [-66.4249283659999, 52.60712838300009], [-66.42462736499994, 52.60146211000006], [-66.42282426199995, 52.598212379000074], [-66.41916012799993, 52.59496263400007], [-66.41549164199995, 52.59674022400009], [-66.4101004449999, 52.594628758000056], [-66.40701824999991, 52.59004552500005], [-66.3920383279999, 52.57990559400008], [-66.38050118599995, 52.56676544700008], [-66.38118300699995, 52.5625], [-66.38367065299991, 52.55837673000008], [-66.37513594399991, 52.55012588800008], [-66.37761019499993, 52.544098200000064], [-66.375, 52.539076082000065], [-66.3710494419999, 52.53234751000008], [-66.375, 52.52932167000006], [-66.38005691899991, 52.53398726800003], [-66.3847273799999, 52.53226542800007], [-66.39712663199992, 52.53343328500006], [-66.40099092399993, 52.53218360400007], [-66.3886753399999, 52.523432324000055], [-66.375, 52.51723866100008], [-66.37107744699995, 52.515347234000046], [-66.36721320599992, 52.50943013400007], [-66.36487790299992, 52.50817991300005], [-66.36414936599994, 52.50006506800008], [-66.36287642699995, 52.49762412500007], [-66.36529525899994, 52.49545770100008], [-66.35742772299994, 52.49037362300004], [-66.35798374799992, 52.487484864000066], [-66.36031901599995, 52.485457316000065], [-66.3542307539999, 52.479456732000074], [-66.35606571499994, 52.475040265000075], [-66.35459249999991, 52.46923459200008], [-66.3559825829999, 52.46773482400005], [-66.36162616199994, 52.466679973000055], [-66.375, 52.478482247000045], [-66.37969646399995, 52.48420944600008], [-66.38508969799994, 52.485098882000045], [-66.39117802899995, 52.48868270300005], [-66.39587647499991, 52.48765546100009], [-66.39134514699992, 52.48098860500005], [-66.39162327699995, 52.477683192000086], [-66.3937083909999, 52.47510024600007], [-66.38931603099991, 52.46904442500005], [-66.38989992499995, 52.467544511000085], [-66.38748142499992, 52.46157219200006], [-66.375, 52.44965276100004], [-66.3608137789999, 52.4375], [-66.35598328499992, 52.43237394000005], [-66.35787387199991, 52.42470769400006], [-66.36702079199995, 52.421486919000074], [-66.36843863999991, 52.41795946900004], [-66.3734430639999, 52.41651587000007], [-66.37330397099993, 52.41557142600004], [-66.36107143899994, 52.40323590500009], [-66.3437511919999, 52.398927392000076], [-66.34130468599994, 52.39664912600006], [-66.34077646499992, 52.39237126200004], [-66.34347330199995, 52.38573271200005], [-66.34244470199991, 52.380899157000044], [-66.34520467899995, 52.37506293800004], [-66.34322332099993, 52.37367698400004], [-66.33988721899993, 52.36659298100005], [-66.34211127799995, 52.36612116300006], [-66.34567001899995, 52.357732716000044], [-66.35406621399994, 52.35251186700003], [-66.35623474199991, 52.34926217100008], [-66.36465858399993, 52.351402515000075], [-66.37197029999993, 52.357681564000075], [-66.375, 52.36225021800004], [-66.38050519399991, 52.369849800000054], [-66.38645916399992, 52.37506642100004], [-66.39045813399991, 52.38060158900004], [-66.39649104599994, 52.378130346000034], [-66.39651281599993, 52.37506506500006], [-66.39479533199994, 52.36985217900008], [-66.39565709299995, 52.36913013000009], [-66.41173479999992, 52.37506136400003], [-66.41461770299992, 52.379827884000065], [-66.41311630399991, 52.38268874700003], [-66.4146453809999, 52.38638350700006], [-66.4182299439999, 52.38535595500008], [-66.42159122899994, 52.38277257800007], [-66.42153571699993, 52.38121704400004], [-66.44017540699991, 52.37863377700006], [-66.44546731699995, 52.375046103000045], [-66.43698092099993, 52.365272435000065], [-66.43720330799994, 52.35407786800005], [-66.45092608099992, 52.35635575400005], [-66.44728720299992, 52.347439009000084], [-66.45587083599992, 52.34599456600006], [-66.46217664699992, 52.34880021100008], [-66.46417679299992, 52.35032803200005], [-66.4649823279999, 52.35460578300007], [-66.4693434429999, 52.358411437000086], [-66.47212142399991, 52.356689249000055], [-66.47128815899993, 52.35332809400006], [-66.47262154499992, 52.35255027100004], [-66.47795504299995, 52.35324474500004], [-66.48295511399994, 52.35882822500008], [-66.49109443999993, 52.35510593200007], [-66.48964990799993, 52.35243923200005], [-66.4834275149999, 52.34763359500005], [-66.48187201299993, 52.34352244100006], [-66.48264987599993, 52.34155023300008], [-66.48470541799992, 52.340855788000056], [-66.49040007799994, 52.34427251300008], [-66.49253916899994, 52.34052242700005], [-66.48840004599992, 52.33796688800004], [-66.48028763999991, 52.32841145800006], [-66.48634273199991, 52.32541165300006], [-66.4878689379999, 52.31796756500006], [-66.47893326299993, 52.3125], [-66.47503232299994, 52.30591253400007], [-66.4647809029999, 52.30080161900008], [-66.46055861199994, 52.30188491000007], [-66.45558600999993, 52.30066269200006], [-66.45150115399991, 52.29438528400004], [-66.45372290499995, 52.29246866300008], [-66.4609733719999, 52.292940920000035], [-66.46538936699994, 52.28935781100006], [-66.4715559949999, 52.28752460700008], [-66.46841643399995, 52.285691317000044], [-66.45980471299993, 52.28430250900004], [-66.45697060299995, 52.28102486000006], [-66.45049781599994, 52.27955267400006], [-66.44541433899991, 52.28013592900004], [-66.44694281399995, 52.28277466700007], [-66.4437483719999, 52.28355237900007], [-66.4320773469999, 52.26580324000008], [-66.43268808899995, 52.26424777500006], [-66.43610473399991, 52.263470029000075], [-66.44432731899991, 52.26385896600004], [-66.44918909299992, 52.26596999000009], [-66.47054896999992, 52.256470565000086], [-66.47015941599994, 52.25383181800004], [-66.46738110699994, 52.251915255000085], [-66.45746851899992, 52.25003975200008], [-66.4541581229999, 52.24802621400005], [-66.45265819299993, 52.243136965000076], [-66.44351957799995, 52.229941359000065], [-66.43268623799992, 52.22096803200009], [-66.42346385399992, 52.22041202200006], [-66.41449070999994, 52.22738467100004], [-66.40471085299993, 52.22952333100005], [-66.40323841999992, 52.22813417500004], [-66.40437801099995, 52.22030010800006], [-66.40348933699994, 52.21402168000009], [-66.39609874899992, 52.217966164000075], [-66.39293195399995, 52.212604431000045], [-66.38637503199993, 52.213104240000064], [-66.38362488799993, 52.209881635000045], [-66.38301413699992, 52.204131120000056], [-66.375, 52.197590723000076], [-66.37198521099992, 52.195657836000066], [-66.37290226399995, 52.193491050000034], [-66.37134894899992, 52.1875], [-66.3692358589999, 52.18429579600007], [-66.36406848999991, 52.18301788900004], [-66.35984598099992, 52.179934305000074], [-66.35965196599994, 52.17560063700006], [-66.35562399899993, 52.17182262100005], [-66.36093069299994, 52.16901691800007], [-66.36034754299993, 52.16607224400008], [-66.36915426399992, 52.166655680000076], [-66.37282152599994, 52.16323895100004], [-66.375, 52.163072441000054], [-66.37946135699991, 52.16290564500008], [-66.38129497299991, 52.161516719000076], [-66.375, 52.15064614000005], [-66.37212720399992, 52.14909986300006], [-66.36304257199993, 52.14932210900008], [-66.35704180399995, 52.14579428700006], [-66.3454289849999, 52.149072077000085], [-66.33159361299994, 52.14976636000006], [-66.32989870999995, 52.14865511800008], [-66.33031557699991, 52.144044019000034], [-66.33539985499993, 52.143627474000084], [-66.32353615599993, 52.131293250000056], [-66.32092445399991, 52.130570823000085], [-66.31761799599991, 52.13182055900006], [-66.30900457299992, 52.140847707000034], [-66.30230846599994, 52.139236022000034], [-66.29483441099995, 52.14448558300006], [-66.27068937699994, 52.14784473200007], [-66.26932797799992, 52.14951139100003], [-66.27005047699993, 52.15256712200005], [-66.2676053639999, 52.16120609300003], [-66.27332903399991, 52.165428879000046], [-66.27307910399992, 52.179652298000065], [-66.28028812799994, 52.1875], [-66.2881373589999, 52.196349069000064], [-66.28849830099995, 52.20232182800004], [-66.2959434679999, 52.21207282700004], [-66.29069266699992, 52.21443396600006], [-66.29035923999993, 52.21718415400005], [-66.29755398399993, 52.227212888000054], [-66.29941502899993, 52.232185522000066], [-66.29733118699994, 52.236713603000055], [-66.3025535669999, 52.24026947400006], [-66.30163653199992, 52.24532538800008], [-66.30491428099992, 52.247825566000074], [-66.3048926109999, 52.25004703500008], [-66.30321934299991, 52.25082561000005], [-66.30357861999994, 52.25535273500009], [-66.29952204599994, 52.25735245000004], [-66.30265800099994, 52.26510133600004], [-66.31462399299994, 52.28159889900007], [-66.3130112149999, 52.28543167100008], [-66.31456445799995, 52.29126414400008], [-66.3106195659999, 52.29215288000006], [-66.29823266199992, 52.286042605000034], [-66.28387103299991, 52.28584811300004], [-66.28389714099995, 52.28979201000004], [-66.29545108499991, 52.295041317000084], [-66.29550516699993, 52.29862406800004], [-66.28428060099992, 52.303067834000046], [-66.29222219899992, 52.310816688000045], [-66.2817774319999, 52.31089997300006], [-66.27894492899992, 52.30853915900008], [-66.26405437499994, 52.311038704000055], [-66.25980520399992, 52.30859464300005], [-66.25638770899991, 52.310149910000064], [-66.24999781399993, 52.30636888600009], [-66.24744586799994, 52.303789745000074], [-66.24999780499991, 52.30131295600006], [-66.25136351999993, 52.30084575400008], [-66.24999780199994, 52.29942086700004], [-66.2422016889999, 52.29056949400007], [-66.24900876299995, 52.28523692400006], [-66.24781614799991, 52.28087643100008], [-66.2337956799999, 52.262879111000075], [-66.23210153299993, 52.26199031200008], [-66.22879545599994, 52.26376790100005], [-66.2258794729999, 52.26174041000007], [-66.21568565899992, 52.25946284400004], [-66.21379783299994, 52.25546347200009], [-66.21002003899991, 52.255463417000044], [-66.2051408719999, 52.25004004400006], [-66.19849248699995, 52.24099067800006], [-66.19899241299993, 52.23910150900008], [-66.20393700399995, 52.23937936100003], [-66.2055758809999, 52.23737916500005], [-66.19921395999995, 52.23062817600004], [-66.20057473799994, 52.226016523000055], [-66.19926899399991, 52.224182958000085], [-66.19190743999991, 52.222765990000084], [-66.18774066199995, 52.22382163200007], [-66.18440687199995, 52.21970993300005], [-66.17465588499994, 52.213931132000084], [-66.16893374799992, 52.21809834700008], [-66.16565711599992, 52.23435051800004], [-66.15684833099994, 52.23182127500007], [-66.15187442299992, 52.233543034000036], [-66.14840095699992, 52.22837535100007], [-66.1363970189999, 52.22779044500004], [-66.13545236399995, 52.22523459900003], [-66.13139582199994, 52.222206121000056], [-66.12925667399992, 52.21648326300004], [-66.125, 52.21116880300008], [-66.12197781399993, 52.20870426200008], [-66.1125310999999, 52.20900901300007], [-66.1062800279999, 52.20728620400007], [-66.10286357299992, 52.20223033600007], [-66.09761281099992, 52.200563215000045], [-66.0949756249999, 52.19178518400008], [-66.09597651799993, 52.18889637700005], [-66.09430089599994, 52.1875], [-66.09111687099994, 52.18047944600005], [-66.08122823199994, 52.17681265200008], [-66.08320223899995, 52.171396074000086], [-66.0801192049999, 52.16972944400004], [-66.07723111899992, 52.16400723000004], [-66.07675902699992, 52.159562736000055], [-66.07023096299991, 52.150396011000055], [-66.07048111199992, 52.14575708700005], [-66.07342568299993, 52.14378484300005], [-66.07492570499994, 52.13981252500008], [-66.07125902099995, 52.13495136100005], [-66.07506470399994, 52.13356253900008], [-66.0723424549999, 52.12761798200006], [-66.07320053199993, 52.12505556500008], [-66.07306466599994, 52.12361792100006], [-66.0774816519999, 52.12214572400006], [-66.08192626499994, 52.11834012500003], [-66.08359299799992, 52.114201242000036], [-66.08684321899995, 52.112312339000084], [-66.08717657999995, 52.109867885000085], [-66.09164893399992, 52.10764571400006], [-66.0906766889999, 52.10528452300008], [-66.09231574199993, 52.099062306000064], [-66.08889901099991, 52.097090035000065], [-66.0947326719999, 52.089201062000086], [-66.09092686699995, 52.08928443500008], [-66.0803708169999, 52.09706224300004], [-66.06992591599993, 52.10014552600006], [-66.05939775899992, 52.097228734000055], [-66.04948076799991, 52.08800638400004], [-66.03528582099995, 52.088645227000086], [-66.02206310299994, 52.08636733600008], [-66.01947970499992, 52.08331177900004], [-66.01250707699995, 52.083228389000055], [-66.00931242999991, 52.07850607900008], [-66.01456246399994, 52.07431154800008], [-66.01128449599992, 52.06950589400009], [-65.9999972629999, 52.071608266000055], [-65.99999723099995, 52.0625], [-65.99999701199994, 51.99999918100008], [-66.125, 51.99999913600004], [-66.2499976439999, 51.99999909100006], [-66.375, 52.000000225000065], [-66.50000081099995, 52.00000135800008], [-66.625, 52.00000107200003], [-66.75000031899992, 52.000000786000044], [-66.875, 52.00000003300005], [-66.99999926099991, 51.999999280000054], [-67.125, 51.999999212000034], [-67.2499992779999, 51.99999914500006], [-67.375, 51.999998653000034], [-67.49999405599993, 51.999998161000065], [-67.625, 51.999998503000086], [-67.74999710799995, 51.99999884400006], [-67.875, 51.999994841000046], [-67.99999029399993, 51.99999083700004], [-67.9999896779999, 52.0625], [-67.99998906199994, 52.12499114000008], [-67.99998846199992, 52.1875], [-67.9999878619999, 52.24999239500005], [-67.99998708299995, 52.3125], [-67.9999863029999, 52.374994498000035], [-67.99998620299993, 52.4375], [-67.99998610299991, 52.49999611700008], [-67.99998644599992, 52.5625], [-67.99998678799994, 52.62499761500004], [-67.99998701499993, 52.6875], [-67.99998724099993, 52.74999723900004], [-67.99998735799994, 52.8125], [-67.9999874749999, 52.87499711600003], [-67.99998962799992, 52.9375], [-67.9999917799999, 52.999996628000076], [-67.875, 52.99999625700008], [-67.74998793999993, 52.99999588600008], [-67.625, 52.99999625500004], [-67.49999923399992, 52.99999662500005], [-67.375, 53.00005248400004], [-67.35441422499991, 53.00006168300007]]]]}}, {"type": "Feature", "properties": {"Feuillet250K": "32N", "Nom_Feuillet250K": "LAC NEMISCAU", "Lien_GPKG": "https://diffusion.mffp.gouv.qc.ca/Diffusion/DonneeGratuite/Foret/DONNEES_FOR_ECO_SUD/Cartes_ecoforestieres_perturbations/02-Donnees/Decoupage250K/32N/CARTE_ECO_MAJ_32N_GPKG.zip"}, "geometry": {"type": "MultiPolygon", "coordinates": [[[[-77.125, 52.00000136300008], [-76.99999642499995, 52.000000975000034], [-76.875, 52.00000182400004], [-76.7499982089999, 52.00000267300004], [-76.625, 52.00000212700007], [-76.49999799499994, 52.00000158100005], [-76.375, 52.00000151800003], [-76.2499978109999, 52.000001456000064], [-76.125, 52.00000143600005], [-75.99999777699992, 52.00000141700008], [-75.9999977729999, 51.9375], [-75.9999977679999, 51.87500149400006], [-75.99999768599992, 51.8125], [-75.99999760299994, 51.75000161100007], [-75.99999751999991, 51.6875], [-75.99999743599994, 51.625001798000085], [-75.99999729199993, 51.5625], [-75.99999714799992, 51.50000181100006], [-75.99999765699994, 51.4375], [-75.9999981659999, 51.37500126000003], [-75.99999823499991, 51.3125], [-75.9999983049999, 51.25000110500008], [-75.9999982839999, 51.1875], [-75.99999826399994, 51.12500083200007], [-75.99999847899994, 51.0625], [-75.99999869399994, 51.00000068600008], [-76.125, 51.000000311000065], [-76.24999728699993, 50.99999993600005], [-76.375, 51.000000285000056], [-76.49999784399995, 51.00000063300007], [-76.625, 51.00000101000006], [-76.74999726099992, 51.000001386000065], [-76.875, 51.000000972000066], [-76.99999652999992, 51.00000055800007], [-77.125, 51.00000111500003], [-77.2499958169999, 51.00000167200005], [-77.375, 51.00000115000006], [-77.49999571699993, 51.000000628000066], [-77.625, 51.00000037800004], [-77.74999597699991, 51.00000012700008], [-77.875, 51.000000861000046], [-77.99999645799994, 51.00000159500007], [-77.99999598199992, 51.0625], [-77.99999550599995, 51.125001602000054], [-77.99999537199994, 51.1875], [-77.99999523899993, 51.25000155300006], [-77.99999500599995, 51.3125], [-77.99999477199992, 51.37500143600005], [-77.99999420799992, 51.4375], [-77.9999936449999, 51.500001384000086], [-77.99999341999995, 51.5625], [-77.99999319499994, 51.62500168200006], [-77.9999933499999, 51.6875], [-77.9999935049999, 51.750004292000085], [-77.99999356599994, 51.8125], [-77.99999362599993, 51.875004657000034], [-77.9999935909999, 51.9375], [-77.99999355499995, 52.000003147000086], [-77.875, 52.00000266100005], [-77.74999411999994, 52.00000217500008], [-77.625, 52.00000203600007], [-77.49999567299994, 52.00000189800005], [-77.375, 52.00000182400004], [-77.24999657799992, 52.00000175000008], [-77.125, 52.00000136300008]]]]}}, {"type": "Feature", "properties": {"Feuillet250K": "32O", "Nom_Feuillet250K": "LAC MESGOUEZ", "Lien_GPKG": "https://diffusion.mffp.gouv.qc.ca/Diffusion/DonneeGratuite/Foret/DONNEES_FOR_ECO_SUD/Cartes_ecoforestieres_perturbations/02-Donnees/Decoupage250K/32O/CARTE_ECO_MAJ_32O_GPKG.zip"}, "geometry": {"type": "MultiPolygon", "coordinates": [[[[-73.99999583499994, 52.00000201700004], [-73.99999641699992, 51.9375], [-73.99999699799992, 51.87500160400003], [-73.99999707399991, 51.8125], [-73.9999971499999, 51.750001025000074], [-73.99999686199993, 51.6875], [-73.99999657399991, 51.62500058300009], [-73.9999965799999, 51.5625], [-73.9999965849999, 51.50000023000007], [-73.99999697399994, 51.4375], [-73.99999736299992, 51.37499993000006], [-73.9999982089999, 51.3125], [-73.99999905499993, 51.24999982500003], [-73.99999972799992, 51.1875], [-74.00000040099991, 51.124998047000076], [-74.0000000519999, 51.0625], [-73.9999997029999, 50.99999838100007], [-74.125, 50.99999816400003], [-74.24999916399992, 50.999997947000054], [-74.375, 50.99999843300009], [-74.49999732799995, 50.99999891900006], [-74.625, 50.99999896700007], [-74.74999751099995, 50.99999901400008], [-74.875, 51.00000025400004], [-74.99999733999994, 51.00000149400006], [-75.125, 51.00000150400007], [-75.24999695199995, 51.000001513000086], [-75.375, 51.00000141800007], [-75.49999653599991, 51.00000132300005], [-75.625, 51.000001033000046], [-75.74999551099995, 51.00000074400003], [-75.875, 51.000000715000056], [-75.99999869399994, 51.00000068600008], [-75.99999847899994, 51.0625], [-75.99999826399994, 51.12500083200007], [-75.9999982839999, 51.1875], [-75.9999983049999, 51.25000110500008], [-75.99999823499991, 51.3125], [-75.9999981659999, 51.37500126000003], [-75.99999765699994, 51.4375], [-75.99999714799992, 51.50000181100006], [-75.99999729199993, 51.5625], [-75.99999743599994, 51.625001798000085], [-75.99999751999991, 51.6875], [-75.99999760299994, 51.75000161100007], [-75.99999768599992, 51.8125], [-75.9999977679999, 51.87500149400006], [-75.9999977729999, 51.9375], [-75.99999777699992, 52.00000141700008], [-75.875, 52.00000143600005], [-75.74999716199994, 52.000001456000064], [-75.625, 52.00000145300004], [-75.49999785299991, 52.00000145000007], [-75.375, 52.00000132200006], [-75.24999734699992, 52.00000119400005], [-75.125, 52.00000083600008], [-74.9999958169999, 52.00000047800006], [-74.875, 52.00000070300007], [-74.7499957949999, 52.00000092800008], [-74.625, 52.00000107000005], [-74.49999458799994, 52.00000121100004], [-74.375, 52.00000159200005], [-74.24999597699991, 52.00000197300005], [-74.125, 52.00000199500005], [-73.99999583499994, 52.00000201700004]]]]}}, {"type": "Feature", "properties": {"Feuillet250K": "32P", "Nom_Feuillet250K": "LAC BAUDEAU", "Lien_GPKG": "https://diffusion.mffp.gouv.qc.ca/Diffusion/DonneeGratuite/Foret/DONNEES_FOR_ECO_SUD/Cartes_ecoforestieres_perturbations/02-Donnees/Decoupage250K/32P/CARTE_ECO_MAJ_32P_GPKG.zip"}, "geometry": {"type": "MultiPolygon", "coordinates": [[[[-73.125, 52.00000029800003], [-72.99999216099991, 52.00000007500006], [-72.875, 52.00000037500007], [-72.74999408899993, 52.00000067500008], [-72.625, 52.000000957000054], [-72.49999502199995, 52.000001239000085], [-72.375, 52.00000123800004], [-72.24999536199994, 52.00000123600006], [-72.125, 52.00000124200005], [-71.99999867399993, 52.00000124700006], [-71.99999867899993, 51.9375], [-71.99999868399993, 51.875001275000045], [-71.99999868999993, 51.8125], [-71.99999869499993, 51.750001300000065], [-71.99999865799992, 51.6875], [-71.99999862199991, 51.62500106600004], [-71.99999828299991, 51.5625], [-71.99999794399992, 51.50000080500007], [-71.99999719499993, 51.4375], [-71.9999964459999, 51.37499988600007], [-71.99999760899993, 51.3125], [-71.9999987729999, 51.249998617000074], [-71.99999894299992, 51.1875], [-71.99999911299994, 51.12499854500004], [-71.9999991329999, 51.0625], [-71.99999915199993, 50.99999857500006], [-72.125, 50.99999898100003], [-72.25000032199995, 50.99999938600007], [-72.375, 50.99999903300005], [-72.50000072799992, 50.99999868100008], [-72.625, 50.999999168000045], [-72.74999918599991, 50.99999965600006], [-72.875, 51.000000825000086], [-72.99999938699995, 51.00000199500005], [-73.125, 51.000002006000045], [-73.24999925899994, 51.00000201600005], [-73.375, 51.00000038300004], [-73.4999959079999, 50.99999875000003], [-73.625, 50.99999898700008], [-73.74999741099992, 50.99999922500007], [-73.875, 50.99999880300004], [-73.9999997029999, 50.99999838100007], [-74.0000000519999, 51.0625], [-74.00000040099991, 51.124998047000076], [-73.99999972799992, 51.1875], [-73.99999905499993, 51.24999982500003], [-73.9999982089999, 51.3125], [-73.99999736299992, 51.37499993000006], [-73.99999697399994, 51.4375], [-73.9999965849999, 51.50000023000007], [-73.9999965799999, 51.5625], [-73.99999657399991, 51.62500058300009], [-73.99999686199993, 51.6875], [-73.9999971499999, 51.750001025000074], [-73.99999707399991, 51.8125], [-73.99999699799992, 51.87500160400003], [-73.99999641699992, 51.9375], [-73.99999583499994, 52.00000201700004], [-73.875, 52.00000184700008], [-73.74999657799992, 52.00000167800005], [-73.625, 52.00000131300004], [-73.4999947469999, 52.000000947000046], [-73.375, 52.00000073400008], [-73.2499928869999, 52.00000052000007], [-73.125, 52.00000029800003]]]]}}, {"type": "Feature", "properties": {"Feuillet250K": "22M", "Nom_Feuillet250K": "LAC PL\u00c9TIPI", "Lien_GPKG": "https://diffusion.mffp.gouv.qc.ca/Diffusion/DonneeGratuite/Foret/DONNEES_FOR_ECO_SUD/Cartes_ecoforestieres_perturbations/02-Donnees/Decoupage250K/22M/CARTE_ECO_MAJ_22M_GPKG.zip"}, "geometry": {"type": "MultiPolygon", "coordinates": [[[[-71.375, 52.00000061700007], [-71.24999988899992, 52.000000156000056], [-71.125, 52.00000030800004], [-70.99999906499994, 52.00000046100007], [-70.875, 52.00000046200006], [-70.74999912999994, 52.00000046400004], [-70.625, 52.00000060000008], [-70.49999847599992, 52.00000073600006], [-70.375, 51.99999872800004], [-70.25000055299995, 51.99999672000007], [-70.125, 51.99999662600004], [-70.00000050799991, 51.99999653300006], [-70.0000001809999, 51.9375], [-69.9999998529999, 51.87499767200006], [-69.99999916399992, 51.8125], [-69.99999847499993, 51.750000844000056], [-69.9999975579999, 51.6875], [-69.99999664199993, 51.62499859500008], [-69.99999492799992, 51.5625], [-69.9999932149999, 51.49999438600008], [-69.9999946339999, 51.4375], [-69.99999605399995, 51.37499767800006], [-69.9999972729999, 51.3125], [-69.99999849099993, 51.25000055800007], [-69.99999898099992, 51.1875], [-69.99999947099991, 51.12499894000007], [-69.9999998529999, 51.0625], [-70.00000023399991, 50.99999753900005], [-70.125, 51.00000008300003], [-70.25000010899993, 51.00000262700007], [-70.375, 51.00000197800006], [-70.49999860299994, 51.00000132800005], [-70.625, 51.00000037400008], [-70.74999817399993, 50.99999942000005], [-70.875, 51.00000070100003], [-70.9999988109999, 51.00000198300006], [-71.125, 51.00000097600008], [-71.24999852999991, 50.99999997000003], [-71.375, 50.99999834700009], [-71.49999803599991, 50.999996725000074], [-71.625, 50.99999677200009], [-71.749998, 50.999996819000046], [-71.875, 50.99999769700008], [-71.99999915199993, 50.99999857500006], [-71.9999991329999, 51.0625], [-71.99999911299994, 51.12499854500004], [-71.99999894299992, 51.1875], [-71.9999987729999, 51.249998617000074], [-71.99999760899993, 51.3125], [-71.9999964459999, 51.37499988600007], [-71.99999719499993, 51.4375], [-71.99999794399992, 51.50000080500007], [-71.99999828299991, 51.5625], [-71.99999862199991, 51.62500106600004], [-71.99999865799992, 51.6875], [-71.99999869499993, 51.750001300000065], [-71.99999868999993, 51.8125], [-71.99999868399993, 51.875001275000045], [-71.99999867899993, 51.9375], [-71.99999867399993, 52.00000124700006], [-71.875, 52.00000212500004], [-71.75000254999992, 52.000003003000074], [-71.625, 52.00000204000008], [-71.4999985309999, 52.00000107800008], [-71.375, 52.00000061700007]]]]}}, {"type": "Feature", "properties": {"Feuillet250K": "22N", "Nom_Feuillet250K": "R\u00c9SERVOIR MANICOUAGAN", "Lien_GPKG": "https://diffusion.mffp.gouv.qc.ca/Diffusion/DonneeGratuite/Foret/DONNEES_FOR_ECO_SUD/Cartes_ecoforestieres_perturbations/02-Donnees/Decoupage250K/22N/CARTE_ECO_MAJ_22N_GPKG.zip"}, "geometry": {"type": "MultiPolygon", "coordinates": [[[[-69.625, 51.999994807000064], [-69.49999379399992, 51.999991425000076], [-69.375, 51.999994643000036], [-69.2499963919999, 51.999997861000054], [-69.125, 51.999995314000046], [-68.99999046599993, 51.99999276600005], [-68.875, 51.999993062000044], [-68.74999091199993, 51.99999335900009], [-68.625, 51.99999530100007], [-68.49999456299992, 51.99999724500003], [-68.375, 51.99999429300004], [-68.24998937299995, 51.999991342000044], [-68.125, 51.99999108900005], [-67.99999029399993, 51.99999083700004], [-67.99999180199995, 51.9375], [-67.99999330999992, 51.87499454300007], [-67.9999946339999, 51.8125], [-67.99999595799994, 51.749998531000074], [-67.99999505999995, 51.6875], [-67.99999416299994, 51.62499926700008], [-67.99999356099994, 51.5625], [-67.99999295799995, 51.49999930800004], [-67.99999525099992, 51.4375], [-67.99999754299995, 51.37499987400008], [-67.99999621699993, 51.3125], [-67.99999489099991, 51.24999830500008], [-67.99999346399994, 51.1875], [-67.99999203699991, 51.124997101000076], [-67.9999926019999, 51.0625], [-67.9999931669999, 50.99999747500004], [-68.125, 50.99999790900006], [-68.24999612699992, 50.99999834200008], [-68.375, 50.99999834200008], [-68.49999976899994, 50.99999834100004], [-68.625, 50.999998153000035], [-68.75000277499993, 50.999997964000045], [-68.875, 50.999997560000054], [-69.00000236399995, 50.99999715600006], [-69.125, 50.99999738300005], [-69.24999993299991, 50.99999761100008], [-69.375, 50.99999741400006], [-69.49999955899995, 50.99999721700004], [-69.625, 50.99999739900005], [-69.75000022799992, 50.99999758100006], [-69.875, 50.999997560000054], [-70.00000023399991, 50.99999753900005], [-69.9999998529999, 51.0625], [-69.99999947099991, 51.12499894000007], [-69.99999898099992, 51.1875], [-69.99999849099993, 51.25000055800007], [-69.9999972729999, 51.3125], [-69.99999605399995, 51.37499767800006], [-69.9999946339999, 51.4375], [-69.9999932149999, 51.49999438600008], [-69.99999492799992, 51.5625], [-69.99999664199993, 51.62499859500008], [-69.9999975579999, 51.6875], [-69.99999847499993, 51.750000844000056], [-69.99999916399992, 51.8125], [-69.9999998529999, 51.87499767200006], [-70.0000001809999, 51.9375], [-70.00000050799991, 51.99999653300006], [-69.875, 51.999997361000055], [-69.74999901099994, 51.99999818900005], [-69.625, 51.999994807000064]]]]}}, {"type": "Feature", "properties": {"Feuillet250K": "22O", "Nom_Feuillet250K": "LAC FOUQUET", "Lien_GPKG": "https://diffusion.mffp.gouv.qc.ca/Diffusion/DonneeGratuite/Foret/DONNEES_FOR_ECO_SUD/Cartes_ecoforestieres_perturbations/02-Donnees/Decoupage250K/22O/CARTE_ECO_MAJ_22O_GPKG.zip"}, "geometry": {"type": "MultiPolygon", "coordinates": [[[[-66.375, 52.000000225000065], [-66.2499976439999, 51.99999909100006], [-66.125, 51.99999913600004], [-65.99999701199994, 51.99999918100008], [-65.99999670199992, 51.9375], [-65.99999639299995, 51.87499786800004], [-65.99999677999995, 51.8125], [-65.9999971659999, 51.749997750000034], [-65.99999787799993, 51.6875], [-65.99999859099995, 51.62499776400006], [-65.99999855199991, 51.5625], [-65.99999851399991, 51.49999793300003], [-65.99999827099992, 51.4375], [-65.99999802699995, 51.374998788000084], [-65.9999982459999, 51.3125], [-65.99999846399993, 51.24999868100008], [-65.99999900299991, 51.1875], [-65.99999954099991, 51.12499839600008], [-65.99999948499993, 51.0625], [-65.99999942799991, 50.999998481000034], [-66.125, 50.99999778500006], [-66.24999967199994, 50.99999708900003], [-66.375, 50.99999806800008], [-66.49999939799994, 50.999999047000074], [-66.625, 50.99999913900007], [-66.74999940299995, 50.99999923000007], [-66.875, 50.99999931600007], [-66.9999994559999, 50.99999940300006], [-67.125, 50.99999925800006], [-67.24999940299995, 50.99999911400005], [-67.375, 50.99999911400005], [-67.50000008599994, 50.99999911400005], [-67.625, 50.999998909000055], [-67.74999754699991, 50.999998703000074], [-67.875, 50.99999808900009], [-67.9999931669999, 50.99999747500004], [-67.9999926019999, 51.0625], [-67.99999203699991, 51.124997101000076], [-67.99999346399994, 51.1875], [-67.99999489099991, 51.24999830500008], [-67.99999621699993, 51.3125], [-67.99999754299995, 51.37499987400008], [-67.99999525099992, 51.4375], [-67.99999295799995, 51.49999930800004], [-67.99999356099994, 51.5625], [-67.99999416299994, 51.62499926700008], [-67.99999505999995, 51.6875], [-67.99999595799994, 51.749998531000074], [-67.9999946339999, 51.8125], [-67.99999330999992, 51.87499454300007], [-67.99999180199995, 51.9375], [-67.99999029399993, 51.99999083700004], [-67.875, 51.999994841000046], [-67.74999710799995, 51.99999884400006], [-67.625, 51.999998503000086], [-67.49999405599993, 51.999998161000065], [-67.375, 51.999998653000034], [-67.2499992779999, 51.99999914500006], [-67.125, 51.999999212000034], [-66.99999926099991, 51.999999280000054], [-66.875, 52.00000003300005], [-66.75000031899992, 52.000000786000044], [-66.625, 52.00000107200003], [-66.50000081099995, 52.00000135800008], [-66.375, 52.000000225000065]]]]}}, {"type": "Feature", "properties": {"Feuillet250K": "22P", "Nom_Feuillet250K": "LAC FOURNIER", "Lien_GPKG": "https://diffusion.mffp.gouv.qc.ca/Diffusion/DonneeGratuite/Foret/DONNEES_FOR_ECO_SUD/Cartes_ecoforestieres_perturbations/02-Donnees/Decoupage250K/22P/CARTE_ECO_MAJ_22P_GPKG.zip"}, "geometry": {"type": "MultiPolygon", "coordinates": [[[[-64.30775054499992, 51.99168755300008], [-64.30269486299994, 51.98543745400008], [-64.29438893199995, 51.98649294400008], [-64.2927222319999, 51.98396512000005], [-64.28936098699995, 51.98363180300004], [-64.28938878899993, 51.98018726500004], [-64.28752761899995, 51.97804839100007], [-64.27791619499993, 51.97315935200004], [-64.2719993039999, 51.97743718000004], [-64.26688803499991, 51.97668716600003], [-64.26336007499992, 51.97890932200005], [-64.25616547599992, 51.97293701000007], [-64.2500012779999, 51.97302609600007], [-64.24366305599995, 51.97607713700006], [-64.2341595769999, 51.97544036900007], [-64.23207540099992, 51.982468734000065], [-64.23779970399994, 51.98377296700005], [-64.23996705299993, 51.988328101000036], [-64.2475809199999, 51.993020915000045], [-64.2500026589999, 51.99643955400006], [-64.25116490499994, 52.00000126300006], [-64.25000286999995, 52.00000001600006], [-64.125, 51.999999535000086], [-64.00000028799991, 51.99999905300007], [-64.00000049399995, 51.9375], [-64.00000069999993, 51.87499922500007], [-64.00000074299993, 51.8125], [-64.00000078599993, 51.74999898300007], [-64.0000007669999, 51.6875], [-64.00000074699994, 51.62499893000006], [-64.00000158099994, 51.5625], [-64.00000241399994, 51.49999927500005], [-64.00000356499993, 51.4375], [-64.00000471699991, 51.374998763000065], [-64.00000574299992, 51.3125], [-64.00000676899992, 51.24999787000007], [-64.0000070669999, 51.1875], [-64.00000736399994, 51.12499722200005], [-64.0000044489999, 51.0625], [-64.00000153299993, 50.999998395000034], [-64.125, 50.99999884400006], [-64.24999856099993, 50.99999929400008], [-64.375, 50.999999039000045], [-64.49999836699993, 50.99999878400007], [-64.625, 50.99999865500007], [-64.74999894699994, 50.99999852500008], [-64.875, 50.99999855100003], [-64.99999906699992, 50.99999857700004], [-65.125, 50.99999836900008], [-65.25000004999993, 50.999998161000065], [-65.375, 50.99999806500006], [-65.50000059999991, 50.99999797000004], [-65.625, 50.99999805200008], [-65.7500000359999, 50.999998134000066], [-65.875, 50.999998307000055], [-65.99999942799991, 50.999998481000034], [-65.99999948499993, 51.0625], [-65.99999954099991, 51.12499839600008], [-65.99999900299991, 51.1875], [-65.99999846399993, 51.24999868100008], [-65.9999982459999, 51.3125], [-65.99999802699995, 51.374998788000084], [-65.99999827099992, 51.4375], [-65.99999851399991, 51.49999793300003], [-65.99999855199991, 51.5625], [-65.99999859099995, 51.62499776400006], [-65.99999787799993, 51.6875], [-65.9999971659999, 51.749997750000034], [-65.99999677999995, 51.8125], [-65.99999639299995, 51.87499786800004], [-65.99999670199992, 51.9375], [-65.99999701199994, 51.99999918100008], [-65.875, 51.99999944800004], [-65.74999861599991, 51.99999971400007], [-65.66663479099992, 52.00005927800004], [-65.6631675349999, 51.99717285100007], [-65.65797289099993, 51.997061701000064], [-65.64716711799991, 51.990950497000085], [-65.63524976499991, 51.99642269800006], [-65.63411091599994, 51.997950511000056], [-65.63495063699992, 52.000066195000045], [-65.625, 52.00006121600006], [-65.49999769499993, 51.999998675000086], [-65.375, 51.99999868300006], [-65.24999640199991, 51.99999869200008], [-65.125, 52.000002015000064], [-64.99999228099995, 52.00000533900004], [-64.875, 52.000040815000034], [-64.81458318099993, 52.000057963000074], [-64.81578683999993, 51.99848603300006], [-64.81473104699995, 51.99556910000007], [-64.82142751999993, 51.98940418400008], [-64.82328919999992, 51.98459905900006], [-64.84198678099995, 51.97637918700008], [-64.83284773699995, 51.97124031200008], [-64.82706835499994, 51.96982214600007], [-64.82773523399993, 51.96476668400004], [-64.82342848499991, 51.96387661000006], [-64.82059431899995, 51.959570220000046], [-64.81073041299993, 51.95720638800003], [-64.8133146099999, 51.951984852000066], [-64.8130923999999, 51.94840142000004], [-64.8064516309999, 51.944982906000064], [-64.80325472899995, 51.9375], [-64.7774713579999, 51.91961358000003], [-64.77338689299995, 51.91847351900009], [-64.77799934599994, 51.91564152300003], [-64.77711040399993, 51.91155847200008], [-64.74998890899991, 51.90090620400008], [-64.7442981879999, 51.89630434900005], [-64.73671487999991, 51.89272168300005], [-64.7308818859999, 51.886500682000076], [-64.72365952099995, 51.884889877000035], [-64.7156868859999, 51.88594517300004], [-64.70527030199992, 51.88022404700007], [-64.7042148079999, 51.87825219700005], [-64.7084651859999, 51.87683589200009], [-64.70958738699994, 51.87503703400006], [-64.71279899799993, 51.872170220000044], [-64.72746671999994, 51.86789338700004], [-64.72499471199995, 51.86331095700007], [-64.72843992399993, 51.856506771000056], [-64.7284126589999, 51.85192439500008], [-64.73077397299994, 51.849536035000085], [-64.73638547299993, 51.84728648500004], [-64.74998734399992, 51.84661447800005], [-64.75280356199994, 51.84531487400005], [-64.75444326399992, 51.838899464000065], [-64.74998719999991, 51.837391783000044], [-64.74733143899994, 51.836205490000054], [-64.74591513399992, 51.83012259000009], [-64.74335950399995, 51.82915031200008], [-64.74458176299993, 51.827122478000035], [-64.7412484649999, 51.82451126800004], [-64.74474875199991, 51.82281670600008], [-64.74483216999994, 51.82070557000009], [-64.74998688399995, 51.81710569400008], [-64.7518885419999, 51.81545537300008], [-64.76421872599991, 51.8125], [-64.76591830099994, 51.80856620600008], [-64.77416941999991, 51.80473268600008], [-64.77086360399994, 51.796482438000055], [-64.76736322999994, 51.794760144000065], [-64.76941910799991, 51.791704450000054], [-64.78183700599993, 51.79014889600006], [-64.7803924769999, 51.78070405600005], [-64.77583647299991, 51.77853733900008], [-64.76397434099994, 51.780231780000065], [-64.76800256899992, 51.775009354000076], [-64.76561383599994, 51.764647910000065], [-64.7594468609999, 51.759342110000034], [-64.74998601499993, 51.76129223800007], [-64.7472238929999, 51.761286630000086], [-64.7453069309999, 51.76420341600004], [-64.73691756099993, 51.76528694500007], [-64.73044496499995, 51.761842510000065], [-64.72955620099992, 51.75837013700004], [-64.72694487799993, 51.75737018700005], [-64.71933329099994, 51.756064742000035], [-64.70955476699993, 51.757926153000085], [-64.69688727599993, 51.75464849900004], [-64.69877642699993, 51.75028726100004], [-64.70048143799994, 51.75004162700009], [-64.70349899699994, 51.74917600100008], [-64.70424895399992, 51.74737040600007], [-64.71013825799992, 51.74617576900005], [-64.7063045239999, 51.74117569200007], [-64.69899835399991, 51.736064474000045], [-64.70697099599994, 51.73125865800006], [-64.69660914099995, 51.728314227000055], [-64.6911921869999, 51.72839768100005], [-64.69296994899992, 51.725841986000034], [-64.6968035349999, 51.72481415400006], [-64.69716455299994, 51.72139730400005], [-64.68063576899993, 51.71964743600006], [-64.68085799599993, 51.717564053000046], [-64.6876359979999, 51.71153593300005], [-64.6863302559999, 51.70800796100008], [-64.67952434999995, 51.709091450000074], [-64.67674642199995, 51.71270274300008], [-64.67446859799992, 51.712702731000036], [-64.6739406179999, 51.701730084000076], [-64.67196834299995, 51.70098000100006], [-64.66788474899994, 51.70270230500006], [-64.66277338099991, 51.70184118600008], [-64.64621717999995, 51.70592460000006], [-64.64002257899995, 51.70586904500004], [-64.63499463399995, 51.70789694100006], [-64.63174442799993, 51.70428554700004], [-64.63743900799994, 51.700535400000035], [-64.63824463299994, 51.69650750400007], [-64.64099463199994, 51.69492410600009], [-64.6339110049999, 51.691590560000066], [-64.63557779999991, 51.689729328000055], [-64.63329991699993, 51.68847926300003], [-64.63384379999991, 51.6875], [-64.63032752999993, 51.68600691700004], [-64.63118868399994, 51.68295122100005], [-64.63304982199992, 51.68195119600006], [-64.63229972499994, 51.67781209100008], [-64.62960511299991, 51.67508970200004], [-64.625, 51.67345860200004], [-64.61738240999995, 51.674756304000084], [-64.61516014699993, 51.67339508800006], [-64.6147156749999, 51.67131165600006], [-64.6171879979999, 51.66945042700007], [-64.6112153759999, 51.66336651800003], [-64.6136043109999, 51.662144184000056], [-64.61396547999993, 51.65931056800008], [-64.61235425599995, 51.65678240500006], [-64.60910404499992, 51.65522654300008], [-64.61135413199992, 51.65328195200004], [-64.6077149919999, 51.65139266500006], [-64.62371572399991, 51.64753175900006], [-64.62224337599991, 51.64430919400007], [-64.6160763279999, 51.64161404300006], [-64.62060426499994, 51.637558400000046], [-64.6209653489999, 51.63297453600006], [-64.61207583999993, 51.62838997300008], [-64.60496437199993, 51.62891717900004], [-64.60268646899993, 51.632139711000036], [-64.60146433199992, 51.63789047600005], [-64.59031901999992, 51.62506123600008], [-64.58968528999992, 51.618330739000044], [-64.58324023199992, 51.615857349000066], [-64.58151777799992, 51.61277349200009], [-64.58246218199992, 51.609995095000045], [-64.58068411699992, 51.607633787000054], [-64.57426688799995, 51.60727334300009], [-64.57087754199995, 51.60327314400007], [-64.57068306199994, 51.60055053100007], [-64.56773835199994, 51.60005077800008], [-64.56582138699991, 51.596856142000036], [-64.56004303799995, 51.59466226600006], [-64.5576259849999, 51.581355418000044], [-64.55243129399992, 51.57705036800007], [-64.54654187099993, 51.57855148200008], [-64.54684743599995, 51.58696893000007], [-64.54551401899994, 51.58974720200007], [-64.5424026259999, 51.59035889300009], [-64.5381245069999, 51.58816491300007], [-64.53301290799993, 51.59411063500005], [-64.52056746099993, 51.60430758100006], [-64.5147336679999, 51.60583611700008], [-64.50948307199991, 51.60911471700007], [-64.49999650199993, 51.61079176700008], [-64.49217617999994, 51.613949227000035], [-64.48800941299993, 51.614032562000034], [-64.46533152699993, 51.62503112300004], [-64.4633971849999, 51.627254823000044], [-64.45764694799993, 51.626115893000076], [-64.45436907699991, 51.628643673000056], [-64.44936878399994, 51.629810261000046], [-64.44984102299992, 51.63483809400009], [-64.44753528399991, 51.639004843000066], [-64.43895149799994, 51.65103266300008], [-64.43378461499992, 51.65339382800005], [-64.43322887999994, 51.65719936700003], [-64.43789568299991, 51.66336616700005], [-64.43603454399994, 51.66544948600006], [-64.43222875099991, 51.666532836000044], [-64.43000664899995, 51.67183751500005], [-64.4299511989999, 51.67592017900006], [-64.4273399679999, 51.67861414200007], [-64.42686776799991, 51.68191910300004], [-64.42208976899991, 51.678641877000075], [-64.4134784069999, 51.677252930000066], [-64.39864475099995, 51.667168434000075], [-64.39328374999991, 51.66544530200008], [-64.38358920099995, 51.66463807000008], [-64.38083927799994, 51.666831900000034], [-64.375, 51.66833834100004], [-64.37011695599995, 51.67146907800009], [-64.36006129599991, 51.67318984500008], [-64.34672802299991, 51.66857589600005], [-64.34617255899991, 51.66702002100004], [-64.34789472499995, 51.66365956000004], [-64.34220038799992, 51.66465843300006], [-64.33786699899991, 51.66857433700005], [-64.33803333799995, 51.671991829000035], [-64.32936613399994, 51.677826304000064], [-64.32536537699991, 51.68257808700008], [-64.32955995599991, 51.68635601800008], [-64.32888268699992, 51.6875], [-64.32678180099992, 51.68896813100008], [-64.33089294399991, 51.69335739200005], [-64.32769781799993, 51.701998744000036], [-64.32522522699992, 51.70391616300009], [-64.31633577999992, 51.704333973000075], [-64.30952980899991, 51.701667687000054], [-64.29777904999992, 51.70264148500007], [-64.29847341899995, 51.70450280600005], [-64.30644607899995, 51.70647440300007], [-64.30844606599993, 51.70908575800007], [-64.31397412399991, 51.71161336900008], [-64.30625135199995, 51.712669917000085], [-64.3018066429999, 51.71175356500004], [-64.29788971799991, 51.713615288000085], [-64.29644508599995, 51.715504648000035], [-64.29963958499991, 51.71875479300007], [-64.30025044199994, 51.72381107800004], [-64.2938890179999, 51.723839284000064], [-64.28616618399991, 51.72789583700006], [-64.28599937399991, 51.730729488000065], [-64.27855433499991, 51.73742485000008], [-64.27824854599993, 51.74742578900003], [-64.2917768449999, 51.74486988800004], [-64.29716607299991, 51.74514762300004], [-64.29898568599992, 51.750039677000075], [-64.30077703899991, 51.752704003000076], [-64.30011028199993, 51.75453736500003], [-64.3049716029999, 51.753815114000076], [-64.3075550609999, 51.75592631100005], [-64.30566598799993, 51.75939848400009], [-64.30833275799995, 51.76309305800004], [-64.3047491609999, 51.76700971000008], [-64.30630468699991, 51.77248195300007], [-64.30519348399991, 51.77528753200005], [-64.31177704099991, 51.77762100500007], [-64.30572119099992, 51.78109316200005], [-64.31013789499991, 51.79142666200005], [-64.30655440799995, 51.79475999300007], [-64.30105419199992, 51.79581551400008], [-64.29694292699992, 51.79845445600006], [-64.30374872599992, 51.79973232300006], [-64.30538762999993, 51.80142678700008], [-64.30402650499991, 51.80367679500006], [-64.30505418599995, 51.805760167000074], [-64.31574905899993, 51.80731580300005], [-64.31741572899995, 51.811038050000036], [-64.32016503699992, 51.8125], [-64.33738893299994, 51.81853712100008], [-64.33944450699994, 51.82278667300005], [-64.34302817199995, 51.82598037400004], [-64.34169469799991, 51.837507722000055], [-64.34263941299992, 51.84159004500003], [-64.34655648299992, 51.84467207600005], [-64.35755752499995, 51.84814163100003], [-64.35658534299995, 51.854335321000065], [-64.35955785199991, 51.85761215600007], [-64.35680774099995, 51.859723382000084], [-64.36111372099992, 51.864722003000054], [-64.35491889699995, 51.869805417000066], [-64.35514709199992, 51.875063744000045], [-64.35414134799993, 51.881609179000066], [-64.35547480899993, 51.88549733900004], [-64.35403039199991, 51.88671951200007], [-64.3536693289999, 51.89033007900008], [-64.3478356839999, 51.889775016000044], [-64.34544662299993, 51.89096934200006], [-64.35011379699995, 51.896218151000085], [-64.34778050199992, 51.903355919000035], [-64.34530828299995, 51.905577867000034], [-64.34722511099994, 51.90974371300007], [-64.3460306959999, 51.91185443200004], [-64.34972542299994, 51.91721467600007], [-64.36178118599992, 51.927964907000046], [-64.36300345699993, 51.931214914000066], [-64.35953116199994, 51.93313163800008], [-64.34322495499993, 51.93468707400007], [-64.34564618399992, 51.9375], [-64.34716933499993, 51.94029830300008], [-64.3531973499999, 51.94185385800006], [-64.35483635299994, 51.945242793000034], [-64.34769712799994, 51.94810393400007], [-64.3456970119999, 51.95165954600009], [-64.3523082989999, 51.95682625200004], [-64.3504192119999, 51.95827072000009], [-64.35055806899993, 51.961270751000086], [-64.34450221999992, 51.965604092000035], [-64.34619679499991, 51.96927085500005], [-64.34561329899992, 51.97099306100006], [-64.34803015699993, 51.97260421300007], [-64.35950271999991, 51.974770979000084], [-64.36108611299994, 51.97602097400005], [-64.36080825599993, 51.978326595000055], [-64.36397502999995, 51.980965483000034], [-64.35964157099994, 51.98282663900005], [-64.34589091999993, 51.98432658300004], [-64.34133516699995, 51.987159846000054], [-64.34625195299992, 51.989465480000035], [-64.34736317099993, 51.99354886500004], [-64.35961171499991, 52.00006637200005], [-64.31971694799995, 52.00005421600008], [-64.31883413799994, 51.997520988000076], [-64.31477854799994, 51.99599314500006], [-64.31333396899993, 51.991965373000085], [-64.30775054499992, 51.99168755300008]]]]}}, {"type": "Feature", "properties": {"Feuillet250K": "12M", "Nom_Feuillet250K": "LAC DE MORHIBAN", "Lien_GPKG": "https://diffusion.mffp.gouv.qc.ca/Diffusion/DonneeGratuite/Foret/DONNEES_FOR_ECO_SUD/Cartes_ecoforestieres_perturbations/02-Donnees/Decoupage250K/12M/CARTE_ECO_MAJ_12M_GPKG.zip"}, "geometry": {"type": "MultiPolygon", "coordinates": [[[[-63.125, 51.99999870500005], [-63.000000421999914, 51.99999867200006], [-62.875, 51.999998703000074], [-62.749999862999914, 51.99999873300004], [-62.625, 51.999998721000054], [-62.49999962499993, 51.99999870800008], [-62.375, 51.99999709800005], [-62.25000667599994, 51.99999548900007], [-62.125, 51.99999537200006], [-62.000006440999925, 51.999995255000044], [-62.00000588699993, 51.9375], [-62.00000533299993, 51.87499350200005], [-62.00000444299991, 51.8125], [-62.00000355299994, 51.74999135000007], [-62.000003223999954, 51.6875], [-62.00000289399992, 51.624991625000064], [-62.00000262099991, 51.5625], [-62.000002346999906, 51.499992139000085], [-62.00000213099992, 51.4375], [-62.00000191499993, 51.37499272900004], [-62.000001348999945, 51.3125], [-62.000000782999905, 51.249996053000075], [-61.99999976299995, 51.1875], [-61.999998742999935, 51.12499900500006], [-61.99999873699994, 51.0625], [-61.99999873099995, 50.99999901400008], [-62.125, 50.99999906800008], [-62.24999868099991, 50.99999912200008], [-62.375, 50.99999919000004], [-62.49999857799992, 50.99999925800006], [-62.625, 50.999999296000055], [-62.74999881699995, 50.99999933300006], [-62.875, 50.99999916100006], [-63.000001841999904, 50.99999898900006], [-63.125, 50.99999885100004], [-63.250002399999914, 50.99999871400007], [-63.375, 50.999998591000065], [-63.5000026699999, 50.99999846700007], [-63.625, 50.999998522000055], [-63.74999937299992, 50.99999857800003], [-63.875, 50.99999848600004], [-64.00000153299993, 50.999998395000034], [-64.0000044489999, 51.0625], [-64.00000736399994, 51.12499722200005], [-64.0000070669999, 51.1875], [-64.00000676899992, 51.24999787000007], [-64.00000574299992, 51.3125], [-64.00000471699991, 51.374998763000065], [-64.00000356499993, 51.4375], [-64.00000241399994, 51.49999927500005], [-64.00000158099994, 51.5625], [-64.00000074699994, 51.62499893000006], [-64.0000007669999, 51.6875], [-64.00000078599993, 51.74999898300007], [-64.00000074299993, 51.8125], [-64.00000069999993, 51.87499922500007], [-64.00000049399995, 51.9375], [-64.00000028799991, 51.99999905300007], [-63.875, 52.00000006200008], [-63.750004272999945, 52.00000107200003], [-63.625, 52.00000076400005], [-63.50000254999992, 52.000000456000066], [-63.375, 51.999999597000055], [-63.25000070199991, 51.999998739000034], [-63.125, 51.99999870500005]]]]}}, {"type": "Feature", "properties": {"Feuillet250K": "12N", "Nom_Feuillet250K": "RIVI\u00c8RE NATASHQUAN", "Lien_GPKG": "https://diffusion.mffp.gouv.qc.ca/Diffusion/DonneeGratuite/Foret/DONNEES_FOR_ECO_SUD/Cartes_ecoforestieres_perturbations/02-Donnees/Decoupage250K/12N/CARTE_ECO_MAJ_12N_GPKG.zip"}, "geometry": {"type": "MultiPolygon", "coordinates": [[[[-60.00002413199991, 51.999998418000075], [-60.00004421099993, 51.9375], [-60.0000642949999, 51.87498521400005], [-60.00006520499994, 51.8125], [-60.000066114999925, 51.74998564100008], [-60.0000664129999, 51.6875], [-60.00006671099993, 51.62498591700006], [-60.00006683999993, 51.5625], [-60.00006696999992, 51.499985922000064], [-60.000053615999946, 51.4375], [-60.00004025699991, 51.37498948800004], [-60.00001222499992, 51.3125], [-59.99998418699994, 51.24999705500005], [-59.999984286999904, 51.1875], [-59.99998438699993, 51.124997018000045], [-59.99998494199991, 51.0625], [-59.999985496999955, 50.99999781400004], [-60.125, 50.999998119000054], [-60.24998726599995, 50.99999842500006], [-60.375, 50.99999556200004], [-60.499997883999924, 50.999992700000064], [-60.625, 50.99999275300007], [-60.74999827499994, 50.99999280500003], [-60.875, 50.99999606800009], [-61.00000425799993, 50.99999933100008], [-61.125, 50.99999939300005], [-61.25000431399991, 50.99999945600007], [-61.375, 50.99999973200005], [-61.50000307999994, 51.000000008000086], [-61.625, 51.00000006300007], [-61.749999215999935, 51.00000011700007], [-61.875, 50.99999956500005], [-61.99999873099995, 50.99999901400008], [-61.99999873699994, 51.0625], [-61.999998742999935, 51.12499900500006], [-61.99999976299995, 51.1875], [-62.000000782999905, 51.249996053000075], [-62.000001348999945, 51.3125], [-62.00000191499993, 51.37499272900004], [-62.00000213099992, 51.4375], [-62.000002346999906, 51.499992139000085], [-62.00000262099991, 51.5625], [-62.00000289399992, 51.624991625000064], [-62.000003223999954, 51.6875], [-62.00000355299994, 51.74999135000007], [-62.00000444299991, 51.8125], [-62.00000533299993, 51.87499350200005], [-62.00000588699993, 51.9375], [-62.000006440999925, 51.999995255000044], [-61.875, 51.999995228000046], [-61.75000557599992, 51.99999520000006], [-61.625, 51.99999286600007], [-61.500013690999936, 51.99999053300007], [-61.375, 51.99999060400006], [-61.25001712199992, 51.99999067500005], [-61.125, 51.99999055600006], [-61.00002250099993, 51.999990437000065], [-60.875, 51.999987770000075], [-60.750043726999934, 51.999985105000064], [-60.625, 51.99998461100006], [-60.50006172399992, 51.999984117000054], [-60.375, 51.999984192000056], [-60.25006386599995, 51.99998426700006], [-60.125, 51.99999134500007], [-60.00002413199991, 51.999998418000075]]]]}}, {"type": "Feature", "properties": {"Feuillet250K": "32L", "Nom_Feuillet250K": "RIVI\u00c8RE HARRICANA", "Lien_GPKG": "https://diffusion.mffp.gouv.qc.ca/Diffusion/DonneeGratuite/Foret/DONNEES_FOR_ECO_SUD/Cartes_ecoforestieres_perturbations/02-Donnees/Decoupage250K/32L/CARTE_ECO_MAJ_32L_GPKG.zip"}, "geometry": {"type": "MultiPolygon", "coordinates": [[[[-79.51775943299992, 51.000018846000046], [-79.50000023699994, 51.00000066100006], [-79.375, 51.00000083100008], [-79.24999982499992, 51.000001], [-79.125, 51.00000099300007], [-79.00000018599991, 51.00000098600003], [-78.875, 51.00000100400007], [-78.75000033799995, 51.00000102200005], [-78.625, 51.00000178500005], [-78.49999620099993, 51.000002547000065], [-78.375, 51.000002315000074], [-78.24999562499994, 51.00000208300008], [-78.125, 51.00000183900005], [-77.99999645799994, 51.00000159500007], [-77.99999646099991, 50.9375], [-77.99999646399993, 50.875001757000064], [-77.99999657599994, 50.8125], [-77.99999668899994, 50.75000175900004], [-77.99999694799993, 50.6875], [-77.99999720699992, 50.625001473000054], [-77.99999722399991, 50.5625], [-77.99999724199995, 50.500001600000076], [-77.99999731999992, 50.4375], [-77.99999739899994, 50.37500132200006], [-77.99999735199992, 50.3125], [-77.9999973059999, 50.250001016000056], [-77.99999699199992, 50.1875], [-77.99999667799995, 50.12500182100007], [-77.99999666399992, 50.0625], [-77.99999664899991, 50.00000265300008], [-78.125, 50.00000281900009], [-78.24999708599995, 50.000002986000084], [-78.375, 50.000002615000085], [-78.49999883299995, 50.000002244000086], [-78.625, 50.00000161500009], [-78.75000035799991, 50.00000098600003], [-78.875, 50.00000092200008], [-79.00000023599995, 50.00000085800008], [-79.125, 50.00000084700008], [-79.25000067999991, 50.00000083600008], [-79.375, 50.000000868000086], [-79.50000031399992, 50.00000090000003], [-79.5177758769999, 50.00001949600005], [-79.51777824399994, 50.0625], [-79.51777757799994, 50.12501933900006], [-79.5177804249999, 50.1875], [-79.5177906159999, 50.25001954800007], [-79.51778338999992, 50.3125], [-79.51777615899994, 50.375019372000054], [-79.51776889299992, 50.4375], [-79.5177616229999, 50.50001930700006], [-79.51776825499991, 50.5625], [-79.51777489499995, 50.62501942000006], [-79.51778156699993, 50.6875], [-79.5177881919999, 50.75001924700007], [-79.51778102399993, 50.8125], [-79.5177738509999, 50.87501904700008], [-79.51776664399995, 50.9375], [-79.51775943299992, 51.000018846000046]]]]}}, {"type": "Feature", "properties": {"Feuillet250K": "32K", "Nom_Feuillet250K": "LAC EVANS", "Lien_GPKG": "https://diffusion.mffp.gouv.qc.ca/Diffusion/DonneeGratuite/Foret/DONNEES_FOR_ECO_SUD/Cartes_ecoforestieres_perturbations/02-Donnees/Decoupage250K/32K/CARTE_ECO_MAJ_32K_GPKG.zip"}, "geometry": {"type": "MultiPolygon", "coordinates": [[[[-77.125, 51.00000111500003], [-76.99999652999992, 51.00000055800007], [-76.875, 51.000000972000066], [-76.74999726099992, 51.000001386000065], [-76.625, 51.00000101000006], [-76.49999784399995, 51.00000063300007], [-76.375, 51.000000285000056], [-76.24999728699993, 50.99999993600005], [-76.125, 51.000000311000065], [-75.99999869399994, 51.00000068600008], [-75.9999978919999, 50.9375], [-75.99999708999991, 50.87500070700008], [-75.99999620799991, 50.8125], [-75.99999532699991, 50.75000051100005], [-75.99999540499994, 50.6875], [-75.99999548199992, 50.624999839000054], [-75.99999563999995, 50.5625], [-75.99999579699994, 50.499999105000086], [-75.9999969889999, 50.4375], [-75.99999818099991, 50.37499998800007], [-76.00000108599994, 50.3125], [-76.00000399099991, 50.250002142000085], [-76.00000347299994, 50.1875], [-76.0000029549999, 50.125002074000065], [-76.00000038699994, 50.0625], [-75.99999781899993, 50.00000097000009], [-76.125, 50.00000059300004], [-76.24999808599995, 50.000000217000036], [-76.375, 50.000000604000036], [-76.49999955299995, 50.00000099200008], [-76.625, 50.00000117500008], [-76.74999821199992, 50.000001359000066], [-76.875, 50.000002324000036], [-77.00000017499991, 50.00000328900006], [-77.125, 50.000003536000065], [-77.25000142499994, 50.00000378300007], [-77.375, 50.000003485000036], [-77.49999508399992, 50.00000318600007], [-77.625, 50.000002804000076], [-77.74999649099993, 50.00000242200008], [-77.875, 50.00000253800005], [-77.99999664899991, 50.00000265300008], [-77.99999666399992, 50.0625], [-77.99999667799995, 50.12500182100007], [-77.99999699199992, 50.1875], [-77.9999973059999, 50.250001016000056], [-77.99999735199992, 50.3125], [-77.99999739899994, 50.37500132200006], [-77.99999731999992, 50.4375], [-77.99999724199995, 50.500001600000076], [-77.99999722399991, 50.5625], [-77.99999720699992, 50.625001473000054], [-77.99999694799993, 50.6875], [-77.99999668899994, 50.75000175900004], [-77.99999657599994, 50.8125], [-77.99999646399993, 50.875001757000064], [-77.99999646099991, 50.9375], [-77.99999645799994, 51.00000159500007], [-77.875, 51.000000861000046], [-77.74999597699991, 51.00000012700008], [-77.625, 51.00000037800004], [-77.49999571699993, 51.000000628000066], [-77.375, 51.00000115000006], [-77.2499958169999, 51.00000167200005], [-77.125, 51.00000111500003]]]]}}, {"type": "Feature", "properties": {"Feuillet250K": "32J", "Nom_Feuillet250K": "LAC ASSINICA", "Lien_GPKG": "https://diffusion.mffp.gouv.qc.ca/Diffusion/DonneeGratuite/Foret/DONNEES_FOR_ECO_SUD/Cartes_ecoforestieres_perturbations/02-Donnees/Decoupage250K/32J/CARTE_ECO_MAJ_32J_GPKG.zip"}, "geometry": {"type": "MultiPolygon", "coordinates": [[[[-74.375, 50.99999843300009], [-74.24999916399992, 50.999997947000054], [-74.125, 50.99999816400003], [-73.9999997029999, 50.99999838100007], [-73.9999986869999, 50.9375], [-73.99999767199995, 50.87499833600003], [-73.99999757099994, 50.8125], [-73.99999746999993, 50.74999735500006], [-73.99999773799993, 50.6875], [-73.99999800499995, 50.62499754400005], [-73.99999734599993, 50.5625], [-73.99999668599992, 50.500000484000054], [-73.99999681699995, 50.4375], [-73.99999694699994, 50.375000568000075], [-73.99999806799991, 50.3125], [-73.99999918899994, 50.250000545000034], [-73.99999932199995, 50.1875], [-73.99999945499991, 50.12500125000008], [-73.99999883599992, 50.0625], [-73.99999821599994, 50.00000065000006], [-74.125, 50.000000603000046], [-74.24999752199994, 50.00000055500004], [-74.375, 50.000000465000085], [-74.49999595899993, 50.00000037500007], [-74.625, 50.000000114000045], [-74.74999767799994, 49.99999985300008], [-74.875, 49.99999943900008], [-74.99999706299991, 49.99999902500008], [-75.125, 49.99999880900003], [-75.24999731199995, 49.999998592000054], [-75.375, 49.99999867200006], [-75.49999742699993, 49.99999875300006], [-75.625, 49.99999935000005], [-75.74999692699993, 49.99999994700005], [-75.875, 50.000000459000034], [-75.99999781899993, 50.00000097000009], [-76.00000038699994, 50.0625], [-76.0000029549999, 50.125002074000065], [-76.00000347299994, 50.1875], [-76.00000399099991, 50.250002142000085], [-76.00000108599994, 50.3125], [-75.99999818099991, 50.37499998800007], [-75.9999969889999, 50.4375], [-75.99999579699994, 50.499999105000086], [-75.99999563999995, 50.5625], [-75.99999548199992, 50.624999839000054], [-75.99999540499994, 50.6875], [-75.99999532699991, 50.75000051100005], [-75.99999620799991, 50.8125], [-75.99999708999991, 50.87500070700008], [-75.9999978919999, 50.9375], [-75.99999869399994, 51.00000068600008], [-75.875, 51.000000715000056], [-75.74999551099995, 51.00000074400003], [-75.625, 51.000001033000046], [-75.49999653599991, 51.00000132300005], [-75.375, 51.00000141800007], [-75.24999695199995, 51.000001513000086], [-75.125, 51.00000150400007], [-74.99999733999994, 51.00000149400006], [-74.875, 51.00000025400004], [-74.74999751099995, 50.99999901400008], [-74.625, 50.99999896700007], [-74.49999732799995, 50.99999891900006], [-74.375, 50.99999843300009]]]]}}, {"type": "Feature", "properties": {"Feuillet250K": "32I", "Nom_Feuillet250K": "BAIE ABATAGOUCHE", "Lien_GPKG": "https://diffusion.mffp.gouv.qc.ca/Diffusion/DonneeGratuite/Foret/DONNEES_FOR_ECO_SUD/Cartes_ecoforestieres_perturbations/02-Donnees/Decoupage250K/32I/CARTE_ECO_MAJ_32I_GPKG.zip"}, "geometry": {"type": "MultiPolygon", "coordinates": [[[[-72.625, 50.999999168000045], [-72.50000072799992, 50.99999868100008], [-72.375, 50.99999903300005], [-72.25000032199995, 50.99999938600007], [-72.125, 50.99999898100003], [-71.99999915199993, 50.99999857500006], [-72.00000003499991, 50.9375], [-72.0000009179999, 50.87500004000003], [-72.00000182299993, 50.8125], [-72.00000272799991, 50.749999664000086], [-72.00000333799994, 50.6875], [-72.00000394799991, 50.624998718000086], [-72.00000399299995, 50.5625], [-72.00000403899992, 50.49999870000005], [-72.0000040999999, 50.4375], [-72.00000416199993, 50.37499881500008], [-72.00000450399995, 50.3125], [-72.0000048469999, 50.249999578000086], [-72.00000487099993, 50.1875], [-72.00000489599995, 50.12499961100008], [-72.00000491899993, 50.0625], [-72.00000494099993, 49.99999964500006], [-72.125, 49.99999949000005], [-72.2500048469999, 49.99999933600009], [-72.375, 49.99999849400007], [-72.50000476399993, 49.99999765300004], [-72.625, 49.99999870900007], [-72.75000667799992, 49.99999976400005], [-72.875, 49.99999979900008], [-73.00000638299991, 49.99999983300006], [-73.125, 50.00000090000003], [-73.25000239999991, 50.00000196700006], [-73.375, 50.000002445000064], [-73.50000098899994, 50.00000292200008], [-73.625, 50.00000227400005], [-73.74999740499993, 50.00000162500004], [-73.875, 50.00000113700008], [-73.99999821599994, 50.00000065000006], [-73.99999883599992, 50.0625], [-73.99999945499991, 50.12500125000008], [-73.99999932199995, 50.1875], [-73.99999918899994, 50.250000545000034], [-73.99999806799991, 50.3125], [-73.99999694699994, 50.375000568000075], [-73.99999681699995, 50.4375], [-73.99999668599992, 50.500000484000054], [-73.99999734599993, 50.5625], [-73.99999800499995, 50.62499754400005], [-73.99999773799993, 50.6875], [-73.99999746999993, 50.74999735500006], [-73.99999757099994, 50.8125], [-73.99999767199995, 50.87499833600003], [-73.9999986869999, 50.9375], [-73.9999997029999, 50.99999838100007], [-73.875, 50.99999880300004], [-73.74999741099992, 50.99999922500007], [-73.625, 50.99999898700008], [-73.4999959079999, 50.99999875000003], [-73.375, 51.00000038300004], [-73.24999925899994, 51.00000201600005], [-73.125, 51.000002006000045], [-72.99999938699995, 51.00000199500005], [-72.875, 51.000000825000086], [-72.74999918599991, 50.99999965600006], [-72.625, 50.999999168000045]]]]}}, {"type": "Feature", "properties": {"Feuillet250K": "22L", "Nom_Feuillet250K": "LAC P\u00c9RIBONCA", "Lien_GPKG": "https://diffusion.mffp.gouv.qc.ca/Diffusion/DonneeGratuite/Foret/DONNEES_FOR_ECO_SUD/Cartes_ecoforestieres_perturbations/02-Donnees/Decoupage250K/22L/CARTE_ECO_MAJ_22L_GPKG.zip"}, "geometry": {"type": "MultiPolygon", "coordinates": [[[[-70.125, 51.00000008300003], [-70.00000023399991, 50.99999753900005], [-69.99999960299994, 50.9375], [-69.99999897299995, 50.87499953300005], [-69.9999987349999, 50.8125], [-69.99999849799991, 50.75000062200007], [-69.99999859199994, 50.6875], [-69.99999868599991, 50.62500190700007], [-69.99999871999995, 50.5625], [-69.99999875499992, 50.500002136000035], [-69.9999987779999, 50.4375], [-69.99999880199994, 50.375002152000036], [-69.99999868399993, 50.3125], [-69.99999856699992, 50.250002072000086], [-69.99999859399992, 50.1875], [-69.99999861999993, 50.12500208900008], [-69.99999864799992, 50.0625], [-69.99999867499992, 50.00000210600007], [-70.125, 50.00000213100009], [-70.24999861899994, 50.00000215600005], [-70.375, 50.000002179000035], [-70.49999856099993, 50.000002203000065], [-70.625, 50.00000206300007], [-70.74999909499991, 50.00000192200008], [-70.875, 50.00000193800008], [-70.99999901899992, 50.00000195300004], [-71.125, 50.00000202800004], [-71.2499988859999, 50.00000210300004], [-71.375, 50.00000105000004], [-71.50000570299994, 49.99999999700003], [-71.625, 49.99999997700007], [-71.75000586699991, 49.999999958000046], [-71.875, 49.99999980100006], [-72.00000494099993, 49.99999964500006], [-72.00000491899993, 50.0625], [-72.00000489599995, 50.12499961100008], [-72.00000487099993, 50.1875], [-72.0000048469999, 50.249999578000086], [-72.00000450399995, 50.3125], [-72.00000416199993, 50.37499881500008], [-72.0000040999999, 50.4375], [-72.00000403899992, 50.49999870000005], [-72.00000399299995, 50.5625], [-72.00000394799991, 50.624998718000086], [-72.00000333799994, 50.6875], [-72.00000272799991, 50.749999664000086], [-72.00000182299993, 50.8125], [-72.0000009179999, 50.87500004000003], [-72.00000003499991, 50.9375], [-71.99999915199993, 50.99999857500006], [-71.875, 50.99999769700008], [-71.749998, 50.999996819000046], [-71.625, 50.99999677200009], [-71.49999803599991, 50.999996725000074], [-71.375, 50.99999834700009], [-71.24999852999991, 50.99999997000003], [-71.125, 51.00000097600008], [-70.9999988109999, 51.00000198300006], [-70.875, 51.00000070100003], [-70.74999817399993, 50.99999942000005], [-70.625, 51.00000037400008], [-70.49999860299994, 51.00000132800005], [-70.375, 51.00000197800006], [-70.25000010899993, 51.00000262700007], [-70.125, 51.00000008300003]]]]}}, {"type": "Feature", "properties": {"Feuillet250K": "22K", "Nom_Feuillet250K": "LAC BERT\u00c9", "Lien_GPKG": "https://diffusion.mffp.gouv.qc.ca/Diffusion/DonneeGratuite/Foret/DONNEES_FOR_ECO_SUD/Cartes_ecoforestieres_perturbations/02-Donnees/Decoupage250K/22K/CARTE_ECO_MAJ_22K_GPKG.zip"}, "geometry": {"type": "MultiPolygon", "coordinates": [[[[-67.9999931669999, 50.99999747500004], [-67.9999958329999, 50.9375], [-67.9999984989999, 50.87499924500008], [-67.99999895899992, 50.8125], [-67.99999941999994, 50.74999818900005], [-67.99999965399991, 50.6875], [-67.99999988899992, 50.624997730000075], [-67.99999998899995, 50.5625], [-68.00000008899991, 50.49999771700004], [-67.99999980699994, 50.4375], [-67.99999952499991, 50.37499771500006], [-67.99999884999994, 50.3125], [-67.99999817499992, 50.249997842000084], [-67.99999761399994, 50.1875], [-67.9999970529999, 50.12499840700008], [-67.99999790699991, 50.0625], [-67.99999876099992, 49.99999828300008], [-68.125, 49.99999805400006], [-68.25000068499992, 49.99999782500004], [-68.375, 49.99999737100006], [-68.5000034759999, 49.99999691700003], [-68.625, 49.99999700500007], [-68.75000336699992, 49.99999709400004], [-68.875, 49.999997687000075], [-69.0000020139999, 49.999998281000046], [-69.125, 49.99999939700007], [-69.24999709499991, 50.00000051400008], [-69.375, 50.00000096100007], [-69.49999455199992, 50.00000140800006], [-69.625, 50.00000170800007], [-69.74999853499992, 50.00000200800008], [-69.875, 50.000002057000074], [-69.99999867499992, 50.00000210600007], [-69.99999864799992, 50.0625], [-69.99999861999993, 50.12500208900008], [-69.99999859399992, 50.1875], [-69.99999856699992, 50.250002072000086], [-69.99999868399993, 50.3125], [-69.99999880199994, 50.375002152000036], [-69.9999987779999, 50.4375], [-69.99999875499992, 50.500002136000035], [-69.99999871999995, 50.5625], [-69.99999868599991, 50.62500190700007], [-69.99999859199994, 50.6875], [-69.99999849799991, 50.75000062200007], [-69.9999987349999, 50.8125], [-69.99999897299995, 50.87499953300005], [-69.99999960299994, 50.9375], [-70.00000023399991, 50.99999753900005], [-69.875, 50.999997560000054], [-69.75000022799992, 50.99999758100006], [-69.625, 50.99999739900005], [-69.49999955899995, 50.99999721700004], [-69.375, 50.99999741400006], [-69.24999993299991, 50.99999761100008], [-69.125, 50.99999738300005], [-69.00000236399995, 50.99999715600006], [-68.875, 50.999997560000054], [-68.75000277499993, 50.999997964000045], [-68.625, 50.999998153000035], [-68.49999976899994, 50.99999834100004], [-68.375, 50.99999834200008], [-68.24999612699992, 50.99999834200008], [-68.125, 50.99999790900006], [-67.9999931669999, 50.99999747500004]]]]}}, {"type": "Feature", "properties": {"Feuillet250K": "22J", "Nom_Feuillet250K": "SEPT-\u00ceLES", "Lien_GPKG": "https://diffusion.mffp.gouv.qc.ca/Diffusion/DonneeGratuite/Foret/DONNEES_FOR_ECO_SUD/Cartes_ecoforestieres_perturbations/02-Donnees/Decoupage250K/22J/CARTE_ECO_MAJ_22J_GPKG.zip"}, "geometry": {"type": "MultiPolygon", "coordinates": [[[[-66.375, 50.08798259900004], [-66.39969686599994, 50.08754033900004], [-66.3947588549999, 50.09139577700006], [-66.38898327699991, 50.09275229100007], [-66.3868006049999, 50.09526696900008], [-66.375, 50.08989893800003], [-66.37341176199993, 50.08805247200007], [-66.375, 50.08798259900004]]], [[[-66.38264902899994, 50.10489296600008], [-66.3884565269999, 50.09558862100005], [-66.39334438399993, 50.09577018200008], [-66.40087219599991, 50.09847612000004], [-66.42089845399994, 50.10801515700007], [-66.41657991099993, 50.11290229200006], [-66.40145886399995, 50.107661971000084], [-66.38264902899994, 50.10489296600008]]], [[[-66.3516529609999, 50.13596184600004], [-66.34559522099994, 50.12667644700008], [-66.36466057299992, 50.134291450000035], [-66.3664899659999, 50.138562221000086], [-66.3649589979999, 50.141775228000085], [-66.35706712299992, 50.141230299000085], [-66.3516529609999, 50.13596184600004]]], [[[-66.30165449299994, 50.12504444600006], [-66.3043077449999, 50.123839961000044], [-66.30561516799992, 50.12504698500004], [-66.3091341679999, 50.12829536900006], [-66.30514584999992, 50.13343348300003], [-66.30626741199995, 50.137266424000074], [-66.30301377299992, 50.14151290600006], [-66.2923565289999, 50.148029224000084], [-66.29148831599991, 50.15693976500006], [-66.28476397399993, 50.15719334500005], [-66.28186554899992, 50.15394399300004], [-66.28302940399993, 50.150548471000036], [-66.27273622099995, 50.13828361900005], [-66.27585085499993, 50.13574485600009], [-66.28646468699992, 50.132583442000055], [-66.30165449299994, 50.12504444600006]]], [[[-66.2901574739999, 50.16197911800003], [-66.3011252359999, 50.159413433000054], [-66.31024344499991, 50.16139542800005], [-66.30989310399991, 50.16704738300007], [-66.30446975799993, 50.17234165600007], [-66.29948162599993, 50.17194852300008], [-66.29172434199995, 50.166455201000076], [-66.2901574739999, 50.16197911800003]]], [[[-66.35336491999993, 50.150958493000076], [-66.35926882699994, 50.145720683000036], [-66.375, 50.15147999100009], [-66.37744167299991, 50.153612380000084], [-66.375, 50.15966754500005], [-66.37254248899995, 50.16853563400008], [-66.37363465499993, 50.17209789900005], [-66.36765416499992, 50.17694903000006], [-66.36061926099995, 50.17367930700004], [-66.35902688499993, 50.167648442000086], [-66.35277857499995, 50.15615875200007], [-66.35336491999993, 50.150958493000076]]], [[[-66.375, 50.99999806800008], [-66.24999967199994, 50.99999708900003], [-66.125, 50.99999778500006], [-65.99999942799991, 50.999998481000034], [-65.99999975399993, 50.9375], [-66.00000007999995, 50.87499801600006], [-66.00000077299995, 50.8125], [-66.0000014659999, 50.749996500000066], [-66.00000067399992, 50.6875], [-65.99999988099995, 50.624996295000074], [-65.99999970599993, 50.5625], [-65.9999995309999, 50.499998008000034], [-65.9999992569999, 50.4375], [-65.99999898399994, 50.374999055000046], [-65.99999892699992, 50.3125], [-65.99999888499991, 50.26723655900008], [-66.01844778199995, 50.25001800400008], [-66.05723798499992, 50.204600723000055], [-66.08010781999991, 50.19211453300005], [-66.10006293399994, 50.1875], [-66.125, 50.186799086000065], [-66.13775119299993, 50.1875], [-66.15671389199991, 50.19132621600005], [-66.22016616799993, 50.21201270200004], [-66.2499989129999, 50.21276030900003], [-66.26351534799994, 50.21156504900006], [-66.28308069399992, 50.20639480700004], [-66.31973588599993, 50.20276282400005], [-66.35762998999991, 50.1875], [-66.35930286899992, 50.18663199300005], [-66.36652720399991, 50.1875], [-66.375, 50.19340662600007], [-66.37828121299992, 50.197264705000066], [-66.38824785599991, 50.202971163000086], [-66.39487505699992, 50.210200453000084], [-66.40756097299993, 50.21729769400008], [-66.40931694499994, 50.22018243900004], [-66.40496867599995, 50.22524854400007], [-66.39829391399991, 50.22783795200007], [-66.39511311899992, 50.230828812000084], [-66.39926993899991, 50.24327623100004], [-66.404329, 50.25006452300005], [-66.4087140659999, 50.26132983000008], [-66.41353933699992, 50.264396100000056], [-66.43356571499993, 50.26708111500005], [-66.45909991099995, 50.266890043000046], [-66.46269626899993, 50.265357744000084], [-66.47131574799994, 50.25656898700004], [-66.4904643129999, 50.250008534000074], [-66.49999858399991, 50.24627574200008], [-66.52089484599992, 50.23521155000009], [-66.5299688579999, 50.228787037000075], [-66.53370569899994, 50.21864906700006], [-66.5377796059999, 50.213279139000065], [-66.5388349609999, 50.20817185000004], [-66.5342372099999, 50.1875], [-66.5272152359999, 50.173278871000036], [-66.51906800899991, 50.16297817600008], [-66.51523190099994, 50.16030226600009], [-66.49999906799991, 50.16042067400008], [-66.48404928299993, 50.16355829000008], [-66.47793224899993, 50.161607461000074], [-66.48061537099994, 50.15983277400005], [-66.45064297399995, 50.16014127800008], [-66.43586512199994, 50.16445758600008], [-66.42826671099994, 50.16060225700005], [-66.42434081899995, 50.15342686100007], [-66.42769244399994, 50.150607594000064], [-66.43569068099993, 50.15150833600006], [-66.44207273799992, 50.15019998400004], [-66.44815473799991, 50.146604756000045], [-66.45674792999995, 50.13429208400004], [-66.45399205899992, 50.13044598500005], [-66.45396590899992, 50.126516482000056], [-66.4616699419999, 50.125983182000084], [-66.46685821499995, 50.12730620100007], [-66.47385471099994, 50.129777990000036], [-66.47827621599993, 50.13299091600004], [-66.48287596799992, 50.133759642000086], [-66.48586629199991, 50.13722049100005], [-66.49820661299992, 50.140492545000086], [-66.4999991709999, 50.14219103700003], [-66.50309097099995, 50.14512023200007], [-66.50903173199993, 50.146753526000055], [-66.51517152699995, 50.144162281000035], [-66.52391574499995, 50.14487451500008], [-66.52837847299992, 50.15043264500008], [-66.5357033759999, 50.15150073600006], [-66.56067552799993, 50.150401661000046], [-66.58104374399994, 50.14632964100008], [-66.59988901799994, 50.140471036000065], [-66.60654052099994, 50.14090007300007], [-66.61471006699992, 50.134875417000046], [-66.625, 50.13095546100004], [-66.65992359699993, 50.125063468000064], [-66.6732896279999, 50.121370755000044], [-66.70374824699991, 50.10619939400004], [-66.72424445199994, 50.077556865000076], [-66.72768847999993, 50.0625], [-66.72846048899993, 50.050781579000045], [-66.73120756999992, 50.047526911000034], [-66.74049981599995, 50.041797590000044], [-66.74136438999994, 50.04097603900004], [-66.74019253699993, 50.04003329400007], [-66.75000021799991, 50.040272498000036], [-66.7533598199999, 50.039903018000075], [-66.75559817399994, 50.03689619800008], [-66.76282671799993, 50.03707725900006], [-66.7660440009999, 50.03482285300004], [-66.77128469199994, 50.03443323800008], [-66.77191652499994, 50.03234214100007], [-66.78138740599991, 50.03375896400007], [-66.78920495199992, 50.03089380500006], [-66.7921263209999, 50.027773653000054], [-66.79970191299992, 50.027037404000055], [-66.80568639599994, 50.02919535400008], [-66.81291063299994, 50.02569567900008], [-66.81598190699992, 50.02073263200003], [-66.8252613109999, 50.02079586200006], [-66.83852254999994, 50.02459476000007], [-66.86045007599995, 50.021300892000056], [-66.875, 50.016286447000084], [-66.88360569199995, 50.01667877700004], [-66.8897884939999, 50.01879743100005], [-66.89586172299994, 50.009657996000044], [-66.9007700599999, 50.00764234400003], [-66.90709731599992, 50.00818736300005], [-66.92817527099993, 50.00005732000005], [-67.00000084999994, 49.99999974500008], [-67.125, 49.99999931800005], [-67.24999948899995, 49.999998891000075], [-67.375, 49.999998547000075], [-67.49999876999993, 49.999998203000075], [-67.625, 49.99999832600008], [-67.7499965639999, 49.99999845000008], [-67.875, 49.999998367000046], [-67.99999876099992, 49.99999828300008], [-67.99999790699991, 50.0625], [-67.9999970529999, 50.12499840700008], [-67.99999761399994, 50.1875], [-67.99999817499992, 50.249997842000084], [-67.99999884999994, 50.3125], [-67.99999952499991, 50.37499771500006], [-67.99999980699994, 50.4375], [-68.00000008899991, 50.49999771700004], [-67.99999998899995, 50.5625], [-67.99999988899992, 50.624997730000075], [-67.99999965399991, 50.6875], [-67.99999941999994, 50.74999818900005], [-67.99999895899992, 50.8125], [-67.9999984989999, 50.87499924500008], [-67.9999958329999, 50.9375], [-67.9999931669999, 50.99999747500004], [-67.875, 50.99999808900009], [-67.74999754699991, 50.999998703000074], [-67.625, 50.999998909000055], [-67.50000008599994, 50.99999911400005], [-67.375, 50.99999911400005], [-67.24999940299995, 50.99999911400005], [-67.125, 50.99999925800006], [-66.9999994559999, 50.99999940300006], [-66.875, 50.99999931600007], [-66.74999940299995, 50.99999923000007], [-66.625, 50.99999913900007], [-66.49999939799994, 50.999999047000074], [-66.375, 50.99999806800008]]]]}}, {"type": "Feature", "properties": {"Feuillet250K": "22I", "Nom_Feuillet250K": "LAC MANITOU", "Lien_GPKG": "https://diffusion.mffp.gouv.qc.ca/Diffusion/DonneeGratuite/Foret/DONNEES_FOR_ECO_SUD/Cartes_ecoforestieres_perturbations/02-Donnees/Decoupage250K/22I/CARTE_ECO_MAJ_22I_GPKG.zip"}, "geometry": {"type": "MultiPolygon", "coordinates": [[[[-63.99999717299994, 50.22073938400007], [-63.999997176999955, 50.21790166300008], [-64.00091620099994, 50.21865515400003], [-63.99999717299994, 50.22073938400007]]], [[[-64.12104674399995, 50.19773723000009], [-64.12440766499992, 50.196048878000056], [-64.125, 50.19690357800005], [-64.13223703799991, 50.20518184600007], [-64.1311072279999, 50.209997513000076], [-64.13415372399993, 50.21649863400006], [-64.13299081499991, 50.22013637100008], [-64.1291790329999, 50.22376564400008], [-64.125, 50.22201197700008], [-64.11884861599992, 50.21697092000005], [-64.11742680399993, 50.20902715700004], [-64.11805017599994, 50.20113508900005], [-64.12104674399995, 50.19773723000009]]], [[[-63.99999714099994, 50.24795401500006], [-63.99999715599995, 50.23501294000005], [-64.00870915599995, 50.236220864000074], [-64.01764319999995, 50.24410756600008], [-64.02324467299991, 50.24337538700007], [-64.02864532099994, 50.23882096400007], [-64.02541722299992, 50.24484077000005], [-64.00810305599992, 50.24879678100007], [-63.99999714099994, 50.24795401500006]]], [[[-63.99999701899992, 50.28280991400004], [-63.99999703499992, 50.27821306700008], [-64.01253879199993, 50.28130899200005], [-64.03546780999994, 50.28112413100007], [-64.02654200699993, 50.28414501200007], [-64.01301172399991, 50.28583345700008], [-63.99999701899992, 50.28280991400004]]], [[[-64.125, 50.99999884400006], [-64.00000153299993, 50.999998395000034], [-63.9999995849999, 50.9375], [-63.99999763699992, 50.87499919900006], [-63.99999767199995, 50.8125], [-63.99999770799991, 50.74999914500006], [-63.9999971119999, 50.6875], [-63.99999651599995, 50.625000174000036], [-63.99999608099995, 50.5625], [-63.999995646999935, 50.50000097800006], [-63.999996163999924, 50.4375], [-63.9999966819999, 50.375000330000034], [-63.999996909999936, 50.3125], [-63.999996978999945, 50.29374604600008], [-64.00423564399995, 50.29178430400003], [-64.01937069699994, 50.289806905000034], [-64.03140511399994, 50.28619669200003], [-64.04128152399994, 50.287926448000064], [-64.05704106799993, 50.28790656600006], [-64.07525699099995, 50.29098657800006], [-64.08974314099993, 50.290643009000064], [-64.125, 50.27428854000004], [-64.13373716199993, 50.270901937000076], [-64.15775450899991, 50.25704810000008], [-64.16531052099992, 50.25547870000008], [-64.20189309499995, 50.26532455100005], [-64.24999757799992, 50.267741353000076], [-64.27608120399992, 50.27100256400007], [-64.31441391099992, 50.279881207000074], [-64.34445234499992, 50.28469050000007], [-64.375, 50.297895022000034], [-64.40937824199995, 50.3125], [-64.42121232499994, 50.31660457300006], [-64.45531744699991, 50.31883445100004], [-64.45087462499993, 50.33764150500008], [-64.45977982799991, 50.322387512000034], [-64.46089466399991, 50.31583344200004], [-64.46547305099995, 50.31453126400004], [-64.48114240299992, 50.31587447000004], [-64.4896348499999, 50.3125], [-64.49999803399993, 50.30488845900004], [-64.50407069099992, 50.30017785200005], [-64.5143861759999, 50.29519613600007], [-64.52102460099991, 50.29443986600006], [-64.54380842499995, 50.28430073900006], [-64.56146051699994, 50.284077026000034], [-64.57100565699994, 50.286346275000085], [-64.58700311699994, 50.286389341000074], [-64.59292160099994, 50.28467643700009], [-64.60457141599994, 50.28606013400008], [-64.62001182599994, 50.282260103000056], [-64.625, 50.27822948900007], [-64.63387113099992, 50.27587039100007], [-64.67582954699992, 50.27470860200003], [-64.69527892799994, 50.279298839000035], [-64.71843335299991, 50.273988957000086], [-64.72479034399993, 50.27436345000007], [-64.7310339899999, 50.271582058000035], [-64.7422319069999, 50.26946438300007], [-64.74999855399994, 50.27176931200006], [-64.75964987199995, 50.27377842100009], [-64.79137263699994, 50.274278621000065], [-64.80655528199992, 50.27039145700007], [-64.82103311899994, 50.270487228000036], [-64.8377286079999, 50.266825579000056], [-64.875, 50.26180608000004], [-64.89999558699992, 50.263579976000074], [-64.92863000699992, 50.27218123000006], [-64.94579067399991, 50.26956318300006], [-64.95432803299991, 50.26601470300005], [-64.9614590619999, 50.26513245500007], [-64.98931564499992, 50.267841702000055], [-64.99999865899991, 50.272696762000066], [-65.00764474599993, 50.27531552600004], [-65.01836780799994, 50.27571778600009], [-65.02382510399991, 50.279532406000044], [-65.03138745399991, 50.28203355800008], [-65.0503803119999, 50.277872252000066], [-65.06927142299992, 50.28073925700005], [-65.08383485199994, 50.28525248800008], [-65.08903676099993, 50.283778743000084], [-65.11527232799995, 50.284514924000064], [-65.12109724999993, 50.29218027600007], [-65.12302184499993, 50.29124385700004], [-65.1240164109999, 50.28680596300006], [-65.125, 50.28681119200007], [-65.13972268299995, 50.28705327600005], [-65.15111694099994, 50.29009191000006], [-65.18292082999994, 50.28734696100008], [-65.18686724899993, 50.285606441000084], [-65.19820654599994, 50.28662676200008], [-65.20827026599994, 50.28959591900008], [-65.22678403499992, 50.28887919400006], [-65.23704656899992, 50.29366980600008], [-65.23901804199994, 50.298629333000065], [-65.24695003399995, 50.301401739000084], [-65.24999878199992, 50.30056611900005], [-65.25302991599995, 50.299735216000045], [-65.2683937459999, 50.30280851800006], [-65.27671601999992, 50.30095499300006], [-65.28638851499994, 50.300997822000056], [-65.29057540199994, 50.298685747000036], [-65.29781355999995, 50.29840250700005], [-65.30305950099995, 50.29651422300009], [-65.31784414099991, 50.295970639000075], [-65.32736615599993, 50.29792617000004], [-65.33399068799991, 50.301897900000085], [-65.34846555599995, 50.303591331000064], [-65.36820638499995, 50.30299605700009], [-65.375, 50.30079782200005], [-65.38991329799995, 50.30097071800009], [-65.40875447199994, 50.29818163300007], [-65.4310806599999, 50.292844019000086], [-65.4485497419999, 50.292621874000076], [-65.46752627699993, 50.28921968900005], [-65.47813091199993, 50.29034471700004], [-65.49464493899995, 50.28609564900006], [-65.49999909599995, 50.286244443000044], [-65.5028028509999, 50.28632225800004], [-65.54430418899994, 50.27245205000008], [-65.56102950199994, 50.273838099000045], [-65.56577709099992, 50.272203182000055], [-65.57604787499992, 50.27164995800007], [-65.5818636859999, 50.273852858000055], [-65.59207388099992, 50.274935191000054], [-65.60673751099995, 50.27080438100006], [-65.625, 50.26892073700009], [-65.62958854299995, 50.265989930000046], [-65.63717359199995, 50.26819081800005], [-65.64206599599993, 50.26629066800007], [-65.65529938299994, 50.26767933100007], [-65.6601645049999, 50.26469069700005], [-65.67427004099994, 50.25990058300005], [-65.69467670099993, 50.25596122400003], [-65.71114182199995, 50.26150919500009], [-65.7162052619999, 50.25985585900008], [-65.7276109629999, 50.26051820100008], [-65.7329089559999, 50.258744799000056], [-65.74050948299993, 50.25869986500004], [-65.74622062399993, 50.26095851000008], [-65.74999907799992, 50.259547884000085], [-65.7571962849999, 50.256443528000034], [-65.76508388699995, 50.258785610000075], [-65.77505063299992, 50.25858683600006], [-65.78662052499993, 50.26115664100007], [-65.80911239499994, 50.26302680400005], [-65.81344819999993, 50.26100939000008], [-65.81468548499993, 50.25296608300005], [-65.82365471399993, 50.25174029700008], [-65.83500089699993, 50.254299003000085], [-65.84291440899995, 50.253443477000076], [-65.85275979999994, 50.26039663700004], [-65.85826021199995, 50.26146533900004], [-65.86630994199993, 50.26681078100006], [-65.875, 50.269401121000044], [-65.91086204599992, 50.28057478300008], [-65.91572392899991, 50.28458878400005], [-65.92143188199992, 50.28541822100004], [-65.94162136699993, 50.282948710000085], [-65.9475673039999, 50.28467305800007], [-65.94762167099992, 50.28738780300006], [-65.97505651999995, 50.28189979200005], [-65.98535311899991, 50.277290865000055], [-65.99999888499991, 50.26723655900008], [-65.99999892699992, 50.3125], [-65.99999898399994, 50.374999055000046], [-65.9999992569999, 50.4375], [-65.9999995309999, 50.499998008000034], [-65.99999970599993, 50.5625], [-65.99999988099995, 50.624996295000074], [-66.00000067399992, 50.6875], [-66.0000014659999, 50.749996500000066], [-66.00000077299995, 50.8125], [-66.00000007999995, 50.87499801600006], [-65.99999975399993, 50.9375], [-65.99999942799991, 50.999998481000034], [-65.875, 50.999998307000055], [-65.7500000359999, 50.999998134000066], [-65.625, 50.99999805200008], [-65.50000059999991, 50.99999797000004], [-65.375, 50.99999806500006], [-65.25000004999993, 50.999998161000065], [-65.125, 50.99999836900008], [-64.99999906699992, 50.99999857700004], [-64.875, 50.99999855100003], [-64.74999894699994, 50.99999852500008], [-64.625, 50.99999865500007], [-64.49999836699993, 50.99999878400007], [-64.375, 50.999999039000045], [-64.24999856099993, 50.99999929400008], [-64.125, 50.99999884400006]]]]}}, {"type": "Feature", "properties": {"Feuillet250K": "12L", "Nom_Feuillet250K": "HAVRE-SAINT-PIERRE", "Lien_GPKG": "https://diffusion.mffp.gouv.qc.ca/Diffusion/DonneeGratuite/Foret/DONNEES_FOR_ECO_SUD/Cartes_ecoforestieres_perturbations/02-Donnees/Decoupage250K/12L/CARTE_ECO_MAJ_12L_GPKG.zip"}, "geometry": {"type": "MultiPolygon", "coordinates": [[[[-63.341777151999906, 50.21642676100004], [-63.33231985799995, 50.212357928000074], [-63.31861251499993, 50.215923831000055], [-63.31010650499991, 50.21312155600003], [-63.31495151099995, 50.209286786000064], [-63.316911545999915, 50.20311173500005], [-63.28690642399994, 50.20027568200004], [-63.282424861999914, 50.19747741200007], [-63.30491925399991, 50.195283360000076], [-63.30830504699992, 50.19318718200009], [-63.31770843299995, 50.192402136000055], [-63.32769213899991, 50.19536250800007], [-63.33406323699995, 50.196011069000065], [-63.34108196199992, 50.198850675000074], [-63.34858034899992, 50.20507534300003], [-63.35604700499994, 50.205679607000036], [-63.35608947499992, 50.21093100100006], [-63.348365790999935, 50.21632138600006], [-63.341777151999906, 50.21642676100004]]], [[[-63.541515578999906, 50.21842606300004], [-63.55227835399995, 50.212732919000075], [-63.553827586999944, 50.21658484900007], [-63.553487170999915, 50.222453389000066], [-63.55154993399992, 50.22473927600004], [-63.54447599799994, 50.22315281300007], [-63.541515578999906, 50.21842606300004]]], [[[-63.80847757099991, 50.22529362900008], [-63.80398293399992, 50.217300642000055], [-63.791893168999934, 50.22276621200007], [-63.7844999319999, 50.22327839400003], [-63.78051698599995, 50.220673342000055], [-63.78476186899991, 50.21606904300006], [-63.79054950199992, 50.212256392000086], [-63.7965805959999, 50.21183444400003], [-63.80399537099993, 50.207770165000056], [-63.808774781999944, 50.202781574000085], [-63.82553102399993, 50.19964328200007], [-63.83253396799995, 50.202713789000086], [-63.83861062699992, 50.211038321000046], [-63.84079745999992, 50.21705685900008], [-63.83952255999992, 50.22313660700007], [-63.80847757099991, 50.22529362900008]]], [[[-63.97887227299992, 50.220113756000046], [-63.98247148699994, 50.21368600800008], [-63.996498138999925, 50.21503257100005], [-63.999997176999955, 50.21790166300008], [-63.99999717299994, 50.22073938400007], [-63.99899288599994, 50.223016750000056], [-63.99131771999993, 50.22776605100006], [-63.98280526499991, 50.226892485000064], [-63.979497892999916, 50.22434423800007], [-63.97887227299992, 50.220113756000046]]], [[[-63.74218778099993, 50.21547553000005], [-63.7424745269999, 50.211530216000085], [-63.73281786199993, 50.21171863300003], [-63.731164564999915, 50.20387643000004], [-63.74755498999991, 50.19495660600006], [-63.74999656299991, 50.19751691600004], [-63.75486645299992, 50.20752842500008], [-63.76942185999991, 50.21951616800004], [-63.76074498299994, 50.21968602800007], [-63.757063356999936, 50.228455927000084], [-63.74999651199994, 50.22851823700006], [-63.74325680299995, 50.22584932400008], [-63.746490088999906, 50.221671376000074], [-63.74568892299993, 50.21826756300004], [-63.74218778099993, 50.21547553000005]]], [[[-63.63264287599992, 50.23388757200007], [-63.625, 50.22932624100008], [-63.604349629999945, 50.22969888200004], [-63.5928424679999, 50.225986144000046], [-63.601295182999934, 50.21994681000007], [-63.602953259999936, 50.21596753000006], [-63.6034891139999, 50.207564835000085], [-63.625, 50.209585648000086], [-63.64699385499995, 50.21284654200008], [-63.65988370499991, 50.21686962500007], [-63.65737415099994, 50.219333041000084], [-63.64674360799995, 50.221377363000045], [-63.6477452229999, 50.22729192800006], [-63.646443063999925, 50.23272206900003], [-63.64090832599993, 50.23416481000004], [-63.63264287599992, 50.23388757200007]]], [[[-63.67412933499992, 50.22285203200005], [-63.678218460999915, 50.22058818100004], [-63.68666452799994, 50.22165467800005], [-63.689289138999925, 50.22721153200007], [-63.68843126099995, 50.23646646600008], [-63.6790179489999, 50.23605869000005], [-63.67611027499993, 50.233142970000074], [-63.67412933499992, 50.22285203200005]]], [[[-63.13422428699994, 50.23930334100004], [-63.12875371599995, 50.235498421000045], [-63.125, 50.235751048000054], [-63.115061168999944, 50.23537199300006], [-63.113285755999925, 50.232788274000086], [-63.1079639969999, 50.232131191000065], [-63.100157503999924, 50.22873747400007], [-63.10212616799993, 50.220848655000054], [-63.11378632199995, 50.22035904200004], [-63.10891720899991, 50.21623666900007], [-63.110057000999916, 50.21221306500007], [-63.108934620999946, 50.20889081100006], [-63.125, 50.207746419000046], [-63.153041654999925, 50.20735158300005], [-63.17337640599993, 50.208152029000075], [-63.17876095399993, 50.20950815100008], [-63.18349618299993, 50.206981376000044], [-63.191138451999905, 50.20622249400009], [-63.19846446799994, 50.20935291900008], [-63.19597626299992, 50.21274171400006], [-63.194358337999915, 50.21965600900006], [-63.197993270999916, 50.22409357600009], [-63.189232586999935, 50.22669253200007], [-63.180516963999935, 50.22559580700005], [-63.17319, 50.229522505000034], [-63.16721089799995, 50.230308326000056], [-63.159276363999936, 50.228841326000065], [-63.143397861999915, 50.236668415000054], [-63.14035235499995, 50.24023840400008], [-63.13422428699994, 50.23930334100004]]], [[[-63.899525576999906, 50.24373705600004], [-63.89486736799995, 50.24068292800007], [-63.886994305999906, 50.241315942000085], [-63.88114630899992, 50.23928891800006], [-63.875, 50.23417225700007], [-63.8709493959999, 50.23115121900008], [-63.869811557999924, 50.227081070000054], [-63.86038232199991, 50.22265088100005], [-63.85162962499993, 50.21392595000003], [-63.849842517999946, 50.19901759500004], [-63.85302365299992, 50.19476455400007], [-63.85945046799992, 50.19490811500003], [-63.875, 50.18987021700008], [-63.88188224699991, 50.1875], [-63.88934528699991, 50.186770236000086], [-63.89017223499991, 50.1875], [-63.89600671399995, 50.192658350000045], [-63.91014226999994, 50.191193457000054], [-63.91289838299991, 50.20056717700004], [-63.92136996699992, 50.204296043000056], [-63.92821236099991, 50.217852521000054], [-63.92679750499991, 50.23067588300006], [-63.91267267299992, 50.24063035700004], [-63.91086634499993, 50.243866980000064], [-63.90432107499993, 50.244813703000034], [-63.899525576999906, 50.24373705600004]]], [[[-63.991691560999925, 50.23621942200003], [-63.99999715599995, 50.23501294000005], [-63.99999714099994, 50.24795401500006], [-63.98909947499993, 50.24390600900006], [-63.98843002399991, 50.24098779000008], [-63.991691560999925, 50.23621942200003]]], [[[-63.04977680099995, 50.238603640000065], [-63.063578729999904, 50.232319234000045], [-63.068622974999926, 50.235195787000066], [-63.076748075999944, 50.23632963400007], [-63.08284880299993, 50.239551274000064], [-63.08658528099994, 50.244524040000044], [-63.07999683899993, 50.25006141300008], [-63.06836136299995, 50.25796805400006], [-63.0608663349999, 50.25443172300004], [-63.057939372999954, 50.25005033000008], [-63.05051028799994, 50.24539243400005], [-63.04916113699994, 50.24272304300007], [-63.04977680099995, 50.238603640000065]]], [[[-63.8216352739999, 50.264967969000054], [-63.83033202999991, 50.26494650600006], [-63.83674183799991, 50.269011282000065], [-63.82852191499995, 50.27597700900009], [-63.81453333999991, 50.28091236700004], [-63.81408826799992, 50.276728941000044], [-63.80968506599993, 50.272701865000045], [-63.80951352199992, 50.27001251000007], [-63.8216352739999, 50.264967969000054]]], [[[-63.992467415999954, 50.280602643000066], [-63.992232850999926, 50.27758967400007], [-63.99999703499992, 50.27821306700008], [-63.99999701899992, 50.28280991400004], [-63.992467415999954, 50.280602643000066]]], [[[-61.99999873099995, 50.99999901400008], [-61.999998416999915, 50.9375], [-61.99999810399993, 50.87500040100008], [-61.999998227999924, 50.8125], [-61.99999835299991, 50.750000284000066], [-61.99999833399994, 50.6875], [-61.999998313999924, 50.625001517000044], [-61.99999764499995, 50.5625], [-61.99999697499993, 50.50000232200006], [-61.99999610399993, 50.4375], [-61.999995233999925, 50.37499991700008], [-61.99999563699993, 50.3125], [-61.99999603899994, 50.24999891900006], [-61.99999604099992, 50.21567082200005], [-62.02448405899992, 50.223281571000086], [-62.04078670699994, 50.22487019700009], [-62.04392384099992, 50.22222113200007], [-62.05268151599995, 50.22091209900009], [-62.068077772999914, 50.22169198100005], [-62.08107257499995, 50.21854375600009], [-62.08852522299992, 50.22292089900009], [-62.09206405099991, 50.22803682400007], [-62.101604607999946, 50.228815033000046], [-62.11017702099991, 50.22290809000003], [-62.125, 50.228110978000075], [-62.16129093399991, 50.236357885000075], [-62.18849293099993, 50.23486925200007], [-62.21432784299992, 50.23018178500007], [-62.22984612399995, 50.23673876100008], [-62.23260222099992, 50.240039178000075], [-62.24353372099995, 50.245220482000036], [-62.24881071999994, 50.25000077000004], [-62.24999442399991, 50.250412322000045], [-62.26649203199992, 50.25696665500004], [-62.293753015999926, 50.26020025300005], [-62.30497100499991, 50.25423393500006], [-62.313104437999925, 50.256694795000044], [-62.31316149399993, 50.26004805900004], [-62.3247600549999, 50.26814828400006], [-62.328247623999914, 50.27350010100008], [-62.33884591799995, 50.27545606800004], [-62.34539739199994, 50.27860048000008], [-62.36069409299995, 50.26787872500006], [-62.375, 50.26994812600009], [-62.385889909999946, 50.27102511800007], [-62.392871656999944, 50.270036589000085], [-62.395363973999906, 50.26753593300003], [-62.40376528099995, 50.269700674000035], [-62.40140726599992, 50.27929452900008], [-62.41303554299992, 50.28424781700005], [-62.41951740999991, 50.28418777300004], [-62.431308617999946, 50.275759031000064], [-62.43073956599994, 50.27104321500008], [-62.437066356999935, 50.26674860400004], [-62.442538750999915, 50.258306650000065], [-62.450267538999924, 50.25553734600004], [-62.46520969099993, 50.255863726000086], [-62.48492046599995, 50.26571451500007], [-62.498015144999954, 50.27009841200004], [-62.49998980899994, 50.26811363400009], [-62.516516589999924, 50.26407586400006], [-62.51695395899992, 50.26156349000007], [-62.52550044499992, 50.26243241100008], [-62.531246789999955, 50.275868408000065], [-62.5527480909999, 50.280018408000046], [-62.563357476999954, 50.27694571900008], [-62.56481210599992, 50.271708543000045], [-62.563960299999906, 50.26748143000003], [-62.571499040999925, 50.265865688000076], [-62.577726715999916, 50.26833468400008], [-62.588261480999904, 50.26894680400005], [-62.60839855799992, 50.26319089100008], [-62.61375553699992, 50.26615178000009], [-62.625, 50.26904653200006], [-62.637973641999906, 50.271743514000036], [-62.65012075599992, 50.269313486000044], [-62.65667941299995, 50.270794565000074], [-62.65753749899994, 50.27320467200008], [-62.66156188699995, 50.27369500400005], [-62.67078932599992, 50.26838749400008], [-62.67978424699993, 50.26737041100006], [-62.67793248599992, 50.269070645000056], [-62.67976089799993, 50.26983425800006], [-62.69196458899995, 50.268666771000085], [-62.70628329199991, 50.275172599000086], [-62.71107444799992, 50.27267710500007], [-62.73293049199992, 50.27478513700004], [-62.73933897799992, 50.278448350000076], [-62.736880707999944, 50.283752408000055], [-62.743131622999954, 50.28238202400007], [-62.74724218699993, 50.28664474100003], [-62.730866361999915, 50.29376061500005], [-62.70520657399993, 50.31087009100008], [-62.70617624499994, 50.31145341800004], [-62.7443547819999, 50.29807663000008], [-62.74999502399993, 50.299852179000084], [-62.752001943999915, 50.29796758300006], [-62.77174778999995, 50.290973773000076], [-62.77524816899995, 50.29591658600003], [-62.76661347999993, 50.307978405000085], [-62.783130015999916, 50.29515555100005], [-62.78893245799992, 50.288608613000065], [-62.794598239999914, 50.28690917100005], [-62.801595568999915, 50.287226675000056], [-62.80766610699993, 50.301850296000055], [-62.81137810799993, 50.30104423500006], [-62.812196876999906, 50.29356321900008], [-62.807712376999916, 50.287158006000084], [-62.81652621099994, 50.28056675800008], [-62.83411941899993, 50.27545683400007], [-62.84229687699991, 50.27538065200008], [-62.85522914599994, 50.279699303000086], [-62.8701596329999, 50.27777991500005], [-62.870419633999916, 50.28194886700004], [-62.875, 50.28511233200004], [-62.882612502999905, 50.288206356000046], [-62.88907287399991, 50.284991320000074], [-62.91950031999994, 50.28134179500006], [-62.93337571199993, 50.28126142200006], [-62.94152211699992, 50.27501950900006], [-62.94800831899994, 50.275622233000036], [-62.96311586699994, 50.28466719000005], [-62.97653543699994, 50.28252840500005], [-62.9771195699999, 50.28417537800004], [-62.98196536599994, 50.283412430000055], [-62.98572932299993, 50.28576508300006], [-62.984980428999904, 50.289209388000074], [-62.98801967399993, 50.289008650000085], [-62.990283717999944, 50.293196598000065], [-62.98628102799995, 50.297168156000055], [-62.985943714999905, 50.299860909000074], [-62.98850728899993, 50.304188930000066], [-62.999995638999906, 50.30830022400005], [-63.00776082099992, 50.30949100700008], [-63.019128380999916, 50.30784708200008], [-63.02524196399992, 50.301747670000054], [-63.05505394799991, 50.29866946000004], [-63.0546803119999, 50.296641743000066], [-63.04493088999993, 50.294604846000084], [-63.03866360099994, 50.29071386500004], [-63.043346277999945, 50.288120149000065], [-63.053257183999904, 50.287102089000086], [-63.05710985699994, 50.27896779800005], [-63.07054024699994, 50.276544164000086], [-63.07650173399992, 50.27847858600006], [-63.09421777499995, 50.27961131300003], [-63.10182762799991, 50.27657415500005], [-63.1110476849999, 50.27843799000004], [-63.11389499699993, 50.28233834200006], [-63.11934964199992, 50.282475129000034], [-63.125, 50.284774077000066], [-63.144412410999905, 50.28491008200007], [-63.150422421999906, 50.28725489200008], [-63.158855589999916, 50.28779304100004], [-63.17808317099991, 50.28116194800003], [-63.18573924099991, 50.276258591000044], [-63.19554022799991, 50.28367896200007], [-63.19652201699995, 50.280614934000084], [-63.18928631599994, 50.27124543700006], [-63.181240044999925, 50.26797148700007], [-63.1690819829999, 50.25624305300005], [-63.159261486999924, 50.251364644000034], [-63.160632936999946, 50.25006483200008], [-63.16451920599991, 50.24638107800007], [-63.17504329999991, 50.24104374800004], [-63.18213579899992, 50.24160992900005], [-63.206414396999946, 50.23711734700004], [-63.21443344599993, 50.23867194800005], [-63.21931623499995, 50.23747603600003], [-63.22674977799994, 50.23471642700008], [-63.23012956899993, 50.230968046000044], [-63.2304862389999, 50.227564243000074], [-63.238276442999904, 50.226075569000045], [-63.24999574399993, 50.22976020100003], [-63.25878104399993, 50.23040545500004], [-63.28998773099994, 50.224665505000075], [-63.308451032999926, 50.227265969000086], [-63.31829281699993, 50.23226678200007], [-63.32541061899991, 50.23239294500007], [-63.3317831949999, 50.22916636500008], [-63.33747790099994, 50.22842325500005], [-63.35665389999991, 50.23479956300008], [-63.3626910559999, 50.234409146000075], [-63.375, 50.23075164200009], [-63.38283074099991, 50.22798695700004], [-63.39026255199991, 50.22241166900005], [-63.3932866749999, 50.21829554200008], [-63.39494153499993, 50.209140156000046], [-63.39767385999994, 50.204877226000065], [-63.40248896599991, 50.20138921800009], [-63.41649019999994, 50.203552648000084], [-63.42867254499993, 50.210058520000075], [-63.43401200699992, 50.210620137000035], [-63.44900866499995, 50.204660586000045], [-63.45294439199995, 50.20725867300007], [-63.45926295999993, 50.216270773000076], [-63.460123953999926, 50.22179013500005], [-63.45638957099993, 50.228509081000084], [-63.45822497499995, 50.23304817400003], [-63.46493440099994, 50.237810585000034], [-63.46743120199994, 50.24423458800004], [-63.48162825199995, 50.250018073000035], [-63.49999658699994, 50.25351209400009], [-63.52130510799992, 50.256937754000035], [-63.54391242299994, 50.256946182000036], [-63.55865074999991, 50.254881666000074], [-63.573351972999944, 50.250057162000076], [-63.595273670999916, 50.23971662000008], [-63.60277562999994, 50.23739218700007], [-63.60891637599991, 50.23735847100005], [-63.616170921999924, 50.25006889200006], [-63.61875962499994, 50.25244874400005], [-63.625, 50.25415908100007], [-63.63303315299993, 50.25642238700004], [-63.64170020799992, 50.26188135800004], [-63.64969382899994, 50.26430484000008], [-63.65686005799995, 50.254853392000086], [-63.66477641699993, 50.25204232400006], [-63.67976468199993, 50.251357874000064], [-63.68677070299992, 50.25578584500005], [-63.68973328699991, 50.25971770400008], [-63.6908603089999, 50.26272850700008], [-63.689060627999936, 50.267948784000055], [-63.69376103499991, 50.27619041100007], [-63.70086787699995, 50.282434281000064], [-63.71332690399993, 50.28761720700004], [-63.72484943399991, 50.28927700300005], [-63.732221472999925, 50.29249981500004], [-63.74999645399993, 50.293836499000065], [-63.76454359199994, 50.29340110600003], [-63.77205066699992, 50.29166810300006], [-63.782459865999954, 50.28636523100005], [-63.78878244999993, 50.28584657600004], [-63.79416896999993, 50.286931431000085], [-63.798667259999945, 50.29500555700008], [-63.80213825499993, 50.297588946000076], [-63.803352531999906, 50.30186627100005], [-63.8342070679999, 50.301903861000085], [-63.841250646999924, 50.300100807000035], [-63.84766710999992, 50.29280042500005], [-63.854925246999926, 50.290566169000044], [-63.87195010999994, 50.29899401900008], [-63.875, 50.298073370000054], [-63.901757801999906, 50.29499741300003], [-63.93077605299993, 50.30146375500004], [-63.95551593499994, 50.300925979000056], [-63.97914013999991, 50.295819374000075], [-63.9901500659999, 50.296078253000076], [-63.999996978999945, 50.29374604600008], [-63.999996909999936, 50.3125], [-63.9999966819999, 50.375000330000034], [-63.999996163999924, 50.4375], [-63.999995646999935, 50.50000097800006], [-63.99999608099995, 50.5625], [-63.99999651599995, 50.625000174000036], [-63.9999971119999, 50.6875], [-63.99999770799991, 50.74999914500006], [-63.99999767199995, 50.8125], [-63.99999763699992, 50.87499919900006], [-63.9999995849999, 50.9375], [-64.00000153299993, 50.999998395000034], [-63.875, 50.99999848600004], [-63.74999937299992, 50.99999857800003], [-63.625, 50.999998522000055], [-63.5000026699999, 50.99999846700007], [-63.375, 50.999998591000065], [-63.250002399999914, 50.99999871400007], [-63.125, 50.99999885100004], [-63.000001841999904, 50.99999898900006], [-62.875, 50.99999916100006], [-62.74999881699995, 50.99999933300006], [-62.625, 50.999999296000055], [-62.49999857799992, 50.99999925800006], [-62.375, 50.99999919000004], [-62.24999868099991, 50.99999912200008], [-62.125, 50.99999906800008], [-61.99999873099995, 50.99999901400008]]]]}}, {"type": "Feature", "properties": {"Feuillet250K": "12K", "Nom_Feuillet250K": "MUSQUARO", "Lien_GPKG": "https://diffusion.mffp.gouv.qc.ca/Diffusion/DonneeGratuite/Foret/DONNEES_FOR_ECO_SUD/Cartes_ecoforestieres_perturbations/02-Donnees/Decoupage250K/12K/CARTE_ECO_MAJ_12K_GPKG.zip"}, "geometry": {"type": "MultiPolygon", "coordinates": [[[[-61.26843537099995, 50.17555687400005], [-61.27903530999993, 50.17518187600007], [-61.269157297999925, 50.18262533500007], [-61.262246054999935, 50.184265769000035], [-61.26308745599994, 50.17836038300004], [-61.26843537099995, 50.17555687400005]]], [[[-60.07063096799993, 50.19147673200007], [-60.06813908299995, 50.1875], [-60.070407565999915, 50.182068798000046], [-60.11283177599995, 50.17836623200009], [-60.12266335399994, 50.17633426500004], [-60.11417370699991, 50.1875], [-60.11232925299993, 50.19039092100007], [-60.10141217899991, 50.188713420000056], [-60.09355873399994, 50.19145996800006], [-60.08914276199994, 50.19397795500004], [-60.08802228099995, 50.19777677500008], [-60.08401961299995, 50.20191805700006], [-60.078070761999925, 50.200811377000036], [-60.07293980599991, 50.194364508000035], [-60.07341274499993, 50.19212243800007], [-60.07063096799993, 50.19147673200007]]], [[[-60.85626189699991, 50.195591757000045], [-60.86612432299995, 50.194387289000076], [-60.854777199999944, 50.200798391000035], [-60.843462330999955, 50.21177614800007], [-60.84304287599991, 50.20865381600004], [-60.84959364899993, 50.20084146000005], [-60.85626189699991, 50.195591757000045]]], [[[-60.51768397299992, 50.21205001100009], [-60.509663676999935, 50.20759415400005], [-60.51770297299993, 50.207716417000086], [-60.524222926999926, 50.19921165000005], [-60.53103877199993, 50.195348452000076], [-60.53043198499995, 50.205944172000045], [-60.52397254899995, 50.210799276000046], [-60.51768397299992, 50.21205001100009]]], [[[-60.75955608499993, 50.200527295000086], [-60.76534179399994, 50.199583964000055], [-60.76859532199995, 50.20483739700006], [-60.76404179799994, 50.216712906000055], [-60.76057493899992, 50.204390973000045], [-60.75955608499993, 50.200527295000086]]], [[[-60.03156858999995, 50.21796419700007], [-60.02724909099993, 50.217020553000054], [-60.0173195239999, 50.21833166600004], [-60.0088126359999, 50.21655036100009], [-60.01060282199995, 50.21195167500008], [-60.018678639999905, 50.21019366400009], [-60.01925350099992, 50.207917197000086], [-60.01195336399991, 50.20756374400008], [-60.01636162999995, 50.20358226500008], [-60.04526115699991, 50.19208797200008], [-60.041073627999936, 50.196702076000065], [-60.04492647699993, 50.20358388600005], [-60.036965746999954, 50.213320743000054], [-60.03192792099992, 50.21949731300003], [-60.03156858999995, 50.21796419700007]]], [[[-61.88571171399991, 50.216002830000036], [-61.89556940299991, 50.211779866000086], [-61.90177011199995, 50.21272963200005], [-61.89737285199993, 50.223120437000034], [-61.88571171399991, 50.216002830000036]]], [[[-60.39734196399991, 50.215025291000075], [-60.39580291599992, 50.21006543000004], [-60.40125804299993, 50.211070249000045], [-60.40438278799991, 50.21412079800007], [-60.406003263999935, 50.219234123000035], [-60.40303939799992, 50.22443012500008], [-60.39438512799995, 50.221093333000056], [-60.39734196399991, 50.215025291000075]]], [[[-60.10100257499994, 50.21949545800004], [-60.113292766999905, 50.21514705900006], [-60.11409775699991, 50.21831268600005], [-60.11087686399992, 50.226923973000055], [-60.10100257499994, 50.21949545800004]]], [[[-60.492517566999936, 50.210153120000086], [-60.48649042399995, 50.20696276700005], [-60.499996402999955, 50.21170010700007], [-60.508380547999934, 50.216781282000056], [-60.510661644999914, 50.220307380000065], [-60.51004209899992, 50.22586766100005], [-60.50387840299993, 50.22908780500006], [-60.50224973399992, 50.22518961500003], [-60.49999636599995, 50.22397704600007], [-60.491916862999915, 50.22071269700007], [-60.49163669299992, 50.21738348000008], [-60.49453771599991, 50.213362532000076], [-60.492517566999936, 50.210153120000086]]], [[[-60.48335206799993, 50.22675209000005], [-60.48668073999994, 50.22311277400007], [-60.48931503999995, 50.22645344100005], [-60.48984363599993, 50.22995562600005], [-60.48495983499993, 50.23882339100004], [-60.48020679199993, 50.239510073000076], [-60.47348589099994, 50.23715819200004], [-60.47106197599993, 50.23449326700006], [-60.47537950299994, 50.229909949000046], [-60.48335206799993, 50.22675209000005]]], [[[-59.99999501199994, 50.23542174800008], [-60.00391178599995, 50.230765975000054], [-60.00818697699992, 50.235262729000056], [-60.00993855699994, 50.24023057100004], [-59.99999496799995, 50.241223938000076], [-59.99999501199994, 50.23542174800008]]], [[[-60.20389837599993, 50.25004166100007], [-60.20901552099991, 50.24617359100006], [-60.20985217099991, 50.250037312000075], [-60.20439211699994, 50.26155135100004], [-60.19814316499992, 50.26541972600006], [-60.18774124999993, 50.266210879000084], [-60.20053636099993, 50.25891879100004], [-60.2013473479999, 50.25282273700009], [-60.20389837599993, 50.25004166100007]]], [[[-59.9999949029999, 50.24999890600009], [-60.002928123999936, 50.248745341000074], [-60.020856083999945, 50.25002038700006], [-60.02250356899992, 50.250110920000054], [-60.02213757299995, 50.25514148800005], [-59.9999945159999, 50.27392605500006], [-59.9999949029999, 50.24999890600009]]], [[[-60.625, 50.99999275300007], [-60.499997883999924, 50.999992700000064], [-60.375, 50.99999556200004], [-60.24998726599995, 50.99999842500006], [-60.125, 50.999998119000054], [-59.999985496999955, 50.99999781400004], [-59.99998598299993, 50.9375], [-59.99998646899991, 50.87499839600008], [-59.999986763999914, 50.8125], [-59.99998705899992, 50.74999831100007], [-59.99998784799993, 50.6875], [-59.999988636999944, 50.624998324000046], [-59.999989841999934, 50.5625], [-59.99999104799991, 50.499998505000065], [-59.9999919629999, 50.4375], [-59.99999287899993, 50.37499870100004], [-59.99999389199991, 50.3125], [-59.999994416999925, 50.28012003100008], [-60.00730415499993, 50.28236693100007], [-60.01571755599991, 50.28030770300006], [-60.015413758999955, 50.26706837100005], [-60.01792512199995, 50.262991355000054], [-60.02973539099992, 50.25433869700004], [-60.03423295899995, 50.25493496200005], [-60.04020349099994, 50.25276231600009], [-60.038527116999944, 50.25003553300007], [-60.037066927999945, 50.24436969800007], [-60.032548454999926, 50.24494219400003], [-60.030949979999946, 50.23901447900005], [-60.03282169499994, 50.23558542900008], [-60.038649147999934, 50.23206226000008], [-60.04342357999991, 50.23132201100009], [-60.05041215299991, 50.232910985000046], [-60.058641948999934, 50.246347771000046], [-60.06306137999991, 50.24812881000008], [-60.07709214199991, 50.242663847000074], [-60.0881130649999, 50.24216887700004], [-60.092181385999936, 50.237803436000036], [-60.09265187199992, 50.23563320800008], [-60.08885267399995, 50.23516452500007], [-60.08854699099993, 50.230323412000075], [-60.09251227599992, 50.22561498500005], [-60.1015198099999, 50.225292220000085], [-60.1057785509999, 50.23161040100007], [-60.098988454999926, 50.24328062100005], [-60.11765642799992, 50.23821722800005], [-60.119139214999905, 50.23687718200006], [-60.114971960999924, 50.23651279900008], [-60.11823307399993, 50.23233463000008], [-60.125, 50.22754676400007], [-60.1354194619999, 50.22248529700005], [-60.12918976299994, 50.22029003200004], [-60.12763561299994, 50.21486777800004], [-60.131918449999944, 50.21406415300004], [-60.13725831399995, 50.207626031000075], [-60.14498718899995, 50.20285200100005], [-60.14804528399992, 50.19823902600007], [-60.15564609199993, 50.195935588000054], [-60.16526615299995, 50.19753910800006], [-60.17347900199991, 50.201922083000056], [-60.171603587999925, 50.20690885500005], [-60.16220159199992, 50.20845546400005], [-60.15760323099994, 50.21105486600004], [-60.14897848399994, 50.21777949600005], [-60.14909066999991, 50.22174592200008], [-60.154308028999935, 50.22359581900008], [-60.153677574999904, 50.22557561700006], [-60.157532715999935, 50.226546402000054], [-60.16511624599991, 50.225509747000046], [-60.168462149999925, 50.222122426000055], [-60.18385299599993, 50.216417411000066], [-60.189773515999946, 50.219739193000066], [-60.187798123999926, 50.225849124000035], [-60.1831817179999, 50.23011272500008], [-60.16797574299994, 50.23606266000007], [-60.1620277209999, 50.239716705000035], [-60.15912172199995, 50.24335171000007], [-60.17618732199992, 50.246307724000076], [-60.188214140999946, 50.250051599000074], [-60.1907656219999, 50.25055503900006], [-60.190171198999906, 50.25382117500004], [-60.16842109599992, 50.27089139700007], [-60.1702015109999, 50.27647746900004], [-60.1820430329999, 50.27343835900007], [-60.18812708899992, 50.27565611600005], [-60.19105819299995, 50.28081423300006], [-60.19678562799993, 50.28072573600008], [-60.20230769199992, 50.27528488400009], [-60.21271226399995, 50.27081498400008], [-60.22238957199994, 50.25937688300007], [-60.22744961799992, 50.25002260000008], [-60.246189606999906, 50.22789661500008], [-60.249994959999924, 50.226684618000036], [-60.260094669999944, 50.22353213900004], [-60.274188275999904, 50.22209921600006], [-60.27754429399994, 50.226783099000045], [-60.283487986999944, 50.22398617600004], [-60.28746835499993, 50.22619472700006], [-60.289640721999945, 50.23007467000008], [-60.284439422999924, 50.23341914000008], [-60.28594632399995, 50.23645596600005], [-60.26497143699993, 50.250015475000055], [-60.25889052499991, 50.25533975500008], [-60.255302926999946, 50.26116370200003], [-60.263794, 50.259330197000054], [-60.26918662399993, 50.255251404000035], [-60.27018215299995, 50.250901104000036], [-60.27792255199995, 50.250362401000075], [-60.283317035999914, 50.25438416700007], [-60.289143578999926, 50.255784765000044], [-60.297717631999944, 50.25446213500004], [-60.30060217999994, 50.25004493200004], [-60.30296589499994, 50.24649606200006], [-60.30826034699993, 50.244473490000075], [-60.30726412599995, 50.24281785100004], [-60.31169092899995, 50.22999655700005], [-60.31990908999995, 50.23322732100007], [-60.318771574999914, 50.24125403100004], [-60.3263916649999, 50.24382227800004], [-60.32887755299993, 50.23448692000005], [-60.33738749799994, 50.22925851100007], [-60.34416695699991, 50.23234720600004], [-60.34904650699991, 50.23228774000006], [-60.35935251799992, 50.23684911700008], [-60.36850211199993, 50.236453071000085], [-60.37186236899993, 50.23366243500004], [-60.37234960299992, 50.227265292000084], [-60.3741854779999, 50.22311115100007], [-60.37011012599993, 50.215276164000045], [-60.375, 50.21042552600005], [-60.37667893299994, 50.212417619000064], [-60.38194043099992, 50.21210873100006], [-60.38499648299995, 50.21444885900007], [-60.38847827199993, 50.21777310200008], [-60.390710533999936, 50.22424114900008], [-60.40191267299991, 50.22650545500005], [-60.409698110999955, 50.232962626000074], [-60.41414952999992, 50.24002651700005], [-60.42066333699995, 50.243369005000034], [-60.434910318999925, 50.23698180000008], [-60.43645662599994, 50.23174507600004], [-60.44067503799994, 50.22861870500009], [-60.445133591999934, 50.227921956000046], [-60.45174975799995, 50.22916869200009], [-60.4529125169999, 50.235598921000076], [-60.45136204499994, 50.23918141100006], [-60.45788881699991, 50.24203648100007], [-60.4736244369999, 50.239191453000046], [-60.475653731999955, 50.240665887000034], [-60.48219661999991, 50.24086719100006], [-60.49515821499995, 50.23785110600005], [-60.49999631999992, 50.23954814200005], [-60.50222564199993, 50.24514992100006], [-60.5082317319999, 50.24355594100007], [-60.51070073699992, 50.23873971000006], [-60.514357738999934, 50.23680174300006], [-60.52379225499993, 50.233365776000085], [-60.530932960999905, 50.23446854900004], [-60.5397016739999, 50.225019607000036], [-60.54372603899992, 50.21509950700005], [-60.5585093169999, 50.20867456700006], [-60.57494102299995, 50.21097348300003], [-60.58913937199992, 50.20848723900008], [-60.59497150199991, 50.21050189500005], [-60.596932960999936, 50.20531123200004], [-60.60464034499995, 50.202187973000036], [-60.61514640599995, 50.20902089300006], [-60.625, 50.209935158000064], [-60.62841186599991, 50.211458908000054], [-60.63164894899995, 50.21528642900006], [-60.62868607999991, 50.222565057000054], [-60.63246441799993, 50.226729241000044], [-60.630577313999936, 50.22953842000004], [-60.6324317559999, 50.23625072100003], [-60.6392646999999, 50.23825257000004], [-60.643966390999935, 50.23482575300005], [-60.64347374599993, 50.231810006000046], [-60.64652537499995, 50.22182528500008], [-60.65238319999992, 50.21708485800008], [-60.66872234899995, 50.21544960600005], [-60.679351959999906, 50.21251320200008], [-60.687047520999954, 50.21396988400005], [-60.68795438799992, 50.21832801100004], [-60.68547975899992, 50.22539571800007], [-60.68950731399991, 50.22591840100006], [-60.69875520799991, 50.21767463400005], [-60.7075180249999, 50.21739309900005], [-60.70854478399991, 50.22139216700003], [-60.714183617999936, 50.22363326100003], [-60.723737643999925, 50.22215105200007], [-60.72940128899995, 50.22550645900009], [-60.73003936099991, 50.23288339100009], [-60.73442994499993, 50.23443191600006], [-60.74864592199992, 50.233418817000086], [-60.746750996999936, 50.23713786800005], [-60.74999642599994, 50.23686967800006], [-60.75995139399993, 50.23564920100006], [-60.76499538999991, 50.23216573900004], [-60.77152754499991, 50.22203790200007], [-60.77422062799991, 50.21633641800008], [-60.773773933999905, 50.21160422400004], [-60.776750474999915, 50.20841298000005], [-60.78379983299993, 50.21107309800004], [-60.7859568639999, 50.216741745000036], [-60.79364372899994, 50.209559840000054], [-60.790466506999906, 50.20651045500006], [-60.794918125999914, 50.201997067000036], [-60.80744733499995, 50.20158686800005], [-60.81095839599993, 50.20484455600007], [-60.814709706999906, 50.206044588000054], [-60.81892699799994, 50.204046401000085], [-60.823474174999944, 50.20642868200008], [-60.82306826899992, 50.215309552000065], [-60.82969122499992, 50.209656507000034], [-60.83752003299992, 50.21087921700007], [-60.83966219599995, 50.21504539600005], [-60.84699488599995, 50.21370218100009], [-60.855607809999924, 50.20880518800004], [-60.8618796369999, 50.21112045700005], [-60.85690227999993, 50.216733522000084], [-60.85481915699995, 50.22365413500006], [-60.85141981299995, 50.227330504000065], [-60.83583153099994, 50.23864318200003], [-60.83540715299995, 50.23992648800004], [-60.84282411099991, 50.24191971700009], [-60.850483152999914, 50.24056914200008], [-60.85121456599995, 50.237300505000064], [-60.8655677079999, 50.23214696100007], [-60.87157455699992, 50.22304458000008], [-60.875, 50.22107529400006], [-60.881253726999944, 50.21365593400009], [-60.88813607199995, 50.21235263900007], [-60.89243976799992, 50.215486180000084], [-60.900266453999905, 50.215967413000044], [-60.90656686299991, 50.214120619000084], [-60.90577778499994, 50.215609149000045], [-60.906982006999954, 50.21567818600005], [-60.90978263299991, 50.21241072500004], [-60.92390778899994, 50.209919124000066], [-60.92715617099992, 50.20775030000004], [-60.93493365799992, 50.19096600600005], [-60.938302602999954, 50.1875], [-60.93941332499992, 50.18635727700007], [-60.941713071999914, 50.1875], [-60.94549772499994, 50.189380560000075], [-60.94299084799991, 50.19541063500009], [-60.944880172999945, 50.19553654300006], [-60.94843563299992, 50.19208293400004], [-60.95265941999992, 50.19707901800007], [-60.94979378699992, 50.20063993500008], [-60.95011726899992, 50.21150271100004], [-60.95795625099993, 50.208419605000074], [-60.9584118599999, 50.21147874400003], [-60.96391899799994, 50.211414379000075], [-60.967733679999924, 50.20981347800006], [-60.9770855509999, 50.21045828700005], [-60.983005119999916, 50.20850678800008], [-60.98955031999992, 50.20827502000009], [-60.98877489499995, 50.21003383300007], [-60.99597323799992, 50.207673697000075], [-60.99999647899995, 50.20839842700008], [-61.00313281599995, 50.208963277000066], [-61.006813275999946, 50.21752041700006], [-61.01005078299994, 50.21335330100004], [-61.0149168879999, 50.21986532500006], [-61.019980338999915, 50.21799818100004], [-61.029053880999925, 50.22011228100007], [-61.03789033999993, 50.225083762000054], [-61.04437937799992, 50.22653899900007], [-61.0541852529999, 50.219528050000065], [-61.05772315599995, 50.215783255000076], [-61.05872349899994, 50.21215476200007], [-61.065790972999935, 50.21150699900005], [-61.0737974189999, 50.20766152900006], [-61.06291730799995, 50.206164148000084], [-61.06223022799992, 50.202538546000085], [-61.06362961699995, 50.19808426000009], [-61.058100957999955, 50.194610769000064], [-61.06111543299994, 50.19120557500008], [-61.06459108899992, 50.190930893000086], [-61.06615702199991, 50.1875], [-61.066588045999936, 50.18538191600004], [-61.072324850999905, 50.18430623200004], [-61.08150437599994, 50.1875], [-61.087323624999954, 50.190618305000044], [-61.09421243299994, 50.199058248000085], [-61.09360668699992, 50.20276046300006], [-61.10442092599993, 50.206169394000085], [-61.10899716999995, 50.20162638000005], [-61.11835174799995, 50.20020990000006], [-61.12202141799992, 50.191374719000066], [-61.119361169999934, 50.1875], [-61.112740482999925, 50.18391751100006], [-61.11921986899995, 50.180881928000076], [-61.125, 50.181003962000034], [-61.128229347999934, 50.18007497700006], [-61.134248434999904, 50.182108035000056], [-61.14151845999993, 50.1875], [-61.15041848299995, 50.190141984000036], [-61.1683283829999, 50.19851124300004], [-61.18250059399992, 50.201050285000065], [-61.17212238099995, 50.192641828000035], [-61.169694542999935, 50.189299266000035], [-61.17021235699991, 50.1875], [-61.172510228999954, 50.18099949700007], [-61.17551900399991, 50.17710579800007], [-61.18585548099992, 50.17437391200008], [-61.19070449299994, 50.17792046200009], [-61.190781632999915, 50.1875], [-61.194612255999914, 50.18868413700005], [-61.20088128499992, 50.1875], [-61.20163299199993, 50.18735801200006], [-61.20312407499995, 50.1875], [-61.21050982699995, 50.18820330400007], [-61.21609498999993, 50.19806232600007], [-61.22464910699995, 50.193330519000085], [-61.22687721099993, 50.19615508500004], [-61.231102765999935, 50.19442065000004], [-61.245983630999945, 50.19315046500009], [-61.24999624199995, 50.19409362400006], [-61.25585243099994, 50.19688498000005], [-61.26202249599993, 50.19544117000004], [-61.27721275099992, 50.18778393100007], [-61.28743502599991, 50.18790203100008], [-61.291327305999914, 50.191298697000036], [-61.2969120649999, 50.19207277600003], [-61.313006138999924, 50.18791005500003], [-61.32221522099991, 50.18938995700006], [-61.3261018419999, 50.1875], [-61.33387143099992, 50.184021649000044], [-61.34946430699995, 50.181543376000036], [-61.37084735499991, 50.180804840000064], [-61.37233623399993, 50.17901729100004], [-61.353800744999944, 50.17829411900004], [-61.362432457999944, 50.175859080000066], [-61.375, 50.175047265000046], [-61.383211676999906, 50.174757973000055], [-61.397288071999924, 50.17178618100007], [-61.40498834999994, 50.17140612800006], [-61.413887916999954, 50.17360693300009], [-61.421520047999934, 50.17217375000007], [-61.469195062999916, 50.160480764000056], [-61.49999549799992, 50.15127331100007], [-61.5807817029999, 50.12506177800009], [-61.625, 50.11090703600007], [-61.66917078799992, 50.09778322400007], [-61.71635764599995, 50.088120253000056], [-61.73614695099991, 50.08548316100007], [-61.749995294999906, 50.08741231300007], [-61.78696767699995, 50.09733214700009], [-61.80618808799994, 50.10572071800004], [-61.809346013999914, 50.10764538600006], [-61.811634976999926, 50.11331997000008], [-61.814872598999955, 50.11682853500008], [-61.81620007999993, 50.12094292100005], [-61.812923249999926, 50.12505221300006], [-61.80863345899991, 50.13165379800006], [-61.80553975499993, 50.14005969900006], [-61.80587542899991, 50.15978539400004], [-61.811956135999935, 50.17369645600007], [-61.82661919199995, 50.1875], [-61.84309026999995, 50.195016518000045], [-61.83869689799991, 50.19959686800007], [-61.84993240999995, 50.19599405000008], [-61.86639315399992, 50.198272003000056], [-61.86714752599994, 50.201650348000044], [-61.865357195999934, 50.20567495500006], [-61.85877032399992, 50.209058147000064], [-61.85428104899995, 50.21391809000005], [-61.86723779599993, 50.21707871800004], [-61.871328390999906, 50.22234345700008], [-61.875, 50.222523842000044], [-61.88452367299993, 50.21986395000005], [-61.89208052799995, 50.222032514000034], [-61.90193658599992, 50.22920067300004], [-61.91093061799995, 50.22708324100006], [-61.92551718999994, 50.226689090000036], [-61.92095413599992, 50.23532817600005], [-61.927384831999916, 50.234936007000044], [-61.92591192799995, 50.23480656300006], [-61.93369131399993, 50.225490078000064], [-61.94027889799992, 50.22555521700008], [-61.95340600199995, 50.23095332400004], [-61.96621708799995, 50.23094754300007], [-61.96925032899992, 50.23009019700004], [-61.980007815999954, 50.22101918800007], [-61.98474961499994, 50.21876081500005], [-61.989677644999915, 50.21830853400007], [-61.9957130489999, 50.21520800300004], [-61.99999604099992, 50.21567082200005], [-61.99999603899994, 50.24999891900006], [-61.99999563699993, 50.3125], [-61.999995233999925, 50.37499991700008], [-61.99999610399993, 50.4375], [-61.99999697499993, 50.50000232200006], [-61.99999764499995, 50.5625], [-61.999998313999924, 50.625001517000044], [-61.99999833399994, 50.6875], [-61.99999835299991, 50.750000284000066], [-61.999998227999924, 50.8125], [-61.99999810399993, 50.87500040100008], [-61.999998416999915, 50.9375], [-61.99999873099995, 50.99999901400008], [-61.875, 50.99999956500005], [-61.749999215999935, 51.00000011700007], [-61.625, 51.00000006300007], [-61.50000307999994, 51.000000008000086], [-61.375, 50.99999973200005], [-61.25000431399991, 50.99999945600007], [-61.125, 50.99999939300005], [-61.00000425799993, 50.99999933100008], [-60.875, 50.99999606800009], [-60.74999827499994, 50.99999280500003], [-60.625, 50.99999275300007]]]]}}, {"type": "Feature", "properties": {"Feuillet250K": "32E", "Nom_Feuillet250K": "JOUTEL", "Lien_GPKG": "https://diffusion.mffp.gouv.qc.ca/Diffusion/DonneeGratuite/Foret/DONNEES_FOR_ECO_SUD/Cartes_ecoforestieres_perturbations/02-Donnees/Decoupage250K/32E/CARTE_ECO_MAJ_32E_GPKG.zip"}, "geometry": {"type": "MultiPolygon", "coordinates": [[[[-79.375, 50.000000868000086], [-79.25000067999991, 50.00000083600008], [-79.125, 50.00000084700008], [-79.00000023599995, 50.00000085800008], [-78.875, 50.00000092200008], [-78.75000035799991, 50.00000098600003], [-78.625, 50.00000161500009], [-78.49999883299995, 50.000002244000086], [-78.375, 50.000002615000085], [-78.24999708599995, 50.000002986000084], [-78.125, 50.00000281900009], [-77.99999664899991, 50.00000265300008], [-77.99999677499994, 49.9375], [-77.99999690099992, 49.87500456600009], [-77.99999664799992, 49.8125], [-77.99999639499993, 49.75000496600006], [-77.99999788899993, 49.6875], [-77.99999938399992, 49.62500169200007], [-77.99999711499993, 49.5625], [-77.99999484599994, 49.500003864000064], [-77.99999464099994, 49.4375], [-77.99999443599995, 49.375004007000086], [-77.9999944189999, 49.3125], [-77.99999440199991, 49.250003958000036], [-77.99999428799993, 49.1875], [-77.99999417299995, 49.12500404900004], [-77.99999404599993, 49.0625], [-77.9999939189999, 49.00000420300006], [-78.125, 49.00000408500006], [-78.24999373899993, 49.000003967000055], [-78.375, 49.000003846000084], [-78.4999932419999, 49.000003725000056], [-78.625, 49.000003605000074], [-78.74999256099994, 49.00000348600008], [-78.875, 49.000003518000085], [-78.99999226699993, 49.00000355000009], [-79.125, 49.000003485000036], [-79.24999167499993, 49.00000341900005], [-79.375, 49.000003399000036], [-79.49999120599995, 49.00000337800009], [-79.5177698469999, 49.00002238500008], [-79.51783634299994, 49.0625], [-79.51787521999995, 49.12502208900008], [-79.51786027799994, 49.1875], [-79.5178598729999, 49.250021606000075], [-79.51787745099995, 49.3125], [-79.51789925799994, 49.375021132000086], [-79.51787690799995, 49.4375], [-79.51783787699992, 49.500021435000065], [-79.51779645599993, 49.5625], [-79.51779995299995, 49.62502270300007], [-79.51778974199993, 49.6875], [-79.51777821999991, 49.75002178900007], [-79.51776950599992, 49.8125], [-79.51775943599995, 49.87501966200006], [-79.51776752899991, 49.9375], [-79.5177758769999, 50.00001949600005], [-79.50000031399992, 50.00000090000003], [-79.375, 50.000000868000086]]]]}}, {"type": "Feature", "properties": {"Feuillet250K": "32F", "Nom_Feuillet250K": "LAC WASWANIPI", "Lien_GPKG": "https://diffusion.mffp.gouv.qc.ca/Diffusion/DonneeGratuite/Foret/DONNEES_FOR_ECO_SUD/Cartes_ecoforestieres_perturbations/02-Donnees/Decoupage250K/32F/CARTE_ECO_MAJ_32F_GPKG.zip"}, "geometry": {"type": "MultiPolygon", "coordinates": [[[[-77.00000017499991, 50.00000328900006], [-76.875, 50.000002324000036], [-76.74999821199992, 50.000001359000066], [-76.625, 50.00000117500008], [-76.49999955299995, 50.00000099200008], [-76.375, 50.000000604000036], [-76.24999808599995, 50.000000217000036], [-76.125, 50.00000059300004], [-75.99999781899993, 50.00000097000009], [-75.99999774199995, 49.9375], [-75.99999766399992, 49.875000311000065], [-75.99999764099994, 49.8125], [-75.99999761899994, 49.75000029700004], [-75.99999722599995, 49.6875], [-75.9999968329999, 49.62500043600005], [-75.99999621299992, 49.5625], [-75.99999559399993, 49.50000020300007], [-75.99999677499994, 49.4375], [-75.9999979559999, 49.374999883000044], [-75.9999993639999, 49.3125], [-76.00000077199991, 49.24999869200008], [-75.99999995899992, 49.1875], [-75.99999914699993, 49.125000053000065], [-75.99999818999993, 49.0625], [-75.99999723399992, 49.00000161400004], [-76.125, 49.000001728000086], [-76.24999784099992, 49.000001842000074], [-76.375, 49.000002057000074], [-76.49999817199995, 49.000002272000074], [-76.625, 49.00000239600007], [-76.74999802799994, 49.00000251900008], [-76.875, 49.00000304000008], [-76.99999559199995, 49.000003561000085], [-77.125, 49.00000300600004], [-77.24999771099993, 49.00000245000007], [-77.375, 49.00000281100006], [-77.49999535899991, 49.00000317200005], [-77.625, 49.00000365100004], [-77.74999434499995, 49.000004130000036], [-77.875, 49.00000416700004], [-77.9999939189999, 49.00000420300006], [-77.99999404599993, 49.0625], [-77.99999417299995, 49.12500404900004], [-77.99999428799993, 49.1875], [-77.99999440199991, 49.250003958000036], [-77.9999944189999, 49.3125], [-77.99999443599995, 49.375004007000086], [-77.99999464099994, 49.4375], [-77.99999484599994, 49.500003864000064], [-77.99999711499993, 49.5625], [-77.99999938399992, 49.62500169200007], [-77.99999788899993, 49.6875], [-77.99999639499993, 49.75000496600006], [-77.99999664799992, 49.8125], [-77.99999690099992, 49.87500456600009], [-77.99999677499994, 49.9375], [-77.99999664899991, 50.00000265300008], [-77.875, 50.00000253800005], [-77.74999649099993, 50.00000242200008], [-77.625, 50.000002804000076], [-77.49999508399992, 50.00000318600007], [-77.375, 50.000003485000036], [-77.25000142499994, 50.00000378300007], [-77.125, 50.000003536000065], [-77.00000017499991, 50.00000328900006]]]]}}, {"type": "Feature", "properties": {"Feuillet250K": "32G", "Nom_Feuillet250K": "CHIBOUGAMAU", "Lien_GPKG": "https://diffusion.mffp.gouv.qc.ca/Diffusion/DonneeGratuite/Foret/DONNEES_FOR_ECO_SUD/Cartes_ecoforestieres_perturbations/02-Donnees/Decoupage250K/32G/CARTE_ECO_MAJ_32G_GPKG.zip"}, "geometry": {"type": "MultiPolygon", "coordinates": [[[[-75.375, 49.99999867200006], [-75.24999731199995, 49.999998592000054], [-75.125, 49.99999880900003], [-74.99999706299991, 49.99999902500008], [-74.875, 49.99999943900008], [-74.74999767799994, 49.99999985300008], [-74.625, 50.000000114000045], [-74.49999595899993, 50.00000037500007], [-74.375, 50.000000465000085], [-74.24999752199994, 50.00000055500004], [-74.125, 50.000000603000046], [-73.99999821599994, 50.00000065000006], [-73.99999814799992, 49.9375], [-73.9999980799999, 49.87500027600004], [-73.99999792799991, 49.8125], [-73.99999777499994, 49.75000060800005], [-73.99999713499994, 49.6875], [-73.9999964939999, 49.625001232000045], [-73.99999623299993, 49.5625], [-73.99999597199991, 49.500001325000085], [-73.99999623199994, 49.4375], [-73.99999649299991, 49.37500061800006], [-73.99999648399995, 49.3125], [-73.99999647499993, 49.25000049200008], [-73.99999633499993, 49.1875], [-73.99999619499994, 49.12500143200003], [-73.99999622299993, 49.0625], [-73.9999962519999, 49.00000239500008], [-74.125, 49.00000169600008], [-74.2499964829999, 49.000000997000086], [-74.375, 49.00000077400006], [-74.49999651999991, 49.00000055000004], [-74.625, 49.00000092400006], [-74.7499958059999, 49.00000129700004], [-74.875, 49.00000118600008], [-74.99999708799993, 49.00000107500006], [-75.125, 49.000001593000036], [-75.24999874999992, 49.00000211100007], [-75.375, 49.000001789000066], [-75.49999695799994, 49.00000146600007], [-75.625, 49.00000118600008], [-75.74999726599992, 49.000000905000036], [-75.875, 49.00000126000003], [-75.99999723399992, 49.00000161400004], [-75.99999818999993, 49.0625], [-75.99999914699993, 49.125000053000065], [-75.99999995899992, 49.1875], [-76.00000077199991, 49.24999869200008], [-75.9999993639999, 49.3125], [-75.9999979559999, 49.374999883000044], [-75.99999677499994, 49.4375], [-75.99999559399993, 49.50000020300007], [-75.99999621299992, 49.5625], [-75.9999968329999, 49.62500043600005], [-75.99999722599995, 49.6875], [-75.99999761899994, 49.75000029700004], [-75.99999764099994, 49.8125], [-75.99999766399992, 49.875000311000065], [-75.99999774199995, 49.9375], [-75.99999781899993, 50.00000097000009], [-75.875, 50.000000459000034], [-75.74999692699993, 49.99999994700005], [-75.625, 49.99999935000005], [-75.49999742699993, 49.99999875300006], [-75.375, 49.99999867200006]]]]}}, {"type": "Feature", "properties": {"Feuillet250K": "32H", "Nom_Feuillet250K": "RIVI\u00c8RE MISTASSINI", "Lien_GPKG": "https://diffusion.mffp.gouv.qc.ca/Diffusion/DonneeGratuite/Foret/DONNEES_FOR_ECO_SUD/Cartes_ecoforestieres_perturbations/02-Donnees/Decoupage250K/32H/CARTE_ECO_MAJ_32H_GPKG.zip"}, "geometry": {"type": "MultiPolygon", "coordinates": [[[[-72.625, 49.99999870900007], [-72.50000476399993, 49.99999765300004], [-72.375, 49.99999849400007], [-72.2500048469999, 49.99999933600009], [-72.125, 49.99999949000005], [-72.00000494099993, 49.99999964500006], [-72.00000440499991, 49.9375], [-72.00000386799991, 49.87499915700005], [-72.00000329999995, 49.8125], [-72.00000273299992, 49.74999863900007], [-72.00000275799994, 49.6875], [-72.0000027829999, 49.62499867400004], [-72.00000255399993, 49.5625], [-72.00000232499991, 49.49999889400004], [-71.99999791399995, 49.4375], [-71.99999350299993, 49.37500214000005], [-71.99999369299991, 49.3125], [-71.99999388299995, 49.250001489000056], [-71.99999638999992, 49.1875], [-71.99999889799994, 49.12500077400006], [-71.99999974299993, 49.0625], [-72.00000058899991, 49.000000911000086], [-72.125, 49.000000689000046], [-72.24999990899994, 49.00000046700006], [-72.375, 49.00000088400009], [-72.50000025299994, 49.000001302000044], [-72.625, 49.00000140800006], [-72.75000053899993, 49.000001514000076], [-72.875, 49.00000094900008], [-72.99999759699995, 49.00000038400003], [-73.125, 49.00000059300004], [-73.24999721599994, 49.000000803000034], [-73.375, 49.00000106500005], [-73.49999740899995, 49.00000132800005], [-73.625, 49.00000191700008], [-73.74999637799993, 49.000002505000054], [-73.875, 49.00000245000007], [-73.9999962519999, 49.00000239500008], [-73.99999622299993, 49.0625], [-73.99999619499994, 49.12500143200003], [-73.99999633499993, 49.1875], [-73.99999647499993, 49.25000049200008], [-73.99999648399995, 49.3125], [-73.99999649299991, 49.37500061800006], [-73.99999623199994, 49.4375], [-73.99999597199991, 49.500001325000085], [-73.99999623299993, 49.5625], [-73.9999964939999, 49.625001232000045], [-73.99999713499994, 49.6875], [-73.99999777499994, 49.75000060800005], [-73.99999792799991, 49.8125], [-73.9999980799999, 49.87500027600004], [-73.99999814799992, 49.9375], [-73.99999821599994, 50.00000065000006], [-73.875, 50.00000113700008], [-73.74999740499993, 50.00000162500004], [-73.625, 50.00000227400005], [-73.50000098899994, 50.00000292200008], [-73.375, 50.000002445000064], [-73.25000239999991, 50.00000196700006], [-73.125, 50.00000090000003], [-73.00000638299991, 49.99999983300006], [-72.875, 49.99999979900008], [-72.75000667799992, 49.99999976400005], [-72.625, 49.99999870900007]]]]}}, {"type": "Feature", "properties": {"Feuillet250K": "22E", "Nom_Feuillet250K": "R\u00c9SERVOIR PIPMUACAN", "Lien_GPKG": "https://diffusion.mffp.gouv.qc.ca/Diffusion/DonneeGratuite/Foret/DONNEES_FOR_ECO_SUD/Cartes_ecoforestieres_perturbations/02-Donnees/Decoupage250K/22E/CARTE_ECO_MAJ_22E_GPKG.zip"}, "geometry": {"type": "MultiPolygon", "coordinates": [[[[-69.99999867499992, 50.00000210600007], [-69.99999873999991, 49.9375], [-69.9999988049999, 49.875002031000065], [-70.0000001109999, 49.8125], [-70.00000141699991, 49.74999880800004], [-70.00000101599994, 49.6875], [-70.00000061599991, 49.62499980000007], [-70.00000013699992, 49.5625], [-69.99999965799992, 49.500000956000065], [-70.00000060899993, 49.4375], [-70.00000155999993, 49.374998807000054], [-70.00000202699994, 49.3125], [-70.00000249399994, 49.24999871700004], [-70.00000435599992, 49.1875], [-70.0000062169999, 49.124998481000034], [-70.00000620899993, 49.0625], [-70.00000619999992, 48.99999885800008], [-70.125, 48.99999801100006], [-70.25000396099995, 48.999997164000035], [-70.375, 48.99999738900004], [-70.50000324199993, 48.99999761400005], [-70.625, 48.99999867400004], [-70.74999742599994, 48.999999734000085], [-70.875, 48.99999929900008], [-70.9999937959999, 48.99999886400008], [-71.125, 49.00000062600009], [-71.25000686899995, 49.00000238800004], [-71.375, 49.00000214000005], [-71.49999916599995, 49.00000189100007], [-71.625, 49.000001818000044], [-71.75000115299991, 49.00000174500008], [-71.875, 49.00000132800005], [-72.00000058899991, 49.000000911000086], [-71.99999974299993, 49.0625], [-71.99999889799994, 49.12500077400006], [-71.99999638999992, 49.1875], [-71.99999388299995, 49.250001489000056], [-71.99999369299991, 49.3125], [-71.99999350299993, 49.37500214000005], [-71.99999791399995, 49.4375], [-72.00000232499991, 49.49999889400004], [-72.00000255399993, 49.5625], [-72.0000027829999, 49.62499867400004], [-72.00000275799994, 49.6875], [-72.00000273299992, 49.74999863900007], [-72.00000329999995, 49.8125], [-72.00000386799991, 49.87499915700005], [-72.00000440499991, 49.9375], [-72.00000494099993, 49.99999964500006], [-71.875, 49.99999980100006], [-71.75000586699991, 49.999999958000046], [-71.625, 49.99999997700007], [-71.50000570299994, 49.99999999700003], [-71.375, 50.00000105000004], [-71.2499988859999, 50.00000210300004], [-71.125, 50.00000202800004], [-70.99999901899992, 50.00000195300004], [-70.875, 50.00000193800008], [-70.74999909499991, 50.00000192200008], [-70.625, 50.00000206300007], [-70.49999856099993, 50.000002203000065], [-70.375, 50.000002179000035], [-70.24999861899994, 50.00000215600005], [-70.125, 50.00000213100009], [-69.99999867499992, 50.00000210600007]]]]}}, {"type": "Feature", "properties": {"Feuillet250K": "22F", "Nom_Feuillet250K": "BAIE-COMEAU", "Lien_GPKG": "https://diffusion.mffp.gouv.qc.ca/Diffusion/DonneeGratuite/Foret/DONNEES_FOR_ECO_SUD/Cartes_ecoforestieres_perturbations/02-Donnees/Decoupage250K/22F/CARTE_ECO_MAJ_22F_GPKG.zip"}, "geometry": {"type": "MultiPolygon", "coordinates": [[[[-68.625, 49.99999700500007], [-68.5000034759999, 49.99999691700003], [-68.375, 49.99999737100006], [-68.25000068499992, 49.99999782500004], [-68.125, 49.99999805400006], [-67.99999876099992, 49.99999828300008], [-67.99999929899991, 49.9375], [-67.9999998369999, 49.87499833600003], [-67.99999995199994, 49.8125], [-68.00000006699992, 49.74999851400008], [-68.0000000469999, 49.6875], [-68.00000002799993, 49.624998546000086], [-67.99999972199993, 49.5625], [-67.99999941699991, 49.499998567000034], [-67.99999984999994, 49.4375], [-68.00000028199992, 49.37499782600008], [-68.00000033399994, 49.3125], [-68.0000003589999, 49.28228395700006], [-68.02960972599993, 49.28111497500004], [-68.04040556099994, 49.28539938700004], [-68.05200998999993, 49.27944544700006], [-68.05201851899994, 49.27404984600008], [-68.05572957899994, 49.270408075000034], [-68.06355604999993, 49.26740266300004], [-68.07889224299993, 49.25336131600005], [-68.08511166499994, 49.253033223000045], [-68.09632624499994, 49.26026886200003], [-68.125, 49.27039176400007], [-68.13047650199991, 49.268378702000064], [-68.1300168379999, 49.26357020000006], [-68.13178628399993, 49.254720864000035], [-68.13501046999994, 49.25116903800006], [-68.1345247939999, 49.25006882800005], [-68.13229072399992, 49.232901972000036], [-68.13516711499994, 49.22911830600003], [-68.14081809699991, 49.22757628900007], [-68.14250500399993, 49.22318749000004], [-68.13966050099992, 49.21341928800007], [-68.14395812099991, 49.20399809200006], [-68.15563749099994, 49.200901858000066], [-68.17972664199993, 49.20124820500007], [-68.19713601899991, 49.197925061000035], [-68.20283763799995, 49.19356497900009], [-68.2024482779999, 49.1875], [-68.20084960299994, 49.16258811900008], [-68.18837130899993, 49.15864341900004], [-68.18117686399995, 49.15195046400004], [-68.17729053599993, 49.138394289000075], [-68.17833347999994, 49.12505647200004], [-68.18304405999993, 49.111246994000055], [-68.18678568899992, 49.10443522300005], [-68.19202609799993, 49.09912511400006], [-68.21271296499992, 49.09866650400005], [-68.21826799899992, 49.09736412400008], [-68.22743963699992, 49.09054401100008], [-68.25000046699995, 49.09127464900007], [-68.2828746859999, 49.09094577500008], [-68.30209385799992, 49.09398825800008], [-68.3126568859999, 49.092628448000085], [-68.32960104499995, 49.08802042700006], [-68.34277771599994, 49.08182780100009], [-68.36896426599992, 49.0625], [-68.375, 49.05873976600009], [-68.39120096599993, 49.04891851600007], [-68.40752454499994, 49.04374615800003], [-68.41865855599991, 49.04217421100009], [-68.45045450499993, 49.04169187500008], [-68.46436595599994, 49.044490271000086], [-68.46519019399994, 49.05244217300009], [-68.47761122899993, 49.0625], [-68.4859340349999, 49.06840924000005], [-68.4999996009999, 49.07065217100006], [-68.5267020629999, 49.07148009900004], [-68.54584156299995, 49.0625], [-68.5492627559999, 49.05863301900007], [-68.56377124499994, 49.061351036000076], [-68.57461814899995, 49.061106564000056], [-68.58689940799991, 49.05510116800008], [-68.58585863899992, 49.05003886500003], [-68.6021563839999, 49.04334640900004], [-68.60688082899992, 49.03493756900008], [-68.62186901199993, 49.02569184100008], [-68.62494694999992, 49.01967240200008], [-68.62368731899994, 49.014135949000035], [-68.62384698999995, 49.007866155000045], [-68.625, 49.00694383200005], [-68.63258449699993, 49.004947919000074], [-68.63619325199994, 49.00006971800008], [-68.7500006969999, 48.99999845000008], [-68.875, 48.99999877500005], [-69.00000069999993, 48.99999910000008], [-69.125, 48.99999937100006], [-69.25000192699991, 48.999999642000034], [-69.375, 48.99999956800008], [-69.50000260899992, 48.999999494000065], [-69.625, 48.999999709000065], [-69.75000744999994, 48.999999925000054], [-69.875, 48.99999939200006], [-70.00000619999992, 48.99999885800008], [-70.00000620899993, 49.0625], [-70.0000062169999, 49.124998481000034], [-70.00000435599992, 49.1875], [-70.00000249399994, 49.24999871700004], [-70.00000202699994, 49.3125], [-70.00000155999993, 49.374998807000054], [-70.00000060899993, 49.4375], [-69.99999965799992, 49.500000956000065], [-70.00000013699992, 49.5625], [-70.00000061599991, 49.62499980000007], [-70.00000101599994, 49.6875], [-70.00000141699991, 49.74999880800004], [-70.0000001109999, 49.8125], [-69.9999988049999, 49.875002031000065], [-69.99999873999991, 49.9375], [-69.99999867499992, 50.00000210600007], [-69.875, 50.000002057000074], [-69.74999853499992, 50.00000200800008], [-69.625, 50.00000170800007], [-69.49999455199992, 50.00000140800006], [-69.375, 50.00000096100007], [-69.24999709499991, 50.00000051400008], [-69.125, 49.99999939700007], [-69.0000020139999, 49.999998281000046], [-68.875, 49.999997687000075], [-68.75000336699992, 49.99999709400004], [-68.625, 49.99999700500007]]]]}}, {"type": "Feature", "properties": {"Feuillet250K": "22G", "Nom_Feuillet250K": "CAP-CHAT", "Lien_GPKG": "https://diffusion.mffp.gouv.qc.ca/Diffusion/DonneeGratuite/Foret/DONNEES_FOR_ECO_SUD/Cartes_ecoforestieres_perturbations/02-Donnees/Decoupage250K/22G/CARTE_ECO_MAJ_22G_GPKG.zip"}, "geometry": {"type": "MultiPolygon", "coordinates": [[[[-65.99999871799992, 49.1875], [-65.9999986869999, 49.12499798300007], [-65.9999982029999, 49.0625], [-65.99999771999995, 48.99999754400005], [-66.125, 48.99999770100004], [-66.24999863999994, 48.999997859000075], [-66.375, 48.999997861000054], [-66.4999987779999, 48.99999786400008], [-66.625, 48.99999757100005], [-66.74999905199991, 48.99999727800008], [-66.875, 49.000004362000084], [-66.98846090199993, 49.00001079200007], [-66.98187119499994, 49.00335409000007], [-66.96891152899991, 49.00351100700004], [-66.9636544949999, 49.00554609400007], [-66.94603891299994, 49.01870949700009], [-66.92853915299992, 49.02094432500007], [-66.9220725479999, 49.02794453000007], [-66.91116526399992, 49.03324922500008], [-66.89183387199995, 49.03707885000006], [-66.875, 49.043386928000075], [-66.86299648599993, 49.04702236700007], [-66.8556931789999, 49.04579476500004], [-66.85203149599994, 49.04227601800005], [-66.84668700999993, 49.04299230300006], [-66.8437851079999, 49.04833561200007], [-66.83917626199991, 49.05233816400005], [-66.81765701899991, 49.05211400200005], [-66.80943836199992, 49.05377371700007], [-66.8051438569999, 49.05560046700003], [-66.79777082299995, 49.0625], [-66.79555004299993, 49.064445370000044], [-66.77265959499994, 49.07062538200006], [-66.74999899399995, 49.08024357600004], [-66.73864442699994, 49.08956989300003], [-66.70413838599995, 49.093042220000086], [-66.68894608399995, 49.09845812400005], [-66.66814226999992, 49.100980966000066], [-66.66173999099993, 49.103794365000056], [-66.6474979919999, 49.114049881000085], [-66.63304420299994, 49.11017420100006], [-66.625, 49.109613065000076], [-66.60972342399992, 49.11205604300005], [-66.6016291759999, 49.111957403000076], [-66.5674938009999, 49.12505420000008], [-66.5508497859999, 49.12907829400007], [-66.53501985399993, 49.12503229300006], [-66.51105836699992, 49.125009928000054], [-66.4999987249999, 49.12641999400006], [-66.48432920999994, 49.13058959300008], [-66.47736752799995, 49.13059102300008], [-66.46415637299992, 49.13522156200008], [-66.45073898299995, 49.14105368600008], [-66.43283177199993, 49.15410008100008], [-66.42305182199993, 49.15556505400008], [-66.40619712999995, 49.162591974000065], [-66.375, 49.168126906000055], [-66.3601807359999, 49.170177512000066], [-66.33259352599993, 49.17803150100008], [-66.28541021299992, 49.18403776300005], [-66.27123484299995, 49.1875], [-66.26363578699994, 49.19074021100005], [-66.24999820699992, 49.193479866000075], [-66.23845078599993, 49.19696970200005], [-66.20406192799993, 49.19960154000006], [-66.17203600699992, 49.20662091100007], [-66.15229824599993, 49.20665303800007], [-66.125, 49.21060682500007], [-66.08672375799995, 49.216588830000035], [-66.06747732299993, 49.21723931000008], [-66.05578253499993, 49.22076550500009], [-65.99999873599995, 49.22462133300007], [-65.99999871799992, 49.1875]]], [[[-67.00445596499992, 49.82984728200006], [-67.00519211699992, 49.824446368000054], [-67.00955639699993, 49.82718937800007], [-67.02041071699995, 49.83012118400006], [-67.0166953879999, 49.83192201400004], [-67.01483706499994, 49.83703051700007], [-67.00679592099993, 49.83485656000005], [-67.00445596499992, 49.82984728200006]]], [[[-66.92817527099993, 50.00005732000005], [-66.93312106199994, 49.99719503400007], [-66.93404525999995, 49.99332416200008], [-66.93975465199992, 49.99050162200007], [-66.9427115599999, 49.98565150100006], [-66.95097331999995, 49.983883596000055], [-66.95799952699991, 49.98032900900006], [-66.96004207699991, 49.97722754500006], [-66.96205625499994, 49.97164423500004], [-66.96059169099993, 49.96672802300009], [-66.97043031599992, 49.95808760300008], [-66.9725775679999, 49.95418612600008], [-66.96820602699995, 49.9375], [-66.9678058959999, 49.93444590000007], [-66.97084526099991, 49.934217028000035], [-66.97141387999994, 49.93189084000005], [-66.98122326999993, 49.92384272700008], [-66.9798476759999, 49.92095032600008], [-66.9722769839999, 49.92046653300008], [-66.96550588199995, 49.91821465600003], [-66.96641310299992, 49.91423559700007], [-66.9730488479999, 49.91098398200006], [-66.97442607499994, 49.907240760000036], [-66.99083611999993, 49.89975201900006], [-66.99497548599993, 49.895274328000085], [-66.99582778699994, 49.892292841000085], [-66.99326143999991, 49.88615837800006], [-66.99966886199991, 49.88289529100007], [-67.00000021199992, 49.88067924000006], [-67.00057050899994, 49.87499972400008], [-67.00116336499991, 49.87020561500003], [-67.0035031619999, 49.86859718800008], [-67.0024557669999, 49.866272827000046], [-67.0032994789999, 49.862679780000065], [-67.01295671699995, 49.860913415000084], [-67.01168699899995, 49.85578289400007], [-67.01396664299995, 49.85174625900004], [-67.01939908699995, 49.84805528600003], [-67.02003286899992, 49.84443427900004], [-67.02350474099995, 49.84061813400007], [-67.03999648299992, 49.825713703000076], [-67.04698434099993, 49.824590242000056], [-67.05210253799993, 49.819700681000086], [-67.0600811029999, 49.82107102500004], [-67.05956141599995, 49.82473767100004], [-67.06285940299995, 49.82893128500007], [-67.05994768399995, 49.83884700200008], [-67.06568501999993, 49.844002938000074], [-67.07108612699994, 49.846450753000056], [-67.08562010199995, 49.847708511000064], [-67.0974993989999, 49.84554737500008], [-67.10800926599995, 49.84065600100007], [-67.11173502299994, 49.83721576500005], [-67.10744513199995, 49.83132971500004], [-67.1141975829999, 49.824752501000034], [-67.125, 49.81995524700005], [-67.13509445199992, 49.8125], [-67.13607686699993, 49.809582410000075], [-67.14908112099994, 49.800118316000066], [-67.1492731749999, 49.79467895100004], [-67.15283186599993, 49.79040062000007], [-67.15593766899991, 49.78134623200003], [-67.16080103999991, 49.77891482300004], [-67.16507020899991, 49.77396384600007], [-67.16907938699995, 49.76630533800005], [-67.17171404399994, 49.750058918000036], [-67.1717220349999, 49.71414252800008], [-67.16807924099993, 49.6875], [-67.1660558239999, 49.67288972800009], [-67.16717295099994, 49.66756070900004], [-67.17941649099993, 49.66384561500007], [-67.18869711899993, 49.65531062100007], [-67.19507326999991, 49.643413328000065], [-67.20392497199992, 49.636008968000056], [-67.20477869699994, 49.62761265900008], [-67.20739965799993, 49.62503779700006], [-67.23446960699994, 49.59222022900008], [-67.23361532199993, 49.58146375800004], [-67.23427809799995, 49.57401090900004], [-67.23649170899995, 49.56864769500004], [-67.23633005699992, 49.5625], [-67.23574885999994, 49.54746972500004], [-67.2334173779999, 49.539101748000064], [-67.23402930799995, 49.532504337000034], [-67.2303640799999, 49.516407626000046], [-67.2310288939999, 49.500017752000076], [-67.23257527499993, 49.47560624600004], [-67.23485678199995, 49.47476627000003], [-67.2415192869999, 49.456922861000066], [-67.24999940599992, 49.45268095300008], [-67.25549817099994, 49.45036193300007], [-67.26433080299995, 49.443483299000036], [-67.26543655199993, 49.44008637700006], [-67.26934480999995, 49.4375], [-67.27833025899992, 49.43082286500004], [-67.27760120199991, 49.42742237600004], [-67.27903926099992, 49.42336962100006], [-67.2924238409999, 49.42355631500004], [-67.30069277599995, 49.42066636000004], [-67.30321202099992, 49.41810224000005], [-67.30739752999995, 49.40514804900005], [-67.30676596199993, 49.390534529000035], [-67.31868043899993, 49.38349486300007], [-67.32330902599995, 49.37563370200007], [-67.3251554439999, 49.37505781800007], [-67.3286169189999, 49.37397808900005], [-67.3359978009999, 49.36585978900007], [-67.33915478999995, 49.360468763000085], [-67.33976010599991, 49.356369107000035], [-67.36307110299992, 49.33484430500005], [-67.36422428199995, 49.33081708700007], [-67.36770282299995, 49.32663061200009], [-67.375, 49.32174992600005], [-67.38116994699993, 49.316043221000086], [-67.38419080999995, 49.31824041800007], [-67.39095630299994, 49.319326130000036], [-67.40243176699994, 49.317789710000056], [-67.4068234099999, 49.32319775500008], [-67.41368391399993, 49.32560403200006], [-67.4225805929999, 49.31978327500008], [-67.44406708799994, 49.320263314000044], [-67.45552391699994, 49.32267824300004], [-67.46757572299992, 49.32146820600008], [-67.50000000499995, 49.32480793800005], [-67.5363047589999, 49.32312167500004], [-67.54495909899993, 49.324332677000086], [-67.5718924709999, 49.32181909500008], [-67.58670146899993, 49.325747610000064], [-67.59544223899991, 49.320983726000065], [-67.60118062099991, 49.3125], [-67.6050708599999, 49.309403657000075], [-67.625, 49.311322947000065], [-67.63158099499992, 49.3125], [-67.64578340199995, 49.313809194000044], [-67.64730769399995, 49.3125], [-67.65732051499992, 49.304235178000056], [-67.66888749799995, 49.300720788000035], [-67.68258448599994, 49.30477347400006], [-67.69994839499992, 49.306992896000054], [-67.7074702729999, 49.31006402700007], [-67.71636093799992, 49.308267251000075], [-67.72167920299995, 49.30430047800007], [-67.7346827689999, 49.30310578400008], [-67.75000037399991, 49.303716949000034], [-67.76852178999991, 49.30501946600003], [-67.77223904199991, 49.303293110000084], [-67.7716202979999, 49.29829477100009], [-67.8024263719999, 49.272256963000075], [-67.82421049899995, 49.27040841300004], [-67.85412407099994, 49.281408311000064], [-67.875, 49.28615830200005], [-67.8945034919999, 49.291142351000076], [-67.91805516699992, 49.29125739600005], [-67.94056166999991, 49.283629026000085], [-67.94513474099995, 49.286174336000045], [-67.96054655799992, 49.27897391200008], [-67.97269226599991, 49.28136185200003], [-67.98507204499992, 49.280851892000044], [-68.0000003589999, 49.28228395700006], [-68.00000033399994, 49.3125], [-68.00000028199992, 49.37499782600008], [-67.99999984999994, 49.4375], [-67.99999941699991, 49.499998567000034], [-67.99999972199993, 49.5625], [-68.00000002799993, 49.624998546000086], [-68.0000000469999, 49.6875], [-68.00000006699992, 49.74999851400008], [-67.99999995199994, 49.8125], [-67.9999998369999, 49.87499833600003], [-67.99999929899991, 49.9375], [-67.99999876099992, 49.99999828300008], [-67.875, 49.999998367000046], [-67.7499965639999, 49.99999845000008], [-67.625, 49.99999832600008], [-67.49999876999993, 49.999998203000075], [-67.375, 49.999998547000075], [-67.24999948899995, 49.999998891000075], [-67.125, 49.99999931800005], [-67.00000084999994, 49.99999974500008], [-66.92817527099993, 50.00005732000005]]]]}}, {"type": "Feature", "properties": {"Feuillet250K": "22H", "Nom_Feuillet250K": "PORT-MENIER", "Lien_GPKG": "https://diffusion.mffp.gouv.qc.ca/Diffusion/DonneeGratuite/Foret/DONNEES_FOR_ECO_SUD/Cartes_ecoforestieres_perturbations/02-Donnees/Decoupage250K/22H/CARTE_ECO_MAJ_22H_GPKG.zip"}, "geometry": {"type": "MultiPolygon", "coordinates": [[[[-65.52110647299992, 49.25367135100004], [-65.50955585199995, 49.25180346800005], [-65.49999891599992, 49.25266226400004], [-65.45908149399992, 49.25378920900005], [-65.43763677599992, 49.25163619400007], [-65.43123770099993, 49.25323467800007], [-65.375, 49.25244884400007], [-65.3647353209999, 49.252591575000054], [-65.35528784199994, 49.25006677500005], [-65.34743738199995, 49.250065032000066], [-65.33957705099994, 49.25151816200008], [-65.32859947299994, 49.25142656400004], [-65.32757295999994, 49.250058101000036], [-65.3191964209999, 49.241889481000044], [-65.3114072429999, 49.240118875000064], [-65.28889722999992, 49.240130958000066], [-65.28299369699994, 49.23592662500005], [-65.2738361939999, 49.23431562400003], [-65.24999914499995, 49.23452070800005], [-65.22879154999993, 49.23325071700003], [-65.20343305799992, 49.22877668600006], [-65.19197309799995, 49.23014089700007], [-65.14057927699992, 49.23033837600008], [-65.13062353799995, 49.22490771100007], [-65.125, 49.22647387400008], [-65.10699207199991, 49.22920678600008], [-65.09418366499995, 49.22827526600008], [-65.06048919299991, 49.22350666700004], [-65.04375781399995, 49.22268740700008], [-65.02427942899993, 49.21782256700004], [-64.99999858899992, 49.215474423000046], [-64.98053951399993, 49.21185278000007], [-64.93356176199995, 49.206391299000074], [-64.90131255499995, 49.19668789200006], [-64.875, 49.19268629600003], [-64.85371132299991, 49.1875], [-64.85123240199994, 49.18384773900004], [-64.84600813499992, 49.18025743700008], [-64.83566431699995, 49.178093766000075], [-64.8238700739999, 49.17844217000004], [-64.81229835399995, 49.17276375900008], [-64.80518454799994, 49.164563426000086], [-64.79874407599993, 49.16078534900004], [-64.79241438499992, 49.16166483100005], [-64.7862055409999, 49.15977394500004], [-64.77768202899995, 49.15334701200004], [-64.76127183799991, 49.14825943300008], [-64.74999809799993, 49.14261940200004], [-64.74259594799992, 49.13887584400004], [-64.73663402999995, 49.13890621300004], [-64.70841788899992, 49.133439115000044], [-64.68068614399994, 49.12505543200007], [-64.66116061299994, 49.11948604300005], [-64.63976381899994, 49.11585388300006], [-64.6347423229999, 49.113153057000034], [-64.625, 49.113028245000066], [-64.62040029199994, 49.11346566900005], [-64.60012819799994, 49.10781057300005], [-64.58386894299991, 49.09942430400008], [-64.5767446669999, 49.09769369700007], [-64.56932809499995, 49.09205985500006], [-64.55542391099993, 49.08686059300004], [-64.54213568599994, 49.07820618100004], [-64.51619244099993, 49.07207961600005], [-64.49999717699995, 49.063161033000085], [-64.49902289199991, 49.0625], [-64.47847707999995, 49.054326942000046], [-64.47148995499992, 49.04612393200006], [-64.45223570999991, 49.03791608600005], [-64.43669600899995, 49.028088350000075], [-64.4269452719999, 49.018756988000064], [-64.41799618099992, 49.01471320400009], [-64.4040840159999, 49.011689844000045], [-64.39217638299993, 49.005456252000045], [-64.39163976799995, 49.000067674000036], [-64.49999718599992, 48.99999745300005], [-64.625, 48.99999795800005], [-64.74999899699992, 48.999998463000054], [-64.875, 48.99999913600004], [-64.9999975419999, 48.99999980800004], [-65.125, 49.00000001700005], [-65.24999624399993, 49.000000225000065], [-65.375, 48.99999907100005], [-65.49999876999993, 48.99999791600004], [-65.625, 48.999998179000045], [-65.74999840799995, 48.99999844200005], [-65.875, 48.99999799300008], [-65.99999771999995, 48.99999754400005], [-65.9999982029999, 49.0625], [-65.9999986869999, 49.12499798300007], [-65.99999871799992, 49.1875], [-65.99999873599995, 49.22462133300007], [-65.95789939299993, 49.22755418300005], [-65.91081150199994, 49.22741954400004], [-65.90391822999993, 49.22595672500006], [-65.8968071029999, 49.22016155100005], [-65.8906861239999, 49.219749799000056], [-65.875, 49.22441440000006], [-65.8500996169999, 49.231193817000076], [-65.82693694199992, 49.23336870300005], [-65.82088311299992, 49.23190928200006], [-65.81505815699995, 49.22354048100004], [-65.80845912199993, 49.22268911400005], [-65.79923462799991, 49.223809423000034], [-65.7929401689999, 49.22673084000007], [-65.78780377699991, 49.23196809800004], [-65.78243603599992, 49.23468070900009], [-65.76423380299991, 49.23874832900003], [-65.74999894399991, 49.23950578000006], [-65.7476603419999, 49.239432100000045], [-65.73834940799992, 49.23397477000009], [-65.73488916399992, 49.229587321000054], [-65.72614797199992, 49.23037295200004], [-65.72118521199991, 49.23293453200006], [-65.71782986199992, 49.23721455400005], [-65.71242793399995, 49.237586158000056], [-65.69897673299994, 49.242447767000044], [-65.67341405199994, 49.248168863000046], [-65.66302442499995, 49.24796821400008], [-65.65128843799994, 49.24243833500009], [-65.64284760899994, 49.24330452000004], [-65.63098002299995, 49.25006947400004], [-65.625, 49.25178753700004], [-65.55796382299991, 49.25680182100007], [-65.53951704699995, 49.25374995100009], [-65.52110647299992, 49.25367135100004]]], [[[-64.14896943799994, 49.95181491500006], [-64.125, 49.94480902000004], [-64.10126973799993, 49.9375], [-64.08812706499992, 49.932274120000045], [-64.0783003809999, 49.926601110000036], [-64.05024991999994, 49.931018487000074], [-64.03282296899994, 49.92827017600007], [-64.02246300199994, 49.92516181900004], [-64.01254067099995, 49.92020213900008], [-63.999996783999904, 49.919637961000035], [-63.99999673399992, 49.874997343000075], [-63.999996910999926, 49.8125], [-63.99999708899992, 49.74999703600008], [-63.99999720999995, 49.70035297800007], [-64.01800441099994, 49.70428028900005], [-64.04203467799994, 49.70688652200005], [-64.05436871599994, 49.71663691700007], [-64.05665849799993, 49.71645683200006], [-64.05919881799991, 49.713112601000034], [-64.0639830799999, 49.71154808300008], [-64.08486028499993, 49.71385485300004], [-64.1075730949999, 49.72093859100005], [-64.11186064999993, 49.72069232300004], [-64.11366158999994, 49.72269454500008], [-64.125, 49.72721961800005], [-64.13485807099994, 49.72959698600005], [-64.14269425599991, 49.72978328000005], [-64.1516395509999, 49.73391977600005], [-64.15778115799992, 49.73449560700004], [-64.15770530999993, 49.737390711000046], [-64.16504851899992, 49.73885085000006], [-64.16662657299992, 49.737326823000046], [-64.17747681799995, 49.737195701000076], [-64.17958448699994, 49.73526830900005], [-64.1946609229999, 49.740290532000074], [-64.19941780399995, 49.73839665600008], [-64.20541983299995, 49.74156823100009], [-64.22112786399993, 49.74616589700008], [-64.22209269299992, 49.74971999300004], [-64.22564451199992, 49.74985433900008], [-64.2285264759999, 49.74819764800009], [-64.23597536199992, 49.748736386000076], [-64.2373563349999, 49.75001176000006], [-64.24570345399991, 49.75134772200005], [-64.24999754499993, 49.75368149600007], [-64.26348980099993, 49.75806627500003], [-64.26624170699995, 49.75728962300008], [-64.27163429299992, 49.758712064000065], [-64.27822864699993, 49.76142239200004], [-64.2794787439999, 49.764302128000054], [-64.28361395799993, 49.76776279900008], [-64.31832466399993, 49.78141782100005], [-64.32245156099992, 49.78450838800006], [-64.3273564399999, 49.791565338000055], [-64.32805386599995, 49.79462352300004], [-64.32673506299994, 49.79831714200009], [-64.32898433499992, 49.80257350000005], [-64.32827726999994, 49.80610615900008], [-64.32972853599995, 49.808230337000055], [-64.34601859199995, 49.8125], [-64.35405649099994, 49.817641877000085], [-64.35319865299994, 49.820985678000056], [-64.35523737799991, 49.82243586300007], [-64.375, 49.825039881000066], [-64.37539431399995, 49.82601103700006], [-64.375, 49.827090368000086], [-64.37302358199992, 49.82904757000006], [-64.375, 49.83007147600006], [-64.38694691699993, 49.830932302000065], [-64.39288787699991, 49.828456249000055], [-64.39099099499992, 49.82518155000008], [-64.39159368199995, 49.82291618900007], [-64.39635380999994, 49.81967454200009], [-64.39135534499991, 49.81762889700008], [-64.39246371199994, 49.8125], [-64.38745412299994, 49.810000254000045], [-64.38392885499991, 49.80254264100006], [-64.37918759799993, 49.798581443000046], [-64.37907184699992, 49.79484084500007], [-64.38038207299991, 49.793025905000036], [-64.39139551099993, 49.793504289000055], [-64.41645481199993, 49.80040370000006], [-64.42765979599994, 49.8125], [-64.4358362289999, 49.81952332800006], [-64.44162777999992, 49.822601502000055], [-64.44351221199992, 49.827538805000074], [-64.45221723899994, 49.83769430500007], [-64.49999746999993, 49.85131964900006], [-64.51326809799991, 49.85646884600004], [-64.52349381999994, 49.863516624000056], [-64.52065873499993, 49.86950553600008], [-64.52050876499993, 49.875019691000034], [-64.51970270799995, 49.87897386000009], [-64.51628131699994, 49.883497109000075], [-64.51191204699995, 49.88473845400006], [-64.50711165699994, 49.88900978700008], [-64.49999736299992, 49.889523119000046], [-64.4955323719999, 49.89155455100007], [-64.48964275599991, 49.90216413200005], [-64.47630455399991, 49.905983621000075], [-64.47307526499992, 49.904975870000044], [-64.47048519399993, 49.90603622700007], [-64.46445492099991, 49.90866003000008], [-64.46825543199992, 49.90929055600009], [-64.46335168599995, 49.91303851500004], [-64.4561251149999, 49.91295511000004], [-64.43995561299994, 49.915968983000084], [-64.43247885399995, 49.91521859800008], [-64.42473363899995, 49.91718294600008], [-64.40990289199993, 49.91736122900005], [-64.38863949799992, 49.92311530600006], [-64.375, 49.92409160300008], [-64.35336202399992, 49.92320194000007], [-64.32957952699991, 49.933680448000075], [-64.31257359199992, 49.9375], [-64.29652409199991, 49.940128008000045], [-64.27761103699993, 49.9375], [-64.26748251399994, 49.935874443000046], [-64.25975451099993, 49.9375], [-64.24999737699994, 49.94311613000008], [-64.23918850099994, 49.94634328600006], [-64.2224870579999, 49.94786898400008], [-64.17374851999995, 49.94532348000007], [-64.14896943799994, 49.95181491500006]]]]}}, {"type": "Feature", "properties": {"Feuillet250K": "12E", "Nom_Feuillet250K": "\u00ceLE D'ANTICOSTI", "Lien_GPKG": "https://diffusion.mffp.gouv.qc.ca/Diffusion/DonneeGratuite/Foret/DONNEES_FOR_ECO_SUD/Cartes_ecoforestieres_perturbations/02-Donnees/Decoupage250K/12E/CARTE_ECO_MAJ_12E_GPKG.zip"}, "geometry": {"type": "MultiPolygon", "coordinates": [[[[-63.875, 49.87846665900008], [-63.86638229399995, 49.87676766700008], [-63.85400554799992, 49.87940580700007], [-63.828261554999926, 49.88055435000007], [-63.8187833529999, 49.879716735000045], [-63.79951319599991, 49.875042112000074], [-63.782318948999944, 49.87179096700004], [-63.74999635599994, 49.87259888300008], [-63.73500253599991, 49.870921879000036], [-63.70610693399993, 49.864972960000046], [-63.67332154999991, 49.85509569100009], [-63.6406097549999, 49.851998422000065], [-63.625, 49.848992603000056], [-63.61020556799991, 49.84842409200007], [-63.593289702999925, 49.85025317000009], [-63.57559803799995, 49.84747888900006], [-63.55308177899991, 49.841605289000086], [-63.4999955589999, 49.838991967000084], [-63.47917946599995, 49.83809162400007], [-63.42122378699992, 49.82970784200006], [-63.381420017999915, 49.826965631000064], [-63.375, 49.825429807000035], [-63.3265039609999, 49.8125], [-63.307653642999924, 49.81112367700007], [-63.289836229999935, 49.805696596000075], [-63.2566781349999, 49.80110138200007], [-63.24999250499991, 49.79898171800005], [-63.24423904199995, 49.796471301000054], [-63.22605743899993, 49.793745975000036], [-63.21679908099992, 49.79034380300004], [-63.2051468439999, 49.789782519000084], [-63.180185525999946, 49.784240527000065], [-63.1563496739999, 49.781889368000066], [-63.1431043419999, 49.77581820800003], [-63.125, 49.772200001000044], [-63.081771174999915, 49.76681983100008], [-63.07678343899994, 49.763629363000064], [-63.063795833999905, 49.76060957800007], [-63.05877542399992, 49.756239891000064], [-63.05288159499992, 49.75373863100003], [-63.02199228699993, 49.75354640900008], [-63.01432483099995, 49.752387172000056], [-63.01163244299994, 49.75001086200007], [-63.008200676999934, 49.74300156000004], [-63.00717152699991, 49.73719725800004], [-62.99999592699993, 49.73328082000006], [-62.94401518899991, 49.73242973400005], [-62.93999814599994, 49.73076223600003], [-62.93742698299991, 49.727781820000075], [-62.93439118899994, 49.722675897000045], [-62.93529678099992, 49.71763797700004], [-62.933736678999935, 49.715526115000046], [-62.92276998099993, 49.70661519600009], [-62.89870954899993, 49.70504685600008], [-62.88354773399993, 49.70186588900003], [-62.875, 49.702160581000044], [-62.854310288999955, 49.701950726000064], [-62.85227095199991, 49.70040992200006], [-62.85233696699993, 49.69779242200008], [-62.848186418999944, 49.689576953000085], [-62.835516527999914, 49.6875], [-62.82013732199994, 49.68618634500007], [-62.80515351999992, 49.683029084000054], [-62.800241342999925, 49.679685231000065], [-62.78925092299994, 49.676499041000056], [-62.77995638999994, 49.67188125100006], [-62.77603600499992, 49.66873222700008], [-62.77392452099991, 49.66480795000007], [-62.76775774399994, 49.66046940700005], [-62.76080431699995, 49.657811699000035], [-62.74999290599993, 49.65825270600004], [-62.72375675699993, 49.66079900100004], [-62.700603376999936, 49.65999827400009], [-62.69478051899995, 49.654141638000056], [-62.68916543599994, 49.643678547000036], [-62.68567004599993, 49.64230267100004], [-62.67129604399992, 49.64170255800008], [-62.6684023009999, 49.639978341000074], [-62.6652001839999, 49.63228632800008], [-62.65182078999993, 49.628517601000055], [-62.64812232199995, 49.625065730000074], [-62.64344578899994, 49.62084030500006], [-62.63657562299994, 49.618839767000054], [-62.625, 49.620147959000064], [-62.59812470199995, 49.61567699900007], [-62.578341561999935, 49.60535113900005], [-62.5693470139999, 49.607853411000065], [-62.56029819799994, 49.60725325300007], [-62.55234038399993, 49.59754238600004], [-62.54764500199991, 49.59405998500006], [-62.54199419699995, 49.59243850800004], [-62.522001487999944, 49.59092622700007], [-62.51453824399994, 49.588563924000084], [-62.51233340999994, 49.586955671000055], [-62.51019943199992, 49.580068322000045], [-62.50756830699993, 49.57653927600006], [-62.49999299299992, 49.574668357000064], [-62.48758945199995, 49.57259301700009], [-62.47923178699995, 49.56676518900008], [-62.47847183999994, 49.5625], [-62.47735839499995, 49.558795890000056], [-62.474979240999915, 49.55663979500008], [-62.46200664799994, 49.55348419300009], [-62.44379309899995, 49.54650338000005], [-62.44292995899991, 49.54545830200004], [-62.444457246999946, 49.54367440100003], [-62.4592896179999, 49.538966326000036], [-62.46190245199995, 49.536210940000046], [-62.4617046219999, 49.53387462000006], [-62.45783548599991, 49.52960841500004], [-62.45215166299994, 49.527173487000084], [-62.437512532999904, 49.525953110000046], [-62.440784, 49.522941148000086], [-62.441813571999944, 49.519731499000045], [-62.4395654409999, 49.51413858300003], [-62.43598766799994, 49.510480793000056], [-62.43195780199994, 49.50915541900008], [-62.416505539999946, 49.50918894500006], [-62.41626430899993, 49.506619055000044], [-62.41975205099993, 49.50483795200006], [-62.421378502999914, 49.50174062100007], [-62.41960396299993, 49.500059725000085], [-62.4147793759999, 49.49363690700005], [-62.395612858999925, 49.48427308300006], [-62.3882528499999, 49.484087008000074], [-62.375, 49.488783597000065], [-62.36237003699995, 49.49096419300008], [-62.34991978799991, 49.49103836000006], [-62.33507876099992, 49.484456186000045], [-62.32618051599991, 49.48389961500004], [-62.329065474999936, 49.47818684400005], [-62.328699515999915, 49.47531189100005], [-62.3214889759999, 49.46746803700006], [-62.307619548999924, 49.463941814000066], [-62.28852171999995, 49.46803026200007], [-62.274298632999944, 49.45943074500008], [-62.264697794999904, 49.458595364000075], [-62.25438737199994, 49.455542809000065], [-62.2525630209999, 49.451705942000046], [-62.252247205999936, 49.446393482000076], [-62.24999216099991, 49.442905264000046], [-62.24962269999992, 49.4375], [-62.249992121999924, 49.43651006300007], [-62.251022948999946, 49.43486427000005], [-62.24999209099991, 49.431234077000056], [-62.24960815199995, 49.42888456500003], [-62.24999207199994, 49.428079994000086], [-62.24999205499995, 49.42533190900008], [-62.24514507999993, 49.42094612400007], [-62.23951640599995, 49.418422890000045], [-62.22954985399991, 49.41876152400005], [-62.22066449499994, 49.41723464900008], [-62.2127481309999, 49.41025166800006], [-62.189585379999926, 49.403647840000076], [-62.18611005999992, 49.39949601200004], [-62.180586897999945, 49.396642125000085], [-62.16350451599993, 49.39679541000004], [-62.14557686099994, 49.40393788700004], [-62.136181311999906, 49.40198460400006], [-62.12960810199991, 49.39654425900005], [-62.125, 49.39468011200006], [-62.112662385999954, 49.384423698000035], [-62.09127366599995, 49.37776371700005], [-62.0769328529999, 49.37861854400006], [-62.06319518899994, 49.38650964200008], [-62.0585098759999, 49.38755751800005], [-62.04143101799991, 49.38650570100003], [-62.03382057199991, 49.38461677600009], [-62.018358475999946, 49.375019412000086], [-62.00773103499995, 49.37115576300005], [-61.99999345999993, 49.37128241400006], [-61.99999193699995, 49.3125], [-61.99999031599992, 49.250000389000036], [-61.99998922799995, 49.1875], [-61.999988138999925, 49.12500055900006], [-61.99998784199994, 49.07653768300008], [-62.006356146999906, 49.074405348000084], [-62.010982688999945, 49.06905217900004], [-62.0149886399999, 49.06731676800007], [-62.03233484599991, 49.06783160200007], [-62.04022019699994, 49.07180578200007], [-62.05159783499994, 49.07333470600008], [-62.058268221999924, 49.07249320600005], [-62.066391266999915, 49.068218082000044], [-62.072402637999915, 49.07324237800003], [-62.082799166999905, 49.07621195300004], [-62.09003730899991, 49.07593236200006], [-62.0996271219999, 49.07316713500006], [-62.1123393769999, 49.072848556000054], [-62.117257568999946, 49.07097884400008], [-62.125, 49.073352466000074], [-62.132745609999915, 49.07372772300005], [-62.15097672999991, 49.07151304800004], [-62.1614219569999, 49.07266763100006], [-62.17944647499991, 49.07048556400008], [-62.1867522629999, 49.07223189200005], [-62.19657053499992, 49.070572404000075], [-62.206257518999905, 49.072240101000034], [-62.21477878099995, 49.06895024100004], [-62.22584292399995, 49.067424336000045], [-62.24308156299992, 49.0625], [-62.24749880799993, 49.06220516700006], [-62.24984701299991, 49.0625], [-62.249988164999934, 49.06253462900008], [-62.26684182899993, 49.06793261300004], [-62.27409171799991, 49.07296517600008], [-62.294828105999954, 49.07804914400003], [-62.3046187299999, 49.07906044400005], [-62.322328102999904, 49.08704729900006], [-62.35127310699994, 49.09507494600007], [-62.36527022999991, 49.09753381000007], [-62.375, 49.096542054000054], [-62.388042800999926, 49.09972610500006], [-62.39821161999993, 49.10617621000006], [-62.40657207299995, 49.104950795000036], [-62.43959649199991, 49.110100414000044], [-62.45031686199991, 49.11770161900006], [-62.46326357699991, 49.119815601000084], [-62.47294266499995, 49.12432975100006], [-62.47988415099991, 49.124747712000044], [-62.49205361499992, 49.12139730900009], [-62.49472020199994, 49.12250743900006], [-62.495721519999904, 49.12500278600004], [-62.499990330999935, 49.12898823000006], [-62.50717063399992, 49.13176109600005], [-62.514628848999905, 49.13123721000005], [-62.520677934999924, 49.134178518000056], [-62.528873554999905, 49.13285574300005], [-62.53723900499995, 49.13377912400006], [-62.539187729999924, 49.13456196300007], [-62.5398118789999, 49.13688549900007], [-62.53753551799991, 49.140763949000075], [-62.541452774999925, 49.14259017200004], [-62.546697803999905, 49.136499498000035], [-62.56018174099995, 49.133813573000054], [-62.572951676999935, 49.137481592000086], [-62.58135497399991, 49.13629704600004], [-62.587336655999934, 49.137194101000034], [-62.610602316999916, 49.14424795600007], [-62.61938074299991, 49.14509839900006], [-62.625, 49.144049746000064], [-62.647401086999935, 49.14513806700006], [-62.654599238999936, 49.14342964400004], [-62.66409606099995, 49.14624801100007], [-62.6738592129999, 49.14636489800006], [-62.687579755999934, 49.151458526000056], [-62.71372121899992, 49.15356978600005], [-62.719159850999915, 49.15618347100008], [-62.730130113999905, 49.15512282000009], [-62.74999211599993, 49.157567877000076], [-62.77353651699991, 49.16091125000008], [-62.78422864899994, 49.16554112000006], [-62.794582602999924, 49.165542464000055], [-62.809008124999934, 49.171728865000034], [-62.85316728799995, 49.184628316000044], [-62.875, 49.185393763000036], [-62.885558475999915, 49.1875], [-62.89920886999994, 49.19095025100006], [-62.91875715999993, 49.188886134000086], [-62.93229393099995, 49.19060760100007], [-62.93496133499991, 49.19127592800004], [-62.93946829399994, 49.195752248000076], [-62.951640770999916, 49.20046515800004], [-62.96477365499993, 49.203231], [-62.9737486219999, 49.203206779000084], [-62.99999200499991, 49.21031275300004], [-63.00673224099995, 49.21150841500008], [-63.010210928999925, 49.214053352000064], [-63.01666244599994, 49.21406452200006], [-63.02635186899994, 49.216445742000076], [-63.05449002599994, 49.22601027300004], [-63.077227948999905, 49.226490450000085], [-63.08123471099992, 49.229939038000055], [-63.08798955799995, 49.229976874000045], [-63.099573463999945, 49.23260900300005], [-63.10692079599994, 49.23552158400008], [-63.1126922979999, 49.241283535000036], [-63.125, 49.24405819200007], [-63.147196307999934, 49.250065206000045], [-63.16245533599994, 49.25596245200006], [-63.18190723799995, 49.25811947600005], [-63.18652523599991, 49.26220087400009], [-63.20133116599993, 49.26925677300005], [-63.22291813399994, 49.27467735500005], [-63.22500538799994, 49.277688331000036], [-63.23050807299995, 49.27830406500004], [-63.236923126999955, 49.28168374400008], [-63.23871067199991, 49.285435352000036], [-63.24498265699992, 49.289091703000054], [-63.24620670199994, 49.29178492700004], [-63.249993239999924, 49.29441021700006], [-63.26937243099991, 49.301764122000066], [-63.278601831999936, 49.309469887000034], [-63.27854608599995, 49.3125], [-63.28632168899992, 49.31938025900007], [-63.29595439199994, 49.32376156500004], [-63.31380019499994, 49.32539400400009], [-63.322668740999916, 49.32389300600005], [-63.3261525769999, 49.32144635800006], [-63.33081807499991, 49.32136783400006], [-63.33938645199993, 49.32438579800004], [-63.349006921999944, 49.33130748700006], [-63.375, 49.33943141600008], [-63.40697402899991, 49.34944186300004], [-63.4139609689999, 49.35344644200006], [-63.42688692699994, 49.35725419000005], [-63.445983776999924, 49.359084463000045], [-63.46854407799992, 49.366536015000065], [-63.47681742799995, 49.36730195200005], [-63.49234730699993, 49.37280701700007], [-63.49999499199993, 49.37356157900007], [-63.508051407999915, 49.37500646400008], [-63.53543131799995, 49.380863092000084], [-63.5402081819999, 49.383816495000076], [-63.55004451699995, 49.38374477900004], [-63.558057557999916, 49.38753323600008], [-63.56823541199992, 49.38982794600008], [-63.57594007799992, 49.385950998000055], [-63.58284188499994, 49.38591609000008], [-63.59753261499992, 49.39230840300007], [-63.595443573999944, 49.39354205900008], [-63.59068261099992, 49.391733179000084], [-63.57740681699994, 49.39662783600005], [-63.574207430999934, 49.407042485000034], [-63.578129117999936, 49.41470848400007], [-63.582242453999925, 49.41660259400004], [-63.58633936699994, 49.422372273000065], [-63.60312109599994, 49.4375], [-63.6132793889999, 49.44814732100008], [-63.619502104999924, 49.46033457800007], [-63.61850675699992, 49.46352830100005], [-63.61234166199995, 49.469524008000064], [-63.61134097099995, 49.47526238900008], [-63.61631187099994, 49.48277310100008], [-63.61962164699992, 49.49523477300005], [-63.625, 49.49865814200007], [-63.628003735999926, 49.50006842700009], [-63.6302418919999, 49.502032334000035], [-63.633585145999916, 49.51208387400004], [-63.64133524999994, 49.51824734100006], [-63.64715078899991, 49.520592402000034], [-63.653016857999944, 49.529636691000064], [-63.658494696999924, 49.53485619600008], [-63.68461339599992, 49.54699391300005], [-63.69541805699993, 49.55556709500007], [-63.714438, 49.5625], [-63.73559136099993, 49.57116208200006], [-63.74218870199991, 49.57729323400008], [-63.74999667299994, 49.580025205000084], [-63.770055921999926, 49.59008826500008], [-63.78641243699991, 49.60667276300006], [-63.79242698999991, 49.60985689800003], [-63.79418844899993, 49.61436366800007], [-63.804634465999925, 49.61939952100005], [-63.81096526199991, 49.62504919700007], [-63.82637008499995, 49.63702654800005], [-63.84178960199995, 49.642474452000044], [-63.861612177999916, 49.64613728300009], [-63.875, 49.65165186200005], [-63.9099150159999, 49.664368438000054], [-63.920955749999905, 49.67372192000005], [-63.94260897099991, 49.67765873400003], [-63.965622381999935, 49.6875], [-63.98208431499995, 49.69749821500005], [-63.990788153999915, 49.697680768000055], [-63.99999720999995, 49.70035297800007], [-63.99999708899992, 49.74999703600008], [-63.999996910999926, 49.8125], [-63.99999673399992, 49.874997343000075], [-63.999996783999904, 49.919637961000035], [-63.98829525199994, 49.91886584100007], [-63.97943223699991, 49.91556249300004], [-63.968313191999925, 49.913650776000054], [-63.958011523999915, 49.90474642200007], [-63.93848204599993, 49.89610251700009], [-63.92326082299991, 49.88737787400004], [-63.885918612999944, 49.883247760000074], [-63.875, 49.87846665900008]]]]}}, {"type": "Feature", "properties": {"Feuillet250K": "12F", "Nom_Feuillet250K": "BAIE DU RENARD", "Lien_GPKG": "https://diffusion.mffp.gouv.qc.ca/Diffusion/DonneeGratuite/Foret/DONNEES_FOR_ECO_SUD/Cartes_ecoforestieres_perturbations/02-Donnees/Decoupage250K/12F/CARTE_ECO_MAJ_12F_GPKG.zip"}, "geometry": {"type": "MultiPolygon", "coordinates": [[[[-61.97164470799993, 49.34588712000004], [-61.96739267499993, 49.344519501000036], [-61.95150753999991, 49.345751659000086], [-61.94672516599991, 49.349592090000044], [-61.9434133339999, 49.350198326000054], [-61.92802964999993, 49.34920415500005], [-61.91561364799992, 49.35240582800009], [-61.89651864599995, 49.35209519000006], [-61.89431591999994, 49.35034022800005], [-61.89178369699994, 49.343451679000054], [-61.88745300399995, 49.33878120900005], [-61.88622910599992, 49.33186118200007], [-61.875, 49.325051477000045], [-61.87017653399994, 49.32332588300005], [-61.86383412299995, 49.32327412400008], [-61.84678976999993, 49.315557082000055], [-61.8358746319999, 49.31444720300004], [-61.83274766099993, 49.3125], [-61.83450828499991, 49.30360628500006], [-61.82849350399994, 49.29453220500005], [-61.838072208999904, 49.28985544300008], [-61.83959533299992, 49.28744098000004], [-61.83894579999992, 49.28494301100005], [-61.83339264199992, 49.28093048300008], [-61.816158396999924, 49.281293653000034], [-61.80952730999991, 49.280385411000054], [-61.80474261199993, 49.27791616800005], [-61.80065066399993, 49.269536912000035], [-61.80110258499991, 49.266990820000046], [-61.80509198699991, 49.26325746500004], [-61.8064605589999, 49.25793026800005], [-61.80463980399992, 49.25453589000006], [-61.79837239799991, 49.250045826000076], [-61.790740129999904, 49.24337601800005], [-61.77914974399994, 49.24127328900005], [-61.7627725239999, 49.23238213700006], [-61.75661552899993, 49.22080455400004], [-61.75590953999995, 49.21436740200005], [-61.74998841699994, 49.20829368400007], [-61.74347476499992, 49.20631900400008], [-61.73586369599991, 49.20761171300006], [-61.72813516699995, 49.204317976000084], [-61.71874115499992, 49.19657548200007], [-61.71611175299995, 49.1875], [-61.7146217049999, 49.180054778000056], [-61.71124643399992, 49.176643797000054], [-61.71271572399991, 49.17063397700008], [-61.70392232699993, 49.16006546500006], [-61.70324965799995, 49.15652358400007], [-61.70017575599991, 49.152446197000074], [-61.692662637999945, 49.14886194800005], [-61.67950936299991, 49.147021678000044], [-61.6722028129999, 49.143066987000054], [-61.66953268899994, 49.13986954300009], [-61.66916700599995, 49.13312559000008], [-61.67778529799995, 49.128787051000074], [-61.67815864499994, 49.12506084800003], [-61.68071587299994, 49.12449307600008], [-61.68217237899995, 49.121855905000075], [-61.68550071399994, 49.12156284200006], [-61.695441271999925, 49.11639358000008], [-61.70915380899993, 49.10313215200006], [-61.70912530699991, 49.09636070700009], [-61.70042025399994, 49.08728445700007], [-61.69971491199993, 49.08549607700007], [-61.701339170999915, 49.08426121700006], [-61.71269861999991, 49.08334166000009], [-61.71695616599993, 49.08640925600008], [-61.732609830999934, 49.09024567400007], [-61.743430764999914, 49.08821795000006], [-61.74998694899995, 49.08865301600008], [-61.77301161199995, 49.08681185200004], [-61.78827570999994, 49.07699056900009], [-61.79585650899992, 49.078814915000066], [-61.812245866999945, 49.077117039000086], [-61.81670730399992, 49.07262648400007], [-61.81758393399991, 49.068433424000034], [-61.825957571999936, 49.06385073100006], [-61.8291886049999, 49.06403940900009], [-61.83666761399991, 49.06909872400007], [-61.84233148699991, 49.07072777600007], [-61.86524513699993, 49.07089137300005], [-61.875, 49.07457821500009], [-61.883897877999914, 49.07581287700003], [-61.89244328199993, 49.074543084000084], [-61.901780877999954, 49.078207002000056], [-61.91100658799991, 49.079757286000074], [-61.92696694299991, 49.07633602800007], [-61.940865371999905, 49.07063625500007], [-61.959832597999934, 49.067315861000054], [-61.97469700399995, 49.07316396300007], [-61.98970757399991, 49.07404553400005], [-61.99998784199994, 49.07653768300008], [-61.999988138999925, 49.12500055900006], [-61.99998922799995, 49.1875], [-61.99999031599992, 49.250000389000036], [-61.99999193699995, 49.3125], [-61.99999345999993, 49.37128241400006], [-61.97478799599992, 49.36644884900005], [-61.97402084799995, 49.362558325000066], [-61.97752442199993, 49.35611432500008], [-61.97599078099995, 49.34984393800005], [-61.97164470799993, 49.34588712000004]]]]}}, {"type": "Feature", "properties": {"Feuillet250K": "32D", "Nom_Feuillet250K": "ROUYN-NORANDA", "Lien_GPKG": "https://diffusion.mffp.gouv.qc.ca/Diffusion/DonneeGratuite/Foret/DONNEES_FOR_ECO_SUD/Cartes_ecoforestieres_perturbations/02-Donnees/Decoupage250K/32D/CARTE_ECO_MAJ_32D_GPKG.zip"}, "geometry": {"type": "MultiPolygon", "coordinates": [[[[-79.5177698469999, 49.00002238500008], [-79.49999120599995, 49.00000337800009], [-79.375, 49.000003399000036], [-79.24999167499993, 49.00000341900005], [-79.125, 49.000003485000036], [-78.99999226699993, 49.00000355000009], [-78.875, 49.000003518000085], [-78.74999256099994, 49.00000348600008], [-78.625, 49.000003605000074], [-78.4999932419999, 49.000003725000056], [-78.375, 49.000003846000084], [-78.24999373899993, 49.000003967000055], [-78.125, 49.00000408500006], [-77.9999939189999, 49.00000420300006], [-77.99999389499993, 48.9375], [-77.9999938709999, 48.87500443400006], [-77.99999381799995, 48.8125], [-77.99999376399995, 48.75000461700006], [-77.99999377199993, 48.6875], [-77.9999937799999, 48.62500464700008], [-77.99999408299993, 48.5625], [-77.99999438599991, 48.50000526700006], [-77.99999411599993, 48.4375], [-77.99999384599994, 48.37500715300007], [-77.99999382399994, 48.3125], [-77.99999380199995, 48.25000595000006], [-77.9999936239999, 48.1875], [-77.99999344499992, 48.12500551100004], [-77.99999312999995, 48.0625], [-77.99999281399994, 48.00000452200004], [-78.125, 48.00000516000006], [-78.24999388099991, 48.000005798000075], [-78.375, 48.000005172000044], [-78.49999412799991, 48.00000454700006], [-78.625, 48.00000384400005], [-78.74999411899995, 48.000003141000036], [-78.875, 48.00000350400006], [-78.9999940809999, 48.00000386700003], [-79.125, 48.00000394600005], [-79.24999410499993, 48.00000402500007], [-79.375, 48.00000408900007], [-79.49999422799993, 48.00000415200009], [-79.51761040699995, 48.00002335000005], [-79.5176098689999, 48.0625], [-79.51760944599994, 48.12502338400009], [-79.51762638999992, 48.1875], [-79.51763587999994, 48.250023473000056], [-79.5175701039999, 48.3125], [-79.51741453099993, 48.375024031000066], [-79.5175106449999, 48.4375], [-79.5176353729999, 48.500023302000045], [-79.51757856799992, 48.5625], [-79.51757826399995, 48.62502291900006], [-79.51757867999993, 48.6875], [-79.5175799349999, 48.750022809000086], [-79.51760687399991, 48.8125], [-79.5176898549999, 48.875022723000086], [-79.5177448149999, 48.9375], [-79.5177698469999, 49.00002238500008]]]]}}, {"type": "Feature", "properties": {"Feuillet250K": "32C", "Nom_Feuillet250K": "SENNETERRE", "Lien_GPKG": "https://diffusion.mffp.gouv.qc.ca/Diffusion/DonneeGratuite/Foret/DONNEES_FOR_ECO_SUD/Cartes_ecoforestieres_perturbations/02-Donnees/Decoupage250K/32C/CARTE_ECO_MAJ_32C_GPKG.zip"}, "geometry": {"type": "MultiPolygon", "coordinates": [[[[-77.375, 49.00000281100006], [-77.24999771099993, 49.00000245000007], [-77.125, 49.00000300600004], [-76.99999559199995, 49.000003561000085], [-76.875, 49.00000304000008], [-76.74999802799994, 49.00000251900008], [-76.625, 49.00000239600007], [-76.49999817199995, 49.000002272000074], [-76.375, 49.000002057000074], [-76.24999784099992, 49.000001842000074], [-76.125, 49.000001728000086], [-75.99999723399992, 49.00000161400004], [-75.99999730299993, 48.9375], [-75.99999737299993, 48.87500171000005], [-75.99999761999993, 48.8125], [-75.99999786599994, 48.75000182200006], [-75.99999796199995, 48.6875], [-75.99999805899995, 48.62500180700005], [-75.99999820999994, 48.5625], [-75.99999836099994, 48.500001669000085], [-75.9999981069999, 48.4375], [-75.99999785299991, 48.375001169000086], [-75.9999969029999, 48.3125], [-75.99999595299994, 48.25000032500009], [-75.9999959829999, 48.1875], [-75.99999601199994, 48.125000415000045], [-75.99999590399995, 48.0625], [-75.9999957949999, 48.00000075000008], [-76.125, 48.00000114300008], [-76.24999483699992, 48.00000153600007], [-76.375, 48.00000341000003], [-76.49999127799992, 48.000005283000064], [-76.625, 48.00000515500005], [-76.74999156699994, 48.00000502800003], [-76.875, 48.000004929000056], [-76.99999179199995, 48.00000483000008], [-77.125, 48.00000476400004], [-77.24999200799994, 48.000004698000055], [-77.375, 48.00000462500009], [-77.4999921939999, 48.000004552000064], [-77.625, 48.00000439400009], [-77.74999233599993, 48.00000423600005], [-77.875, 48.000004379000075], [-77.99999281399994, 48.00000452200004], [-77.99999312999995, 48.0625], [-77.99999344499992, 48.12500551100004], [-77.9999936239999, 48.1875], [-77.99999380199995, 48.25000595000006], [-77.99999382399994, 48.3125], [-77.99999384599994, 48.37500715300007], [-77.99999411599993, 48.4375], [-77.99999438599991, 48.50000526700006], [-77.99999408299993, 48.5625], [-77.9999937799999, 48.62500464700008], [-77.99999377199993, 48.6875], [-77.99999376399995, 48.75000461700006], [-77.99999381799995, 48.8125], [-77.9999938709999, 48.87500443400006], [-77.99999389499993, 48.9375], [-77.9999939189999, 49.00000420300006], [-77.875, 49.00000416700004], [-77.74999434499995, 49.000004130000036], [-77.625, 49.00000365100004], [-77.49999535899991, 49.00000317200005], [-77.375, 49.00000281100006]]]]}}, {"type": "Feature", "properties": {"Feuillet250K": "32B", "Nom_Feuillet250K": "R\u00c9SERVOIR GOUIN", "Lien_GPKG": "https://diffusion.mffp.gouv.qc.ca/Diffusion/DonneeGratuite/Foret/DONNEES_FOR_ECO_SUD/Cartes_ecoforestieres_perturbations/02-Donnees/Decoupage250K/32B/CARTE_ECO_MAJ_32B_GPKG.zip"}, "geometry": {"type": "MultiPolygon", "coordinates": [[[[-73.9999962519999, 49.00000239500008], [-73.99999597499993, 48.9375], [-73.99999569699992, 48.875002350000045], [-73.99999594999991, 48.8125], [-73.99999620299991, 48.75000233900005], [-73.99999724499992, 48.6875], [-73.99999828799992, 48.62500277000004], [-73.99999847399994, 48.5625], [-73.99999866099995, 48.500002478000056], [-73.99999900499995, 48.4375], [-73.99999934899995, 48.375002177000056], [-74.0000001109999, 48.3125], [-74.00000087199993, 48.25000185000005], [-74.00000163499993, 48.1875], [-74.00000239899992, 48.12500158100005], [-74.00000304499991, 48.0625], [-74.0000036909999, 48.00000148300006], [-74.125, 48.00000134900006], [-74.2500032609999, 48.000001214000065], [-74.375, 48.000001171000065], [-74.50000223099994, 48.000001128000065], [-74.625, 48.00000127200008], [-74.74999999699992, 48.00000141700008], [-74.875, 48.000000886000066], [-74.99999956399995, 48.000000355000054], [-75.125, 48.00000042800008], [-75.24999816899992, 48.000000500000056], [-75.375, 48.00000036100005], [-75.49999693099994, 48.00000022200004], [-75.625, 48.00000029700004], [-75.74999634699992, 48.000000372000045], [-75.875, 48.000000561000036], [-75.9999957949999, 48.00000075000008], [-75.99999590399995, 48.0625], [-75.99999601199994, 48.125000415000045], [-75.9999959829999, 48.1875], [-75.99999595299994, 48.25000032500009], [-75.9999969029999, 48.3125], [-75.99999785299991, 48.375001169000086], [-75.9999981069999, 48.4375], [-75.99999836099994, 48.500001669000085], [-75.99999820999994, 48.5625], [-75.99999805899995, 48.62500180700005], [-75.99999796199995, 48.6875], [-75.99999786599994, 48.75000182200006], [-75.99999761999993, 48.8125], [-75.99999737299993, 48.87500171000005], [-75.99999730299993, 48.9375], [-75.99999723399992, 49.00000161400004], [-75.875, 49.00000126000003], [-75.74999726599992, 49.000000905000036], [-75.625, 49.00000118600008], [-75.49999695799994, 49.00000146600007], [-75.375, 49.000001789000066], [-75.24999874999992, 49.00000211100007], [-75.125, 49.000001593000036], [-74.99999708799993, 49.00000107500006], [-74.875, 49.00000118600008], [-74.7499958059999, 49.00000129700004], [-74.625, 49.00000092400006], [-74.49999651999991, 49.00000055000004], [-74.375, 49.00000077400006], [-74.2499964829999, 49.000000997000086], [-74.125, 49.00000169600008], [-73.9999962519999, 49.00000239500008]]]]}}, {"type": "Feature", "properties": {"Feuillet250K": "32A", "Nom_Feuillet250K": "ROBERVAL", "Lien_GPKG": "https://diffusion.mffp.gouv.qc.ca/Diffusion/DonneeGratuite/Foret/DONNEES_FOR_ECO_SUD/Cartes_ecoforestieres_perturbations/02-Donnees/Decoupage250K/32A/CARTE_ECO_MAJ_32A_GPKG.zip"}, "geometry": {"type": "MultiPolygon", "coordinates": [[[[-73.125, 49.00000059300004], [-72.99999759699995, 49.00000038400003], [-72.875, 49.00000094900008], [-72.75000053899993, 49.000001514000076], [-72.625, 49.00000140800006], [-72.50000025299994, 49.000001302000044], [-72.375, 49.00000088400009], [-72.24999990899994, 49.00000046700006], [-72.125, 49.000000689000046], [-72.00000058899991, 49.000000911000086], [-72.00000081999991, 48.9375], [-72.00000104999992, 48.875001748000045], [-72.00000118199995, 48.8125], [-72.00000131399992, 48.75000118600008], [-72.00000111399993, 48.6875], [-72.00000091499993, 48.62499994500007], [-72.00000032999992, 48.5625], [-71.99999974499991, 48.499999433000085], [-71.99999969299995, 48.4375], [-71.99999964199992, 48.37499986800009], [-71.99999979099994, 48.3125], [-71.9999999389999, 48.25000008600006], [-72.00000047299994, 48.1875], [-72.00000100699992, 48.12500034200008], [-72.00000153799994, 48.0625], [-72.00000206999994, 48.00000023800004], [-72.125, 48.00000034000004], [-72.25000197799994, 48.000000442000044], [-72.375, 48.000000526000065], [-72.50000186099993, 48.000000611000075], [-72.625, 48.00000039000008], [-72.75000209199993, 48.00000016900009], [-72.875, 48.00000072200004], [-73.0000010249999, 48.000001275000045], [-73.125, 48.00000106300007], [-73.2500017129999, 48.00000085000005], [-73.375, 48.00000079100005], [-73.50000284999993, 48.000000733000036], [-73.625, 48.00000097600008], [-73.75000342599992, 48.00000122000006], [-73.875, 48.00000135100004], [-74.0000036909999, 48.00000148300006], [-74.00000304499991, 48.0625], [-74.00000239899992, 48.12500158100005], [-74.00000163499993, 48.1875], [-74.00000087199993, 48.25000185000005], [-74.0000001109999, 48.3125], [-73.99999934899995, 48.375002177000056], [-73.99999900499995, 48.4375], [-73.99999866099995, 48.500002478000056], [-73.99999847399994, 48.5625], [-73.99999828799992, 48.62500277000004], [-73.99999724499992, 48.6875], [-73.99999620299991, 48.75000233900005], [-73.99999594999991, 48.8125], [-73.99999569699992, 48.875002350000045], [-73.99999597499993, 48.9375], [-73.9999962519999, 49.00000239500008], [-73.875, 49.00000245000007], [-73.74999637799993, 49.000002505000054], [-73.625, 49.00000191700008], [-73.49999740899995, 49.00000132800005], [-73.375, 49.00000106500005], [-73.24999721599994, 49.000000803000034], [-73.125, 49.00000059300004]]]]}}, {"type": "Feature", "properties": {"Feuillet250K": "22D", "Nom_Feuillet250K": "CHICOUTIMI", "Lien_GPKG": "https://diffusion.mffp.gouv.qc.ca/Diffusion/DonneeGratuite/Foret/DONNEES_FOR_ECO_SUD/Cartes_ecoforestieres_perturbations/02-Donnees/Decoupage250K/22D/CARTE_ECO_MAJ_22D_GPKG.zip"}, "geometry": {"type": "MultiPolygon", "coordinates": [[[[-71.125, 49.00000062600009], [-70.9999937959999, 48.99999886400008], [-70.875, 48.99999929900008], [-70.74999742599994, 48.999999734000085], [-70.625, 48.99999867400004], [-70.50000324199993, 48.99999761400005], [-70.375, 48.99999738900004], [-70.25000396099995, 48.999997164000035], [-70.125, 48.99999801100006], [-70.00000619999992, 48.99999885800008], [-70.00000427999993, 48.9375], [-70.00000236099993, 48.87499945600007], [-70.00000144699993, 48.8125], [-70.00000053399992, 48.74999928400007], [-70.00000046199995, 48.6875], [-70.0000003909999, 48.62499901100006], [-70.0000003049999, 48.5625], [-70.00000021999995, 48.499998883000046], [-70.00000068799994, 48.4375], [-70.00000115599994, 48.37499954800006], [-70.00000149999994, 48.3125], [-70.00000184399994, 48.24999984700008], [-70.00000185199991, 48.1875], [-70.00000185899995, 48.124999925000054], [-70.00000153499991, 48.0625], [-70.00000121099993, 48.00000003400004], [-70.125, 48.00000028800008], [-70.25000146099995, 48.000000542000066], [-70.375, 48.00000058000006], [-70.5000014659999, 48.00000061900005], [-70.625, 48.000000947000046], [-70.75000161399993, 48.000001275000045], [-70.875, 48.00000126900005], [-71.00000212299994, 48.00000126400005], [-71.125, 48.000001431000044], [-71.2500028579999, 48.00000159700005], [-71.375, 48.00000163300007], [-71.50000196699995, 48.000001669000085], [-71.625, 48.000001216000044], [-71.75000145599995, 48.00000076400005], [-71.875, 48.000000501000045], [-72.00000206999994, 48.00000023800004], [-72.00000153799994, 48.0625], [-72.00000100699992, 48.12500034200008], [-72.00000047299994, 48.1875], [-71.9999999389999, 48.25000008600006], [-71.99999979099994, 48.3125], [-71.99999964199992, 48.37499986800009], [-71.99999969299995, 48.4375], [-71.99999974499991, 48.499999433000085], [-72.00000032999992, 48.5625], [-72.00000091499993, 48.62499994500007], [-72.00000111399993, 48.6875], [-72.00000131399992, 48.75000118600008], [-72.00000118199995, 48.8125], [-72.00000104999992, 48.875001748000045], [-72.00000081999991, 48.9375], [-72.00000058899991, 49.000000911000086], [-71.875, 49.00000132800005], [-71.75000115299991, 49.00000174500008], [-71.625, 49.000001818000044], [-71.49999916599995, 49.00000189100007], [-71.375, 49.00000214000005], [-71.25000686899995, 49.00000238800004], [-71.125, 49.00000062600009]]]]}}, {"type": "Feature", "properties": {"Feuillet250K": "22C", "Nom_Feuillet250K": "RIMOUSKI", "Lien_GPKG": "https://diffusion.mffp.gouv.qc.ca/Diffusion/DonneeGratuite/Foret/DONNEES_FOR_ECO_SUD/Cartes_ecoforestieres_perturbations/02-Donnees/Decoupage250K/22C/CARTE_ECO_MAJ_22C_GPKG.zip"}, "geometry": {"type": "MultiPolygon", "coordinates": [[[[-69.46565304099994, 48.00003428500008], [-69.47787672299995, 48.00002320500005], [-69.4275759489999, 48.04494321800007], [-69.4241114699999, 48.051566807000086], [-69.3903445219999, 48.0625], [-69.38843452299994, 48.06430531500007], [-69.38934888199992, 48.0625], [-69.39453828899991, 48.05310294600008], [-69.4030558629999, 48.04305663700006], [-69.43033660599991, 48.021744854000076], [-69.46565304099994, 48.00003428500008]]], [[[-69.25000155599992, 48.144407570000055], [-69.23806346099991, 48.14996318200008], [-69.24335676599992, 48.14345523600008], [-69.25000154799994, 48.13999579300008], [-69.25437313299994, 48.13649210300008], [-69.2562467489999, 48.13684898200006], [-69.25892334299994, 48.13559990500005], [-69.26124305699994, 48.136046004000036], [-69.25820958399993, 48.13907947700005], [-69.25000155599992, 48.144407570000055]]], [[[-68.875, 48.387449297000046], [-68.8889598209999, 48.38629116700008], [-68.88760838899992, 48.393700770000066], [-68.87974366299994, 48.400513980000085], [-68.875, 48.40207134500008], [-68.85853256299993, 48.410965763000036], [-68.84235816799992, 48.41648911100003], [-68.8440616279999, 48.41140550200004], [-68.84704914799994, 48.409940497000036], [-68.84926755299995, 48.404428144000065], [-68.84317797499995, 48.401450381000075], [-68.85287912199993, 48.394429132000084], [-68.86497200499991, 48.38959135500005], [-68.875, 48.387449297000046]]], [[[-68.5970078169999, 48.45528198300008], [-68.60288832899994, 48.45397557500007], [-68.59193173099993, 48.461329205000084], [-68.54376517899993, 48.486482435000084], [-68.54779550699993, 48.479844323000066], [-68.5589024919999, 48.47337491900004], [-68.5970078169999, 48.45528198300008]]], [[[-68.0424707489999, 48.67640148800007], [-68.0380092499999, 48.67316680600004], [-68.0277995639999, 48.673348977000046], [-68.02340770799992, 48.66886328600003], [-68.01614741399993, 48.66659369800004], [-68.0000005039999, 48.673126558000035], [-68.00000050799991, 48.62499844000007], [-68.00000058599994, 48.5625], [-68.00000066399991, 48.49999834100004], [-68.00000095399992, 48.4375], [-68.00000124499991, 48.37499808700005], [-68.00000123699994, 48.3125], [-68.00000122999995, 48.24999806400007], [-68.00000069099991, 48.1875], [-68.00000015199993, 48.12499913500005], [-67.99999832599991, 48.0625], [-67.99999650099994, 48.00005638400006], [-68.1228929209999, 48.00001761100003], [-68.125, 48.00001732800007], [-68.24999717999992, 48.00000055000004], [-68.375, 48.00000000600005], [-68.50000117499991, 47.99999946200006], [-68.625, 47.999999563000074], [-68.7500008749999, 47.999999664000086], [-68.875, 47.99999964600005], [-69.0000003639999, 47.99999962800007], [-69.125, 47.99999947200007], [-69.25000125899993, 47.99999931700006], [-69.375, 48.000042886000074], [-69.42590210999992, 48.000060629000075], [-69.42087886799993, 48.002731707000066], [-69.41222583699994, 48.00440402800007], [-69.3942293419999, 48.018021040000065], [-69.375, 48.01784662300008], [-69.36087920699993, 48.01899933900006], [-69.34659347699994, 48.01512397000005], [-69.34477348599995, 48.01978298900008], [-69.34560756499991, 48.02565584900009], [-69.34186447899992, 48.02934193600004], [-69.33286715799994, 48.03585292900004], [-69.31619081399992, 48.04197856400003], [-69.29575362999992, 48.055617802000086], [-69.29911002799992, 48.05956045000005], [-69.29012090599991, 48.05953428200007], [-69.28613790599991, 48.0625], [-69.27674790799995, 48.068989900000076], [-69.27269587799992, 48.08024391300006], [-69.26368221699994, 48.08893492100003], [-69.25642825499995, 48.091348175000064], [-69.2500014439999, 48.090448654000056], [-69.23129957399993, 48.09499505400004], [-69.2230623929999, 48.095263630000034], [-69.22032807099993, 48.100486010000054], [-69.22032248699992, 48.105037191000065], [-69.20842227299994, 48.11208175100006], [-69.20003084599995, 48.12504569200007], [-69.19194313299994, 48.12950665800008], [-69.1846857829999, 48.13063803400007], [-69.17746927399992, 48.12964677600007], [-69.17242291899993, 48.13152239000004], [-69.16518298799991, 48.13817547900004], [-69.16245443499992, 48.142856823000045], [-69.14732034399992, 48.15058592400004], [-69.13433263299993, 48.153256585000065], [-69.13169567499995, 48.15637335800005], [-69.13317653899992, 48.167427204000035], [-69.13119869299993, 48.171010469000066], [-69.125, 48.17494984100006], [-69.11480894699991, 48.18043817000006], [-69.10689307299992, 48.1875], [-69.10411829799995, 48.19276623300004], [-69.07615947499994, 48.20800170700005], [-69.06310493899991, 48.21672578100004], [-69.0546121289999, 48.22534399400007], [-69.01070875399995, 48.25001132500006], [-69.0000020679999, 48.25580466100007], [-68.97467286099993, 48.27104150900004], [-68.96111932499991, 48.28144110900007], [-68.95172537499991, 48.290896271000065], [-68.93217405699994, 48.299281274000066], [-68.89400101299992, 48.3125], [-68.88679120799992, 48.31538879500005], [-68.875, 48.31460638200008], [-68.8600138839999, 48.320565438000074], [-68.84317935099995, 48.33632341100008], [-68.80759415799992, 48.34639323500005], [-68.8046683149999, 48.34964642500006], [-68.81089061099993, 48.35391989100003], [-68.81937432299992, 48.35218596800007], [-68.8227438799999, 48.35724691900003], [-68.81688503299995, 48.36136156900005], [-68.81639567699995, 48.36541454600007], [-68.81221956199994, 48.36783670900007], [-68.8042085699999, 48.368638418000046], [-68.79542841599994, 48.35668541900009], [-68.79029037799995, 48.35469242100004], [-68.78477654499994, 48.35598640400008], [-68.7794150069999, 48.35959887700005], [-68.77159769899993, 48.368149036000034], [-68.76292205499993, 48.36884721500007], [-68.75670883299995, 48.35936347900008], [-68.75000210399992, 48.35770456100005], [-68.72815039299991, 48.36830637300005], [-68.72149182599992, 48.37502884100007], [-68.72101827999995, 48.381081969000036], [-68.68146516699994, 48.39654216400004], [-68.67070225099991, 48.393063561000076], [-68.625, 48.41530821100008], [-68.5984422969999, 48.42713506800004], [-68.58907891799993, 48.4375], [-68.57961790899992, 48.443097702000046], [-68.5718698519999, 48.44106553600005], [-68.56573472999992, 48.44114948300006], [-68.5380935039999, 48.446564770000066], [-68.52566566999991, 48.45441998800004], [-68.52178188799991, 48.45897847700007], [-68.51475871899993, 48.474321297000074], [-68.5114583429999, 48.47840658900009], [-68.50000209899991, 48.48364487400005], [-68.49669108599994, 48.48555067800004], [-68.49257562999992, 48.490964562000045], [-68.49199344199991, 48.495106785000075], [-68.48313440099992, 48.50001738800006], [-68.46607044399991, 48.50742404500005], [-68.46850782799993, 48.51244911200007], [-68.46457376299992, 48.517707503000054], [-68.44674335899992, 48.52636374900004], [-68.4303691099999, 48.52761245700003], [-68.42242107399994, 48.53060833100005], [-68.40966457399992, 48.539640715000075], [-68.39000304299992, 48.54912987900008], [-68.38258973399991, 48.54970860100008], [-68.375, 48.54651985500004], [-68.35658430099994, 48.54750375100008], [-68.35191560999993, 48.549400028000036], [-68.34605493299995, 48.55456075800004], [-68.33000491299993, 48.55894056200003], [-68.32382538099995, 48.5625], [-68.30948799499993, 48.57397127200005], [-68.29214054599993, 48.585253066000064], [-68.25000115699993, 48.602517773000045], [-68.20252992599995, 48.625043205000054], [-68.1831970799999, 48.63382391500005], [-68.16421823799993, 48.64032938300005], [-68.15649466899993, 48.64121904700005], [-68.15042157599993, 48.63856444500004], [-68.1481269219999, 48.63528572600006], [-68.14106000299995, 48.631206270000064], [-68.125, 48.63239387800007], [-68.08388403399994, 48.64647548900007], [-68.07017534099992, 48.659638785000084], [-68.0685317139999, 48.66800181500008], [-68.06109307999992, 48.673074737000036], [-68.0424707489999, 48.67640148800007]]], [[[-68.63619325199994, 49.00006971800008], [-68.63427159699995, 48.99677455500006], [-68.63442182299991, 48.991952714000035], [-68.6395201009999, 48.97102021900008], [-68.63689014499994, 48.96349192800005], [-68.6347236279999, 48.942046437000045], [-68.6433305079999, 48.93931734200004], [-68.64970458499994, 48.93926302700004], [-68.65305208099994, 48.9375], [-68.66155585399991, 48.93227342100005], [-68.66814121599992, 48.93078594500008], [-68.68156809899995, 48.93177333600005], [-68.68840567099994, 48.92828565500008], [-68.68401429799991, 48.92092930200005], [-68.67193921299992, 48.914019953000036], [-68.65211281099994, 48.91102703800004], [-68.63183360399995, 48.91264882000007], [-68.62936211899995, 48.908329312000035], [-68.6313369369999, 48.90515331100005], [-68.64078858899995, 48.89965519800006], [-68.65608265199995, 48.89858557700006], [-68.69797060399992, 48.90420148800007], [-68.70709825299991, 48.90425024500007], [-68.71791350099994, 48.89907318100006], [-68.7500009229999, 48.89402759400008], [-68.75466154199995, 48.893076318000055], [-68.75957174699994, 48.89796916900008], [-68.76580095599991, 48.900491102000046], [-68.7690531369999, 48.89963694800008], [-68.79274740299991, 48.88641424100007], [-68.79431279999994, 48.877322277000076], [-68.79895734699994, 48.875044038000055], [-68.80782584899993, 48.86950745000007], [-68.81568703199991, 48.86724158900006], [-68.82067386699993, 48.860412448000034], [-68.83245410599994, 48.85644576000004], [-68.85325920699995, 48.83951141600005], [-68.86834218899992, 48.84052946700007], [-68.86983048999991, 48.836149996000074], [-68.875, 48.83048652700006], [-68.88319131499992, 48.82610652500006], [-68.89583041799995, 48.82557647400006], [-68.91370572599993, 48.821383421000064], [-68.92607660199991, 48.81817324200006], [-68.93060178399992, 48.81495143800004], [-68.93924550699995, 48.81624679400005], [-68.9407319789999, 48.8125], [-68.94098986299991, 48.80583744200004], [-68.94570262799994, 48.79974371600008], [-68.94834803299995, 48.79043799900006], [-68.95872038699991, 48.78059407200004], [-68.97391840899991, 48.77259419300009], [-68.98106036799993, 48.77207991000006], [-68.98469406799995, 48.78087387100004], [-68.9914801139999, 48.78346638900007], [-68.99652081699992, 48.77860748300009], [-68.99663372099991, 48.77462179200006], [-69.0000019279999, 48.772995139000045], [-69.0074757939999, 48.775538433000065], [-69.01791457799993, 48.76899989000003], [-69.0272182459999, 48.767230538000035], [-69.03122695699994, 48.769260331000055], [-69.04367649999995, 48.769247387000064], [-69.04940357799995, 48.77258433500003], [-69.05483566399994, 48.77152847200006], [-69.06162984999992, 48.76755733400006], [-69.06587790099991, 48.75884142100006], [-69.06471166099993, 48.75442003500007], [-69.05955928999992, 48.75005235600008], [-69.05216862799995, 48.75004762700007], [-69.05042962499994, 48.75017608600007], [-69.05019144999994, 48.75004627700008], [-69.04526114299995, 48.747358907000034], [-69.04402614799994, 48.743502955000054], [-69.0509863069999, 48.739804297000035], [-69.05723558299991, 48.740476399000045], [-69.06523556799993, 48.73315645800005], [-69.06592125199995, 48.72865013200004], [-69.07013781199993, 48.726175338000075], [-69.0740971859999, 48.72124187700007], [-69.07732539199992, 48.710399393000046], [-69.08268328499992, 48.702047347000075], [-69.0853544659999, 48.6875], [-69.08632547999991, 48.66805971900004], [-69.08535778699991, 48.638107450000064], [-69.09053534299994, 48.63005848700004], [-69.09706044599994, 48.62506896000008], [-69.10134294999995, 48.61408232600007], [-69.125, 48.58394198000008], [-69.13093923999992, 48.57595320000007], [-69.1445126879999, 48.563549340000066], [-69.1496321109999, 48.56315637700004], [-69.18342869999992, 48.57191555800006], [-69.18575904599993, 48.57508103300006], [-69.18627419699993, 48.57926008900006], [-69.1927019549999, 48.58387518500007], [-69.19956813499994, 48.58360216300008], [-69.2070546569999, 48.58133009800008], [-69.21427019299995, 48.58222932500007], [-69.22484252999993, 48.57686967300003], [-69.23422291899993, 48.569769145000066], [-69.2361233339999, 48.5625], [-69.24050998199994, 48.55835289600009], [-69.24162138999992, 48.54959598100004], [-69.24384156899993, 48.54582477100007], [-69.2500015409999, 48.54036763500005], [-69.2613282989999, 48.528638070000056], [-69.26770434499991, 48.526476012000046], [-69.28002980199994, 48.51504110800005], [-69.28178094099991, 48.509762255000055], [-69.27968641099994, 48.50003047600006], [-69.27784615699994, 48.49382825300006], [-69.28252620399991, 48.48147519500009], [-69.28342653499993, 48.469846536000034], [-69.29547266899993, 48.45119372100004], [-69.3080341669999, 48.43901174100006], [-69.31136556199993, 48.4375], [-69.31409982499991, 48.436259229000086], [-69.3170849949999, 48.431685075000075], [-69.3221317949999, 48.419163094000055], [-69.32076514499994, 48.41515574200008], [-69.32930222199991, 48.41052112600005], [-69.34801447699994, 48.396094607000066], [-69.35368045199994, 48.39097060000006], [-69.35726028899995, 48.379457821000074], [-69.3654653399999, 48.37507258900007], [-69.375, 48.37130906200008], [-69.38927541899994, 48.367494512000064], [-69.39869936899993, 48.35548802100004], [-69.40354213599994, 48.34740352500006], [-69.3971738269999, 48.34613745000007], [-69.39236998799993, 48.34305127200008], [-69.39240245099995, 48.337196379000034], [-69.39646388999995, 48.33027401600003], [-69.41006331099993, 48.32316330300006], [-69.4194978239999, 48.3125], [-69.42307075799994, 48.30362456900008], [-69.42951162699995, 48.297325826000076], [-69.44432984699995, 48.28796494100004], [-69.4514744249999, 48.28722085600003], [-69.4586542049999, 48.28341857400005], [-69.46091624599995, 48.276198700000066], [-69.46969819599991, 48.269649033000064], [-69.48145370399993, 48.27468258300007], [-69.50000255299994, 48.26404462100004], [-69.50946039299993, 48.25001102300007], [-69.51489539999994, 48.241011736000075], [-69.53571015299991, 48.23249975300007], [-69.55370101299991, 48.22857481900007], [-69.55899301599993, 48.22979250000009], [-69.56361088999995, 48.227711541000076], [-69.5666229169999, 48.21974914200007], [-69.57239714799994, 48.215262729000074], [-69.59024467799992, 48.20981089400004], [-69.61170743699995, 48.1875], [-69.625, 48.175914430000034], [-69.64332351799993, 48.161802402000035], [-69.65041037599991, 48.16249355100007], [-69.6614673709999, 48.15717815700003], [-69.66585967199995, 48.15324359400006], [-69.66806374399994, 48.146612718000085], [-69.68185288299992, 48.13732162300005], [-69.68868941799991, 48.13497986800007], [-69.69194456499991, 48.13560309400003], [-69.71905971799993, 48.12614031000004], [-69.71855094599994, 48.12503200600008], [-69.71698860299995, 48.12162828900006], [-69.72102715099993, 48.11661888900005], [-69.72532170999995, 48.114183542000035], [-69.7281649489999, 48.10908477800007], [-69.72256365999993, 48.10380326000006], [-69.71118687499995, 48.100469829000076], [-69.71234424699992, 48.095899591000034], [-69.71993468699992, 48.09117527300003], [-69.73030056899995, 48.07848214100005], [-69.73673555399995, 48.07718481400008], [-69.74491314799991, 48.07875891200007], [-69.75000197599991, 48.07605813100008], [-69.75851109199994, 48.0625], [-69.7597525299999, 48.05669309800004], [-69.76252089799993, 48.05260947800008], [-69.76396094299992, 48.040053422000085], [-69.76702881799991, 48.03084469000004], [-69.77044187999991, 48.027502395000056], [-69.76934838099993, 48.02137920800004], [-69.76345712799991, 48.01422688000008], [-69.76242982799994, 48.002608369000086], [-69.76451238199991, 48.00001581200007], [-69.875, 48.00000840900009], [-70.00000121099993, 48.00000003400004], [-70.00000153499991, 48.0625], [-70.00000185899995, 48.124999925000054], [-70.00000185199991, 48.1875], [-70.00000184399994, 48.24999984700008], [-70.00000149999994, 48.3125], [-70.00000115599994, 48.37499954800006], [-70.00000068799994, 48.4375], [-70.00000021999995, 48.499998883000046], [-70.0000003049999, 48.5625], [-70.0000003909999, 48.62499901100006], [-70.00000046199995, 48.6875], [-70.00000053399992, 48.74999928400007], [-70.00000144699993, 48.8125], [-70.00000236099993, 48.87499945600007], [-70.00000427999993, 48.9375], [-70.00000619999992, 48.99999885800008], [-69.875, 48.99999939200006], [-69.75000744999994, 48.999999925000054], [-69.625, 48.999999709000065], [-69.50000260899992, 48.999999494000065], [-69.375, 48.99999956800008], [-69.25000192699991, 48.999999642000034], [-69.125, 48.99999937100006], [-69.00000069999993, 48.99999910000008], [-68.875, 48.99999877500005], [-68.7500006969999, 48.99999845000008], [-68.63619325199994, 49.00006971800008]]]]}}, {"type": "Feature", "properties": {"Feuillet250K": "22B", "Nom_Feuillet250K": "MATANE", "Lien_GPKG": "https://diffusion.mffp.gouv.qc.ca/Diffusion/DonneeGratuite/Foret/DONNEES_FOR_ECO_SUD/Cartes_ecoforestieres_perturbations/02-Donnees/Decoupage250K/22B/CARTE_ECO_MAJ_22B_GPKG.zip"}, "geometry": {"type": "MultiPolygon", "coordinates": [[[[-66.875, 49.000004362000084], [-66.74999905199991, 48.99999727800008], [-66.625, 48.99999757100005], [-66.4999987779999, 48.99999786400008], [-66.375, 48.999997861000054], [-66.24999863999994, 48.999997859000075], [-66.125, 48.99999770100004], [-65.99999771999995, 48.99999754400005], [-65.99999757799992, 48.9375], [-65.99999743599994, 48.87499755500005], [-65.99999710899993, 48.8125], [-65.99999678299992, 48.74999625600009], [-65.99999695799994, 48.6875], [-65.9999971339999, 48.62499594900004], [-65.99999819899995, 48.5625], [-65.99999926399994, 48.49999920800008], [-65.99999911299994, 48.4375], [-65.99999896199995, 48.37499876000004], [-65.99999880299993, 48.3125], [-65.99999864499995, 48.24999884200008], [-65.99999904999993, 48.1875], [-65.99999920899995, 48.163074522000045], [-66.01782540799991, 48.14879980400008], [-66.02573878899994, 48.14046469600004], [-66.03701098199991, 48.125036898000076], [-66.04172444799991, 48.11791234900005], [-66.05035855799991, 48.110385206000046], [-66.06775000399995, 48.10222029300007], [-66.07957050599992, 48.09917389600008], [-66.09430730799994, 48.093022974000064], [-66.10863032899994, 48.100590873000044], [-66.125, 48.10070431500009], [-66.1287315049999, 48.10112036500004], [-66.13396500199991, 48.10733493400005], [-66.1376216029999, 48.109231236000085], [-66.17472141199994, 48.11373076000007], [-66.20046183999995, 48.10658623100005], [-66.21848091999993, 48.10672564400005], [-66.23924491699995, 48.10995051400005], [-66.24999910699995, 48.10741887900008], [-66.26239146799992, 48.10803451800007], [-66.27610337999994, 48.11312831300006], [-66.28227331399995, 48.111215094000045], [-66.29232872699993, 48.11196887400007], [-66.2933996459999, 48.11097266200005], [-66.29232845599995, 48.10854195100006], [-66.29948954699995, 48.108419069000036], [-66.29701686099992, 48.09928179000008], [-66.27875373799992, 48.094807684000045], [-66.27432022599993, 48.092098028000066], [-66.27287650099993, 48.086757857000066], [-66.27976737099993, 48.068986007000035], [-66.29201049099993, 48.06594032900006], [-66.29964503299993, 48.06713565700005], [-66.30019833299991, 48.07046044900005], [-66.29821481399995, 48.07265239800006], [-66.31290564099993, 48.07286807400004], [-66.32991943399992, 48.08013935400004], [-66.3381856279999, 48.087985493000076], [-66.34677762799993, 48.10058344100008], [-66.35719706399993, 48.10788320000006], [-66.375, 48.11046561100005], [-66.3818935889999, 48.11041073000007], [-66.38919804199992, 48.10799913400007], [-66.39719507299992, 48.109596227000054], [-66.41113483499993, 48.10963917400005], [-66.43318040999992, 48.12036050900008], [-66.44330771699993, 48.12238786900008], [-66.45781011199995, 48.11338193200004], [-66.46578286099992, 48.11098052500006], [-66.46905874099991, 48.11640666000005], [-66.47432048099995, 48.12063606300006], [-66.48451454999991, 48.11459245800006], [-66.49999922699993, 48.108029240000064], [-66.50959795099993, 48.10167049100005], [-66.51966120599991, 48.09078346900009], [-66.54063623699994, 48.07754971300005], [-66.54456325299992, 48.07277933800003], [-66.54432717599991, 48.06885582600006], [-66.53775147199991, 48.06885493500005], [-66.53311441099993, 48.06709802200004], [-66.53354477499994, 48.0625], [-66.53990042499993, 48.05793552100005], [-66.57605487299992, 48.05440930700007], [-66.58315791399991, 48.045003930000064], [-66.5992854289999, 48.04243323600008], [-66.60840889799994, 48.04149698300006], [-66.625, 48.04831658900008], [-66.63326748799994, 48.050780588000066], [-66.64276880299991, 48.05056413600005], [-66.65022011899993, 48.04530369100007], [-66.65613732899993, 48.03205342100006], [-66.65951460899993, 48.029703604000076], [-66.66982502799993, 48.02896009700004], [-66.67492690799992, 48.02604665900009], [-66.67883932399991, 48.01693621800007], [-66.6986298729999, 48.01068976700009], [-66.70350864799991, 48.010714749000044], [-66.7121690649999, 48.015928349000035], [-66.71863272899992, 48.01844603400008], [-66.72417713999994, 48.01884340000004], [-66.73385582199995, 48.012567164000075], [-66.74999836499995, 48.010693005000064], [-66.7589459479999, 48.009106932000066], [-66.75683615499992, 48.003733734000036], [-66.74999836699993, 48.00017988700006], [-66.74965236699995, 48.00000003300005], [-66.74999836699993, 47.99999962800007], [-66.75504357499995, 48.000005429000055], [-66.75953984699993, 48.00269353400006], [-66.76627165299993, 48.00001748200003], [-66.83351042599992, 48.00006491900007], [-66.8411597889999, 48.00226835800004], [-66.84348691199995, 48.000582431000055], [-66.85860165399993, 48.00007175800005], [-66.875, 48.000063425000064], [-66.99999760799994, 47.99999990200007], [-67.125, 47.999999922000086], [-67.24999652999992, 47.999999941000056], [-67.375, 47.999999751000075], [-67.49999683599992, 47.99999956100004], [-67.59780777199995, 48.00007032900004], [-67.625, 48.000112423000076], [-67.7499943869999, 48.00005851600008], [-67.875, 48.00005363100007], [-67.99999650099994, 48.00005638400006], [-67.99999832599991, 48.0625], [-68.00000015199993, 48.12499913500005], [-68.00000069099991, 48.1875], [-68.00000122999995, 48.24999806400007], [-68.00000123699994, 48.3125], [-68.00000124499991, 48.37499808700005], [-68.00000095399992, 48.4375], [-68.00000066399991, 48.49999834100004], [-68.00000058599994, 48.5625], [-68.00000050799991, 48.62499844000007], [-68.0000005039999, 48.673126558000035], [-67.98397872099991, 48.68040339600009], [-67.96255802399992, 48.684511462000046], [-67.95616567399992, 48.6875], [-67.875, 48.734034017000056], [-67.83286439099993, 48.750062369000034], [-67.81156578999992, 48.75529295800004], [-67.79769276399992, 48.755356590000076], [-67.7795309409999, 48.76444038800008], [-67.75000013899995, 48.77331189100005], [-67.73189682799995, 48.78059906300007], [-67.69452302499991, 48.78968843300004], [-67.68218638799993, 48.795698101000085], [-67.6628605379999, 48.80102408800008], [-67.63913177699993, 48.810803812000074], [-67.63074486999994, 48.8125], [-67.625, 48.81387750600004], [-67.6062213749999, 48.81742190600005], [-67.59351045699992, 48.82188454800007], [-67.58283090999993, 48.828952349000076], [-67.57148760399991, 48.84080393900007], [-67.5524629919999, 48.849240773000076], [-67.52699714399995, 48.85388999300005], [-67.50000011399993, 48.853928687000064], [-67.48330506899993, 48.85556471800004], [-67.45784179999993, 48.861952288000055], [-67.45047621299994, 48.867255303000036], [-67.43816414899993, 48.86943474000009], [-67.42013781599991, 48.87506116600008], [-67.38086154399991, 48.88930951400005], [-67.375, 48.89363640500005], [-67.37033748899995, 48.89822828300004], [-67.34108298899991, 48.90145612100008], [-67.33578411499991, 48.90331930000008], [-67.32832529299992, 48.902454108000086], [-67.28577990899993, 48.90845319300007], [-67.27685989999992, 48.91711460600004], [-67.27100778099992, 48.919729171000085], [-67.25000116099994, 48.92347941200006], [-67.23227504199991, 48.92586892700007], [-67.21438691599991, 48.93237292900005], [-67.18983112699993, 48.9375], [-67.16066310299993, 48.942398583000056], [-67.125, 48.956418830000075], [-67.09729254099994, 48.960729325000045], [-67.08031345499995, 48.96600164100005], [-67.06421856399993, 48.97443137700009], [-67.04845972499993, 48.97831867600007], [-67.02622964499994, 48.98718660700007], [-67.0230222369999, 48.989646391000065], [-67.00000035799991, 48.99637017200007], [-66.98846090199993, 49.00001079200007], [-66.875, 49.000004362000084]]]]}}, {"type": "Feature", "properties": {"Feuillet250K": "22A", "Nom_Feuillet250K": "GASP\u00c9", "Lien_GPKG": "https://diffusion.mffp.gouv.qc.ca/Diffusion/DonneeGratuite/Foret/DONNEES_FOR_ECO_SUD/Cartes_ecoforestieres_perturbations/02-Donnees/Decoupage250K/22A/CARTE_ECO_MAJ_22A_GPKG.zip"}, "geometry": {"type": "MultiPolygon", "coordinates": [[[[-64.1523242639999, 48.486426960000074], [-64.16307503999991, 48.48310425900007], [-64.17022029099991, 48.48483380400006], [-64.17655159499992, 48.48913281800009], [-64.17695694699995, 48.49346890000004], [-64.1750580659999, 48.50006333200008], [-64.17314691099995, 48.505194938000045], [-64.16208865099992, 48.50734847800004], [-64.15551642799994, 48.50450493400007], [-64.15268993699993, 48.50007138800004], [-64.14363130899994, 48.49322660200005], [-64.1523242639999, 48.486426960000074]]], [[[-64.39163976799995, 49.000067674000036], [-64.39016084999992, 48.995768988000066], [-64.38209676399993, 48.99612979200003], [-64.375, 48.99348419800003], [-64.36933820099995, 48.988490021000075], [-64.36872095699994, 48.98420863200005], [-64.36109755099994, 48.978956839000034], [-64.33782510799995, 48.968134956000085], [-64.31047438299993, 48.95148319000003], [-64.30875833999994, 48.94674996700007], [-64.31042137199995, 48.94383899600007], [-64.30661020799994, 48.9375], [-64.30360773899992, 48.93366549800004], [-64.27828920799993, 48.92714466700005], [-64.27148274599995, 48.92330929700006], [-64.25947448999995, 48.91170181200005], [-64.24999823199994, 48.90506005200007], [-64.24319662999994, 48.901234756000065], [-64.21481152399991, 48.87503207700007], [-64.21098171699992, 48.86725453400004], [-64.20311814099995, 48.860004063000076], [-64.21354869299995, 48.83546109400004], [-64.22246486299991, 48.82191213700008], [-64.22156498999993, 48.8125], [-64.21584665599994, 48.79766827900005], [-64.21109479299992, 48.79309687700004], [-64.20435726399995, 48.79075052300004], [-64.19841009399994, 48.79060023900007], [-64.19331128099992, 48.783050381000066], [-64.1877773519999, 48.780076772000086], [-64.1702130139999, 48.76496411100004], [-64.16057080399992, 48.75443192800009], [-64.16525960099995, 48.75006622400008], [-64.16570288699995, 48.74965343200006], [-64.16639782399994, 48.75006580200005], [-64.18833326499993, 48.76280214500008], [-64.23893740999995, 48.80223744700004], [-64.24504980499995, 48.80499402700008], [-64.24999794199994, 48.804285477000064], [-64.26868196499993, 48.8125], [-64.28105304099995, 48.81932230400008], [-64.30371112899991, 48.82713331300005], [-64.31800581899995, 48.82534911400006], [-64.32475229099992, 48.827994527000044], [-64.32845702299994, 48.832038122000085], [-64.34375457599992, 48.83643050200004], [-64.35531693799993, 48.84248001200007], [-64.375, 48.849083277000034], [-64.40932992899991, 48.855449312000076], [-64.43021664199995, 48.849807217000034], [-64.43778992599994, 48.85243750200004], [-64.4396374069999, 48.85729477600006], [-64.45229608799991, 48.85998959300008], [-64.46532279999991, 48.86468873500007], [-64.49999893299992, 48.86912471100004], [-64.51755037999993, 48.87501731700007], [-64.54819128999992, 48.88501730000007], [-64.55452818299995, 48.88128233500004], [-64.55523321599992, 48.87759485600009], [-64.55362766899992, 48.875047090000066], [-64.54847805999992, 48.87126666800003], [-64.52047259299991, 48.861841309000056], [-64.51054844999993, 48.85567330300006], [-64.50913032699992, 48.85159954800008], [-64.50425141199992, 48.84792166600005], [-64.49999924499991, 48.84716023100003], [-64.49337778899991, 48.845736195000086], [-64.4901353969999, 48.843325770000035], [-64.47716636199993, 48.83884540200006], [-64.47917351099994, 48.828035957000054], [-64.46517324699994, 48.82483097000005], [-64.45029737399994, 48.82762235600006], [-64.43721362999992, 48.82285862800006], [-64.41379576599991, 48.81829294000005], [-64.4060993679999, 48.81936612900006], [-64.39848296499991, 48.8125], [-64.38587193399991, 48.803034136000065], [-64.37858363899994, 48.79932156800004], [-64.3775452399999, 48.79526443700007], [-64.38215325499993, 48.78061024800007], [-64.37803910699995, 48.77121701500005], [-64.375, 48.767937766000045], [-64.34829492199992, 48.75840223700004], [-64.33529601399994, 48.75280853600003], [-64.33268279499993, 48.750064887000065], [-64.32358207499993, 48.73834796700004], [-64.31891536699993, 48.73539988300007], [-64.2965361009999, 48.72873442700006], [-64.28910663999994, 48.72066297900005], [-64.27965842199995, 48.717956334000064], [-64.27359854499991, 48.711487298000065], [-64.26417499799993, 48.706962790000034], [-64.25839590799995, 48.69929741100003], [-64.25425981099994, 48.6875], [-64.24999829699993, 48.681847480000044], [-64.23352908299995, 48.666569483000046], [-64.22765159099993, 48.663767766000035], [-64.22214903199995, 48.66451001000007], [-64.21478760899993, 48.65776495400007], [-64.20875566899991, 48.65620297300006], [-64.1969475969999, 48.64909462400004], [-64.18615195299992, 48.645558306000055], [-64.17563905199995, 48.629934475000084], [-64.17074464799992, 48.62506552100007], [-64.16955076799991, 48.62315394400008], [-64.17401409899992, 48.61890378000004], [-64.1873534259999, 48.62024477500006], [-64.1935171259999, 48.61938905100004], [-64.19926195099993, 48.62280370800005], [-64.21108701699995, 48.623544425000034], [-64.21828286499994, 48.62247403300006], [-64.23165890599995, 48.624997191000034], [-64.24999896599991, 48.623371528000064], [-64.2722405049999, 48.61787183100006], [-64.30062320499991, 48.616368580000085], [-64.30555163699995, 48.61513588400004], [-64.30792843499995, 48.61074206400008], [-64.31318740499995, 48.611614100000054], [-64.31385836099992, 48.609870423000075], [-64.31196683499991, 48.60794270300005], [-64.31469537399994, 48.60349535800003], [-64.31391103299995, 48.59920418200005], [-64.30144233299995, 48.59772638900006], [-64.29676141599992, 48.58833789700009], [-64.29823462299993, 48.58264755700009], [-64.29660307899991, 48.57714062400004], [-64.29252733999994, 48.572861429000056], [-64.2922424379999, 48.5625], [-64.28980085499995, 48.553817035000066], [-64.28036966799993, 48.54811539000008], [-64.25000018399993, 48.54283699100006], [-64.24669547399992, 48.54259614100005], [-64.23390015099994, 48.53664041500008], [-64.21818649399995, 48.532510897000066], [-64.2104895949999, 48.526313187000085], [-64.21030801199993, 48.52255334600005], [-64.2181166929999, 48.51580048400007], [-64.22000094999993, 48.510417859000086], [-64.21816919799994, 48.50389293900008], [-64.22392363199992, 48.50095694300006], [-64.22760136599993, 48.50155926900004], [-64.23097733799995, 48.50002286500006], [-64.24348563799992, 48.49429287500004], [-64.25000082999992, 48.49291223600005], [-64.28734571299992, 48.483427919000064], [-64.30675900999995, 48.472768631000065], [-64.31177557099994, 48.47314563000003], [-64.3090445169999, 48.46923788600009], [-64.31867925499995, 48.45642836900004], [-64.32888121199994, 48.4375], [-64.32811805499995, 48.432078655000055], [-64.3255350899999, 48.42863915300006], [-64.3197440319999, 48.426813440000046], [-64.31673975399991, 48.42426342300007], [-64.31864109799994, 48.41775492600004], [-64.32425454699995, 48.41592889000003], [-64.3325369719999, 48.41576140600006], [-64.34266012799992, 48.41895942800005], [-64.36571140599995, 48.41345746600007], [-64.36995487099995, 48.41292275900008], [-64.375, 48.41448077700005], [-64.3861982059999, 48.41692419900005], [-64.42467925699992, 48.40632509400007], [-64.46978431399992, 48.40328788800008], [-64.48816949799993, 48.39546659700005], [-64.50000049599993, 48.396601357000065], [-64.50459190999993, 48.39725681900006], [-64.51569100699993, 48.38904448800008], [-64.52261722399993, 48.386597023000036], [-64.54246330899991, 48.38300278600008], [-64.55407051799995, 48.378815806000034], [-64.5811765979999, 48.376686247000066], [-64.60233663199995, 48.38605009300005], [-64.59446042299993, 48.37507134400005], [-64.5940394559999, 48.36779951300008], [-64.59798872199991, 48.36489119100008], [-64.61479376299991, 48.35945227900004], [-64.625, 48.35783299000008], [-64.63271077799993, 48.35743642300008], [-64.64894582699992, 48.35295554800007], [-64.65591826999992, 48.34724413400005], [-64.67625663799993, 48.344876336000084], [-64.68464787399995, 48.33722727700007], [-64.68994407799994, 48.335797686000035], [-64.69915416899994, 48.34189801400004], [-64.70771180899993, 48.33967029000007], [-64.73165444699993, 48.33903991100004], [-64.73075633099995, 48.33433796300005], [-64.72542082299992, 48.332666595000035], [-64.72059771899995, 48.327765286000044], [-64.72077219199991, 48.32442814700005], [-64.71400493999994, 48.32190468500005], [-64.69991392899993, 48.32576147800006], [-64.69617628299994, 48.32176558100008], [-64.69924391399991, 48.31646284400006], [-64.69982233899992, 48.3125], [-64.69752224599995, 48.30711202900005], [-64.6999340399999, 48.30330341300004], [-64.71677465599993, 48.294449744000076], [-64.71554428999991, 48.290350843000056], [-64.72175409599993, 48.28648057800007], [-64.7381189649999, 48.281654040000035], [-64.7415709199999, 48.27642120500008], [-64.73883629999995, 48.27365672900004], [-64.73920993899992, 48.27000442700006], [-64.75000123299992, 48.25621148400006], [-64.7546992099999, 48.25300826500006], [-64.75584022599992, 48.25001016900006], [-64.76275132099994, 48.23957096500004], [-64.76038660799992, 48.23523217200005], [-64.76084532899995, 48.227487230000065], [-64.77296350199993, 48.21797923200006], [-64.77642354299991, 48.205720857000074], [-64.78685487899992, 48.20153108300008], [-64.79558234899991, 48.20078943100003], [-64.81625116299995, 48.20355864600003], [-64.84060112799995, 48.194998497000086], [-64.85622443099993, 48.19379089600005], [-64.86350145699993, 48.1875], [-64.8644845789999, 48.186263876000055], [-64.875, 48.185914542000035], [-64.8851526059999, 48.1875], [-64.89357984299994, 48.1875], [-64.91815414199993, 48.18340094800004], [-64.93212780699992, 48.17857323700008], [-64.95305947499992, 48.18081317300005], [-64.96171031499995, 48.1875], [-64.96232219099994, 48.192405842000085], [-64.97090148099994, 48.19794748400005], [-64.97517008799991, 48.192551355000035], [-64.97408874599995, 48.1875], [-64.97057133299995, 48.17806253700007], [-64.9756318929999, 48.17123310800008], [-64.97803196199993, 48.160376014000065], [-64.97457328199994, 48.15705347900007], [-64.95894455599995, 48.15308752900006], [-64.95781243399995, 48.148208139000076], [-65.00000276599991, 48.12568906800004], [-65.00114828499994, 48.12500401900007], [-65.02682135999993, 48.11078396600004], [-65.03134402299992, 48.106553845000064], [-65.0495854479999, 48.10318510400003], [-65.06233157199995, 48.09848234000003], [-65.06540529599994, 48.094707579000044], [-65.07206987599994, 48.09274980400005], [-65.07801482499991, 48.093718453000065], [-65.10197177999993, 48.078035140000054], [-65.1194774999999, 48.073849566000035], [-65.125, 48.07008810000008], [-65.12889447599991, 48.066881711000065], [-65.13117401099993, 48.0625], [-65.14103405199995, 48.054609145000086], [-65.16691798699992, 48.043551549000085], [-65.2191450279999, 48.033684340000036], [-65.23947371399993, 48.02513643800006], [-65.24346362699993, 48.021009190000086], [-65.25000138099995, 48.01884790500009], [-65.25178977299993, 48.01825658700005], [-65.25925008199994, 48.022345029000064], [-65.26683122299994, 48.02364387300008], [-65.30054480899992, 48.01711773200009], [-65.31236298899995, 48.01246548700004], [-65.31861492599995, 48.00517148500006], [-65.32531187399991, 48.003198706000035], [-65.33622894899992, 48.00200442500005], [-65.35446355099992, 48.00407394500007], [-65.375, 48.003165667000076], [-65.40289527699991, 48.00065432000008], [-65.42741752499995, 48.00570278400005], [-65.4391382579999, 48.00604828300004], [-65.44993927199994, 48.00447533500005], [-65.45467274099991, 48.00604615100008], [-65.46107846799993, 48.00887100500006], [-65.46964284099994, 48.016696290000084], [-65.47509305999995, 48.02917055800003], [-65.4801269859999, 48.03581972600006], [-65.4860421699999, 48.03727125100005], [-65.48963016999994, 48.04184555200004], [-65.50000124099995, 48.048349588000065], [-65.52349208599992, 48.0625], [-65.53627281099995, 48.068256086000076], [-65.5438734029999, 48.066514322000046], [-65.5583019959999, 48.06797428500005], [-65.58565814299993, 48.07278299700005], [-65.625, 48.082802307000065], [-65.63938006699993, 48.089127562000044], [-65.70539737599995, 48.10834995200008], [-65.73519780399994, 48.115040193000084], [-65.75000053499991, 48.115986201000055], [-65.77584321099994, 48.11669178600005], [-65.78868998799993, 48.11959757300008], [-65.80841966899993, 48.12104763500008], [-65.81370120799994, 48.12271433300003], [-65.81544436199994, 48.12505522500004], [-65.82819861099995, 48.13738867700005], [-65.83863502399993, 48.14237649900008], [-65.84764474399992, 48.149259862000065], [-65.8521862259999, 48.150222958000086], [-65.8501898909999, 48.15558910400006], [-65.8388125969999, 48.15953590100008], [-65.84130626399991, 48.16597393500007], [-65.85284328599994, 48.160900681000044], [-65.85955695899992, 48.160587587000066], [-65.875, 48.17022478800004], [-65.88041656099995, 48.17292224700009], [-65.88707123199993, 48.17286014200005], [-65.89740905799994, 48.16978467500007], [-65.90203823099995, 48.17337115000004], [-65.90015684799994, 48.18032878100007], [-65.90228712399994, 48.1875], [-65.90243535499991, 48.20271528300009], [-65.92278390999991, 48.19414535000004], [-65.93053083299992, 48.195047517000035], [-65.93411653099992, 48.19819596100007], [-65.93931744199995, 48.19943512200007], [-65.94954523199993, 48.19381096200004], [-65.95793089199992, 48.19303026600005], [-65.9675378309999, 48.1875], [-65.97036968799995, 48.181583715000045], [-65.99999920899995, 48.163074522000045], [-65.99999904999993, 48.1875], [-65.99999864499995, 48.24999884200008], [-65.99999880299993, 48.3125], [-65.99999896199995, 48.37499876000004], [-65.99999911299994, 48.4375], [-65.99999926399994, 48.49999920800008], [-65.99999819899995, 48.5625], [-65.9999971339999, 48.62499594900004], [-65.99999695799994, 48.6875], [-65.99999678299992, 48.74999625600009], [-65.99999710899993, 48.8125], [-65.99999743599994, 48.87499755500005], [-65.99999757799992, 48.9375], [-65.99999771999995, 48.99999754400005], [-65.875, 48.99999799300008], [-65.74999840799995, 48.99999844200005], [-65.625, 48.999998179000045], [-65.49999876999993, 48.99999791600004], [-65.375, 48.99999907100005], [-65.24999624399993, 49.000000225000065], [-65.125, 49.00000001700005], [-64.9999975419999, 48.99999980800004], [-64.875, 48.99999913600004], [-64.74999899699992, 48.999998463000054], [-64.625, 48.99999795800005], [-64.49999718599992, 48.99999745300005], [-64.39163976799995, 49.000067674000036]]]]}}, {"type": "Feature", "properties": {"Feuillet250K": "31M", "Nom_Feuillet250K": "VILLE-MARIE", "Lien_GPKG": "https://diffusion.mffp.gouv.qc.ca/Diffusion/DonneeGratuite/Foret/DONNEES_FOR_ECO_SUD/Cartes_ecoforestieres_perturbations/02-Donnees/Decoupage250K/31M/CARTE_ECO_MAJ_31M_GPKG.zip"}, "geometry": {"type": "MultiPolygon", "coordinates": [[[[-78.875, 48.00000350400006], [-78.74999411899995, 48.000003141000036], [-78.625, 48.00000384400005], [-78.49999412799991, 48.00000454700006], [-78.375, 48.000005172000044], [-78.24999388099991, 48.000005798000075], [-78.125, 48.00000516000006], [-77.99999281399994, 48.00000452200004], [-77.99999330599991, 47.9375], [-77.99999379699995, 47.875004527000044], [-77.99999413499995, 47.8125], [-77.99999447199991, 47.750004508000075], [-77.99999473399993, 47.6875], [-77.99999499499995, 47.62500453600006], [-77.99999522399992, 47.5625], [-77.99999545299994, 47.50000466700004], [-77.99999535099994, 47.4375], [-77.99999524799995, 47.37500467400008], [-77.99999529299993, 47.3125], [-77.9999953379999, 47.250004955000065], [-77.99999528799992, 47.1875], [-77.99999523699995, 47.12500490800005], [-77.99999522399992, 47.0625], [-77.99999521099994, 47.00000517500007], [-78.125, 47.00000501100004], [-78.24999605599993, 47.00000484700007], [-78.375, 47.00000484800006], [-78.49999643299992, 47.00000485000004], [-78.625, 47.00000479000005], [-78.74999710799995, 47.00000473000006], [-78.875, 47.00000472000005], [-78.99999731899993, 47.00000470900005], [-79.125, 47.00000472100004], [-79.24999600899991, 47.00000473300008], [-79.34392895799994, 47.00007485400005], [-79.34548510199994, 47.00596895600006], [-79.3514578349999, 47.01291353400006], [-79.375, 47.02829639500004], [-79.39285163799991, 47.041164165000055], [-79.41463826799992, 47.0625], [-79.42729921099993, 47.07419240300004], [-79.43574386099993, 47.085775854000076], [-79.4406606519999, 47.099470384000085], [-79.44649411199993, 47.10905380000008], [-79.44441077199991, 47.11616495700008], [-79.4458591799999, 47.12505525600005], [-79.44104931299995, 47.13858177700007], [-79.43918806699992, 47.159026345000086], [-79.42919199399995, 47.1875], [-79.42888155299994, 47.19830409400004], [-79.43740979699993, 47.20744280900004], [-79.43929880999991, 47.21497055400005], [-79.43768748799994, 47.22202611200004], [-79.42921462999993, 47.23872045000007], [-79.42949244899995, 47.24366491900008], [-79.43293252599995, 47.250062738000054], [-79.43327032199994, 47.25552617400007], [-79.43627059699992, 47.26338756600006], [-79.44093746699991, 47.268971054000076], [-79.4495212839999, 47.27449901700004], [-79.45249369099992, 47.28252708300005], [-79.4639386799999, 47.28672168300005], [-79.48346730899993, 47.303805657000055], [-79.48455071799992, 47.30819466200006], [-79.48121254699993, 47.3125], [-79.47680030099991, 47.31813948800004], [-79.49999637299993, 47.322358568000084], [-79.5026069569999, 47.32486202600006], [-79.50660706299993, 47.335779126000034], [-79.51277415999994, 47.344640549000076], [-79.52258021999995, 47.35227973600007], [-79.54219263399995, 47.364252511000075], [-79.55322852599994, 47.37505508400005], [-79.56538862499991, 47.39278091600005], [-79.57250009499995, 47.40697566100005], [-79.57772283499992, 47.42278167300009], [-79.57912072999994, 47.4375], [-79.5778897809999, 47.447088422000036], [-79.57413970699992, 47.45917220300004], [-79.55730542799995, 47.486867552000035], [-79.55278679199995, 47.500054944000055], [-79.55680538399992, 47.51356245000005], [-79.55327737399995, 47.51975674400006], [-79.5455823559999, 47.524284306000084], [-79.52116406199991, 47.530922607000036], [-79.5172194299999, 47.533422500000086], [-79.51180239599995, 47.540005706000045], [-79.51285814099992, 47.546811276000085], [-79.51749727599992, 47.55053359500005], [-79.51750171599991, 47.5625], [-79.51752491299993, 47.625024695000036], [-79.51756489099995, 47.6875], [-79.5176368779999, 47.750024418000066], [-79.51754009899992, 47.8125], [-79.51744314199993, 47.875023731000056], [-79.51761082099995, 47.9375], [-79.51761040699995, 48.00002335000005], [-79.49999422799993, 48.00000415200009], [-79.375, 48.00000408900007], [-79.24999410499993, 48.00000402500007], [-79.125, 48.00000394600005], [-78.9999940809999, 48.00000386700003], [-78.875, 48.00000350400006]]]]}}, {"type": "Feature", "properties": {"Feuillet250K": "31N", "Nom_Feuillet250K": "GRAND-LAC-VICTORIA", "Lien_GPKG": "https://diffusion.mffp.gouv.qc.ca/Diffusion/DonneeGratuite/Foret/DONNEES_FOR_ECO_SUD/Cartes_ecoforestieres_perturbations/02-Donnees/Decoupage250K/31N/CARTE_ECO_MAJ_31N_GPKG.zip"}, "geometry": {"type": "MultiPolygon", "coordinates": [[[[-76.49999127799992, 48.000005283000064], [-76.375, 48.00000341000003], [-76.24999483699992, 48.00000153600007], [-76.125, 48.00000114300008], [-75.9999957949999, 48.00000075000008], [-75.99999560299995, 47.9375], [-75.99999541199992, 47.875001403000056], [-75.99999580299993, 47.8125], [-75.99999619399995, 47.75000178400006], [-75.99999625099991, 47.6875], [-75.99999630799994, 47.625001833000056], [-75.99999637399992, 47.5625], [-75.99999643899991, 47.50000179500006], [-75.99999620599993, 47.4375], [-75.9999959729999, 47.375002176000066], [-75.99999590699991, 47.3125], [-75.99999584099993, 47.25000241400005], [-75.99999587799994, 47.1875], [-75.99999591499994, 47.12500284300006], [-75.99999595499992, 47.0625], [-75.99999599499995, 47.00000335300007], [-76.125, 47.000003561000085], [-76.24999489099991, 47.000003769000045], [-76.375, 47.000003475000085], [-76.49999515299993, 47.00000318000008], [-76.625, 47.00000359100005], [-76.74999367299995, 47.00000400300007], [-76.875, 47.00000452900008], [-76.9999938279999, 47.00000505500009], [-77.125, 47.00000560400008], [-77.24999427299991, 47.00000615300007], [-77.375, 47.00000638100005], [-77.49999483099992, 47.000006608000035], [-77.625, 47.000006211000084], [-77.74999501099995, 47.00000581300009], [-77.875, 47.00000549400005], [-77.99999521099994, 47.00000517500007], [-77.99999522399992, 47.0625], [-77.99999523699995, 47.12500490800005], [-77.99999528799992, 47.1875], [-77.9999953379999, 47.250004955000065], [-77.99999529299993, 47.3125], [-77.99999524799995, 47.37500467400008], [-77.99999535099994, 47.4375], [-77.99999545299994, 47.50000466700004], [-77.99999522399992, 47.5625], [-77.99999499499995, 47.62500453600006], [-77.99999473399993, 47.6875], [-77.99999447199991, 47.750004508000075], [-77.99999413499995, 47.8125], [-77.99999379699995, 47.875004527000044], [-77.99999330599991, 47.9375], [-77.99999281399994, 48.00000452200004], [-77.875, 48.000004379000075], [-77.74999233599993, 48.00000423600005], [-77.625, 48.00000439400009], [-77.4999921939999, 48.000004552000064], [-77.375, 48.00000462500009], [-77.24999200799994, 48.000004698000055], [-77.125, 48.00000476400004], [-76.99999179199995, 48.00000483000008], [-76.875, 48.000004929000056], [-76.74999156699994, 48.00000502800003], [-76.625, 48.00000515500005], [-76.49999127799992, 48.000005283000064]]]]}}, {"type": "Feature", "properties": {"Feuillet250K": "31O", "Nom_Feuillet250K": "LAC KEMPT", "Lien_GPKG": "https://diffusion.mffp.gouv.qc.ca/Diffusion/DonneeGratuite/Foret/DONNEES_FOR_ECO_SUD/Cartes_ecoforestieres_perturbations/02-Donnees/Decoupage250K/31O/CARTE_ECO_MAJ_31O_GPKG.zip"}, "geometry": {"type": "MultiPolygon", "coordinates": [[[[-74.0000036909999, 48.00000148300006], [-74.0000038149999, 47.9375], [-74.00000393999994, 47.87500120100009], [-74.0000037719999, 47.8125], [-74.0000036049999, 47.750000914000054], [-74.0000033469999, 47.6875], [-74.0000030889999, 47.62500067500008], [-74.00000287199992, 47.5625], [-74.00000265599994, 47.50000058000006], [-74.00000222799991, 47.4375], [-74.00000179999995, 47.375000570000054], [-74.00000141499993, 47.3125], [-74.00000102999991, 47.25000046700006], [-74.00000069099991, 47.1875], [-74.00000035099993, 47.12500059000007], [-74.00000008799992, 47.0625], [-73.99999982499992, 47.00000047200007], [-74.125, 47.00000047900005], [-74.24999964999995, 47.00000048600003], [-74.375, 47.00000079500006], [-74.49999899699992, 47.000001103000045], [-74.625, 47.00000197500009], [-74.74999867799994, 47.000002847000076], [-74.875, 47.000002393000045], [-74.9999973159999, 47.00000193900007], [-75.125, 47.00000264000005], [-75.24999434699993, 47.00000334200007], [-75.375, 47.00000337600005], [-75.49999500899992, 47.00000341100008], [-75.625, 47.00000333300005], [-75.7499966389999, 47.00000325600007], [-75.875, 47.000003304000074], [-75.99999599499995, 47.00000335300007], [-75.99999595499992, 47.0625], [-75.99999591499994, 47.12500284300006], [-75.99999587799994, 47.1875], [-75.99999584099993, 47.25000241400005], [-75.99999590699991, 47.3125], [-75.9999959729999, 47.375002176000066], [-75.99999620599993, 47.4375], [-75.99999643899991, 47.50000179500006], [-75.99999637399992, 47.5625], [-75.99999630799994, 47.625001833000056], [-75.99999625099991, 47.6875], [-75.99999619399995, 47.75000178400006], [-75.99999580299993, 47.8125], [-75.99999541199992, 47.875001403000056], [-75.99999560299995, 47.9375], [-75.9999957949999, 48.00000075000008], [-75.875, 48.000000561000036], [-75.74999634699992, 48.000000372000045], [-75.625, 48.00000029700004], [-75.49999693099994, 48.00000022200004], [-75.375, 48.00000036100005], [-75.24999816899992, 48.000000500000056], [-75.125, 48.00000042800008], [-74.99999956399995, 48.000000355000054], [-74.875, 48.000000886000066], [-74.74999999699992, 48.00000141700008], [-74.625, 48.00000127200008], [-74.50000223099994, 48.000001128000065], [-74.375, 48.000001171000065], [-74.2500032609999, 48.000001214000065], [-74.125, 48.00000134900006], [-74.0000036909999, 48.00000148300006]]]]}}, {"type": "Feature", "properties": {"Feuillet250K": "31P", "Nom_Feuillet250K": "LA TUQUE", "Lien_GPKG": "https://diffusion.mffp.gouv.qc.ca/Diffusion/DonneeGratuite/Foret/DONNEES_FOR_ECO_SUD/Cartes_ecoforestieres_perturbations/02-Donnees/Decoupage250K/31P/CARTE_ECO_MAJ_31P_GPKG.zip"}, "geometry": {"type": "MultiPolygon", "coordinates": [[[[-73.625, 48.00000097600008], [-73.50000284999993, 48.000000733000036], [-73.375, 48.00000079100005], [-73.2500017129999, 48.00000085000005], [-73.125, 48.00000106300007], [-73.0000010249999, 48.000001275000045], [-72.875, 48.00000072200004], [-72.75000209199993, 48.00000016900009], [-72.625, 48.00000039000008], [-72.50000186099993, 48.000000611000075], [-72.375, 48.000000526000065], [-72.25000197799994, 48.000000442000044], [-72.125, 48.00000034000004], [-72.00000206999994, 48.00000023800004], [-72.0000022779999, 47.9375], [-72.00000248599991, 47.87500028100004], [-72.00000260099995, 47.8125], [-72.00000271699992, 47.75000040000003], [-72.0000026049999, 47.6875], [-72.0000024929999, 47.62500024700006], [-72.00000263299995, 47.5625], [-72.0000027719999, 47.50000032500009], [-72.00000272099993, 47.4375], [-72.00000267099995, 47.37500028300008], [-72.00000276899993, 47.3125], [-72.00000286699992, 47.25000012500004], [-72.00000288399991, 47.1875], [-72.0000029009999, 47.12500000600005], [-72.00000276399993, 47.0625], [-72.00000262799995, 46.99999998900006], [-72.125, 46.99999969400005], [-72.25000235499994, 46.999999400000036], [-72.375, 46.999999453000044], [-72.5000020089999, 46.99999950600005], [-72.625, 46.99999962800007], [-72.75000159199993, 46.999999750000086], [-72.875, 47.00000008500007], [-73.00000094199993, 47.00000042000005], [-73.125, 47.00000014700004], [-73.25000058599994, 46.99999987500007], [-73.375, 47.000000414000056], [-73.4999979239999, 47.00000095300004], [-73.625, 47.000000861000046], [-73.74999893899991, 47.00000076900005], [-73.875, 47.00000062100008], [-73.99999982499992, 47.00000047200007], [-74.00000008799992, 47.0625], [-74.00000035099993, 47.12500059000007], [-74.00000069099991, 47.1875], [-74.00000102999991, 47.25000046700006], [-74.00000141499993, 47.3125], [-74.00000179999995, 47.375000570000054], [-74.00000222799991, 47.4375], [-74.00000265599994, 47.50000058000006], [-74.00000287199992, 47.5625], [-74.0000030889999, 47.62500067500008], [-74.0000033469999, 47.6875], [-74.0000036049999, 47.750000914000054], [-74.0000037719999, 47.8125], [-74.00000393999994, 47.87500120100009], [-74.0000038149999, 47.9375], [-74.0000036909999, 48.00000148300006], [-73.875, 48.00000135100004], [-73.75000342599992, 48.00000122000006], [-73.625, 48.00000097600008]]]]}}, {"type": "Feature", "properties": {"Feuillet250K": "21M", "Nom_Feuillet250K": "BAIE-SAINT-PAUL", "Lien_GPKG": "https://diffusion.mffp.gouv.qc.ca/Diffusion/DonneeGratuite/Foret/DONNEES_FOR_ECO_SUD/Cartes_ecoforestieres_perturbations/02-Donnees/Decoupage250K/21M/CARTE_ECO_MAJ_21M_GPKG.zip"}, "geometry": {"type": "MultiPolygon", "coordinates": [[[[-70.75000305899994, 47.00438266200007], [-70.76020786399994, 47.001024215000086], [-70.75000304799994, 47.009203754000055], [-70.73067281699991, 47.01921458500004], [-70.7114749829999, 47.02441534400003], [-70.72939894599995, 47.013567599000055], [-70.75000305899994, 47.00438266200007]]], [[[-70.84437238099991, 47.02445265600005], [-70.82584420499995, 47.01928917400005], [-70.80182712899995, 47.02443779500004], [-70.7970228989999, 47.01923260500007], [-70.80189932999991, 47.013894264000044], [-70.80853678299991, 47.000053834000084], [-70.875, 47.00005774300007], [-70.92923718399993, 47.00006093300004], [-70.89216271599992, 47.007773186000065], [-70.875, 47.014129635000074], [-70.85897834899993, 47.02102531700007], [-70.84437238099991, 47.02445265600005]]], [[[-70.66484820599993, 47.02750565900004], [-70.67608683399993, 47.02048096000004], [-70.68293095199994, 47.021576810000056], [-70.68114723399992, 47.02704917300008], [-70.67672618299991, 47.03084340000004], [-70.65719877299995, 47.039040267000075], [-70.65711756499991, 47.033795729000076], [-70.66168916899994, 47.031369400000074], [-70.66484820599993, 47.02750565900004]]], [[[-70.625, 47.03159953800008], [-70.63774615099993, 47.027487516000065], [-70.625, 47.03543833100008], [-70.62106001899991, 47.04315938900004], [-70.60957023399993, 47.04910835900006], [-70.61173110099992, 47.043960509000044], [-70.61914319999994, 47.039302046000046], [-70.61971226799994, 47.03486644000009], [-70.625, 47.03159953800008]]], [[[-70.42133841999993, 47.17080309100004], [-70.43172241899993, 47.15880940800008], [-70.45200836799995, 47.142087418000074], [-70.46205760299995, 47.13843883700008], [-70.4637863559999, 47.135965577000036], [-70.48042555399991, 47.12964559400007], [-70.48819010299991, 47.12501354700004], [-70.50000268899993, 47.11549441100004], [-70.51358338599994, 47.10313555300007], [-70.51658500199994, 47.09616336000005], [-70.52146987299994, 47.09016230300006], [-70.51472291099992, 47.07882841700007], [-70.5173154169999, 47.07371837000005], [-70.52746773899992, 47.0625], [-70.53902604799993, 47.051870876000066], [-70.55190455199994, 47.04416521700006], [-70.5751533799999, 47.040194076000034], [-70.57058093299992, 47.04554957300007], [-70.56587155699992, 47.047306578000075], [-70.56104852199991, 47.05357047500007], [-70.5500664249999, 47.0625], [-70.5406076779999, 47.07205727400009], [-70.53955749499994, 47.07633971700005], [-70.54044257399994, 47.079991706000044], [-70.53786993999995, 47.09212816100006], [-70.51654902999991, 47.107417233000035], [-70.51383657999992, 47.11465026600007], [-70.5068041529999, 47.12500802100004], [-70.50531202199994, 47.12814484900008], [-70.50000263899994, 47.131303598000045], [-70.49132521199994, 47.137914127000045], [-70.46925263499992, 47.143928482000035], [-70.46740403799993, 47.14824599500008], [-70.4468373059999, 47.15803479500005], [-70.44137277199991, 47.16217915300007], [-70.4346070439999, 47.16177966400005], [-70.42133841999993, 47.17080309100004]]], [[[-70.38675838499995, 47.37507398400004], [-70.39730541499995, 47.36785165200007], [-70.41677956699994, 47.36964851000005], [-70.42326649099994, 47.37506365400009], [-70.42333585499995, 47.375063623000074], [-70.43098708299993, 47.36979288300006], [-70.42944657299995, 47.37506065400004], [-70.42893434599995, 47.37992952500008], [-70.43379593599991, 47.38953954600004], [-70.43339400099995, 47.393155507000074], [-70.4199576549999, 47.40448114900005], [-70.41645191399994, 47.409417155000085], [-70.39831378899993, 47.414934663000054], [-70.38606518099994, 47.42261419600004], [-70.375, 47.42414591000005], [-70.34267078599993, 47.426898658000084], [-70.32803020699993, 47.42482669900005], [-70.32504616699993, 47.42134998000006], [-70.3388712279999, 47.40794905200005], [-70.34646275499995, 47.40379461100008], [-70.36546207099991, 47.38844523900008], [-70.375, 47.38318662000006], [-70.38675838499995, 47.37507398400004]]], [[[-70.375, 47.00000009200005], [-70.50000301999995, 47.00000006100004], [-70.52525587799994, 47.00002720900005], [-70.50000299099992, 47.01003181500005], [-70.471607, 47.03073335800008], [-70.46942122099995, 47.03373750700007], [-70.46816517999991, 47.04390263600004], [-70.46430793199994, 47.04599755600009], [-70.45339074099991, 47.0625], [-70.45274970199995, 47.064273239000045], [-70.42261837899991, 47.088671788000056], [-70.38240884599992, 47.11745147800008], [-70.37581235699992, 47.125074561000076], [-70.375, 47.126108170000066], [-70.36684460099991, 47.133519051000064], [-70.35939227099993, 47.13513833400003], [-70.35467884399992, 47.137759317000075], [-70.34217181499992, 47.14531725300009], [-70.32507954999994, 47.15862425700004], [-70.31954673599995, 47.160621708000065], [-70.31243700599993, 47.16831967600007], [-70.3128481409999, 47.17144194500008], [-70.3103265929999, 47.175719711000056], [-70.30429597299991, 47.17971276900005], [-70.30287177799994, 47.18304774100005], [-70.29775585899995, 47.1875], [-70.28311018699992, 47.198268865000045], [-70.27948210199992, 47.20430705500007], [-70.27381209099991, 47.20910872300004], [-70.27033328199991, 47.216820157000086], [-70.25000236599993, 47.230647812000086], [-70.24077505899993, 47.24051476000005], [-70.24023088599995, 47.243742971000074], [-70.23475218699991, 47.25001689900006], [-70.2353745229999, 47.253384210000036], [-70.23262460199993, 47.259000177000075], [-70.22793722199992, 47.26349589100005], [-70.22916986699994, 47.270524453000064], [-70.22584840699994, 47.276453649000075], [-70.22127433499992, 47.27908737300004], [-70.21787370099992, 47.28472829200007], [-70.21305953899991, 47.28756797900007], [-70.20710378599995, 47.29591877800004], [-70.19348940399993, 47.30878287000007], [-70.17664094499992, 47.3125], [-70.15719903399992, 47.31466218500009], [-70.14352166299994, 47.31864150900009], [-70.125, 47.32766588900006], [-70.10769102599994, 47.33403275100005], [-70.09114485399994, 47.34506646700004], [-70.07996318199991, 47.356522373000075], [-70.06113111799993, 47.36863169500003], [-70.05446042699992, 47.375050645000044], [-70.05328318399995, 47.37915312200005], [-70.04357461299992, 47.393066831000056], [-70.0418533479999, 47.40826222600003], [-70.04511561499993, 47.418745899000044], [-70.05832594199995, 47.430230760000086], [-70.04454702399994, 47.4375], [-70.03007365399992, 47.44844211800006], [-70.02814624799993, 47.453399621000074], [-70.02333552199991, 47.45888486900009], [-70.02415271599995, 47.463871708000056], [-70.02976502599995, 47.465208190000055], [-70.0335192679999, 47.46819198800006], [-70.02016804099992, 47.48046952200008], [-70.01548201299994, 47.48936413000007], [-70.0047073799999, 47.493428977000065], [-70.000002, 47.49675941500004], [-70.00000224999991, 47.4375], [-70.0000025139999, 47.375000071000045], [-70.00000258699993, 47.3125], [-70.00000266099994, 47.25000003900004], [-70.00000281699994, 47.1875], [-70.00000297399993, 47.12500013600004], [-70.0000032129999, 47.0625], [-70.00000345299992, 47.000000330000034], [-70.125, 47.000000226000054], [-70.2500029329999, 47.000000122000074], [-70.375, 47.00000009200005]]], [[[-71.125, 48.000001431000044], [-71.00000212299994, 48.00000126400005], [-70.875, 48.00000126900005], [-70.75000161399993, 48.000001275000045], [-70.625, 48.000000947000046], [-70.5000014659999, 48.00000061900005], [-70.375, 48.00000058000006], [-70.25000146099995, 48.000000542000066], [-70.125, 48.00000028800008], [-70.00000121099993, 48.00000003400004], [-70.0000010789999, 47.9375], [-70.00000094799992, 47.87499997100008], [-70.00000098399994, 47.8125], [-70.0000010199999, 47.750000008000086], [-70.00000107299991, 47.70366721800008], [-70.04007786499994, 47.6875], [-70.05580817799995, 47.680126037000036], [-70.09324481899995, 47.66698818800006], [-70.09889303199992, 47.65975815200005], [-70.11603238399994, 47.65560703500006], [-70.125, 47.65140129800005], [-70.13158809299995, 47.65098959300008], [-70.14143232799995, 47.65392620600005], [-70.14904165699994, 47.65078343200008], [-70.14954585799995, 47.64306727700006], [-70.14282576699992, 47.63699287700007], [-70.1395675999999, 47.62889610000008], [-70.1407585629999, 47.62507262500009], [-70.1487981439999, 47.615611984000054], [-70.16905900599994, 47.598707440000055], [-70.18184766599995, 47.59072893400008], [-70.19271316399994, 47.585847184000045], [-70.19721662299992, 47.581883305000076], [-70.20352568299995, 47.571132600000055], [-70.20464177199995, 47.5625], [-70.20247767199993, 47.54042937600008], [-70.20107111599992, 47.537862104000055], [-70.20344834499991, 47.523691614000086], [-70.21148977099995, 47.51019224500004], [-70.21766498399995, 47.50493641600008], [-70.22411377799995, 47.50548279600008], [-70.2291138729999, 47.50381261500007], [-70.23095683999992, 47.50002113100004], [-70.2317385419999, 47.496982605000085], [-70.22911798099994, 47.492694476000054], [-70.23378740499993, 47.487919946000034], [-70.25000181399992, 47.48784800200008], [-70.27046648499993, 47.482602400000076], [-70.28053028499994, 47.47491308200006], [-70.29805892299993, 47.46718234000008], [-70.32076914799995, 47.46315394900006], [-70.34606567499992, 47.462731802000064], [-70.3573104649999, 47.45913920800007], [-70.36262185699991, 47.452463074000036], [-70.36738669499994, 47.450597679000055], [-70.375, 47.45232808900005], [-70.3778946569999, 47.45376576000007], [-70.38543143099992, 47.45203745900005], [-70.4008152429999, 47.44490055300008], [-70.41508753599993, 47.442078354000046], [-70.42478757399994, 47.4375], [-70.43459113099993, 47.431989387000044], [-70.45438853399992, 47.42625093000004], [-70.45927944999994, 47.42661257800006], [-70.47836439799994, 47.43327439600006], [-70.4872998379999, 47.432690998000055], [-70.49550670399992, 47.42393906700005], [-70.5000021159999, 47.42209910400004], [-70.50000212399993, 47.41594763300009], [-70.49508435199994, 47.410887124000055], [-70.4946870199999, 47.402556976000085], [-70.49766859599993, 47.39055717400004], [-70.4975761579999, 47.38567256500005], [-70.50000216799992, 47.38308351500007], [-70.5049911719999, 47.37500650000004], [-70.52917596399993, 47.35571421600008], [-70.5370042589999, 47.34402659300008], [-70.55194516899991, 47.32942998000004], [-70.56061652199992, 47.3125], [-70.56426446099994, 47.308563105000076], [-70.56957572099992, 47.294257015000085], [-70.57003567099991, 47.292115770000066], [-70.56713256799992, 47.28450813500007], [-70.56925530899991, 47.28015299800006], [-70.57382866599994, 47.271837315000084], [-70.58472540299994, 47.25920881400003], [-70.58605327099991, 47.25511473100005], [-70.59234143799995, 47.25006987000006], [-70.6213305039999, 47.22607172600004], [-70.625, 47.217413641000064], [-70.63728745299994, 47.197258469000076], [-70.64900629999994, 47.1875], [-70.66114136499993, 47.172668919000046], [-70.67344228399992, 47.16232375000004], [-70.68458594899994, 47.14288439500007], [-70.69797843099991, 47.13490068800007], [-70.69795454299992, 47.13200401700004], [-70.70289270899991, 47.12504557400007], [-70.7088494539999, 47.12020911500008], [-70.7179693409999, 47.10730998300005], [-70.7261908079999, 47.10412751800004], [-70.74396577899995, 47.087169644000085], [-70.75000286999995, 47.08533569000008], [-70.76250088599994, 47.08254081900009], [-70.7820079409999, 47.07055679600006], [-70.79225750799992, 47.0625], [-70.79732098199992, 47.05634042300005], [-70.8085234099999, 47.04953676300005], [-70.84580828999992, 47.047172258000046], [-70.875, 47.04195186900006], [-70.88079006999993, 47.03970255000007], [-70.88631975599992, 47.04248467700006], [-70.8874176999999, 47.03724243900007], [-70.94724961999992, 47.01353570900005], [-70.9531190049999, 47.01081381000006], [-70.9678654679999, 47.000033786000074], [-71.00000326399993, 47.000000327000066], [-71.125, 47.00000029000006], [-71.25000279199992, 47.00000025300005], [-71.375, 47.00000027500005], [-71.5000022829999, 47.00000029700004], [-71.625, 47.000000303000036], [-71.75000270299995, 47.00000030800004], [-71.875, 47.00000014800008], [-72.00000262799995, 46.99999998900006], [-72.00000276399993, 47.0625], [-72.0000029009999, 47.12500000600005], [-72.00000288399991, 47.1875], [-72.00000286699992, 47.25000012500004], [-72.00000276899993, 47.3125], [-72.00000267099995, 47.37500028300008], [-72.00000272099993, 47.4375], [-72.0000027719999, 47.50000032500009], [-72.00000263299995, 47.5625], [-72.0000024929999, 47.62500024700006], [-72.0000026049999, 47.6875], [-72.00000271699992, 47.75000040000003], [-72.00000260099995, 47.8125], [-72.00000248599991, 47.87500028100004], [-72.0000022779999, 47.9375], [-72.00000206999994, 48.00000023800004], [-71.875, 48.000000501000045], [-71.75000145599995, 48.00000076400005], [-71.625, 48.000001216000044], [-71.50000196699995, 48.000001669000085], [-71.375, 48.00000163300007], [-71.2500028579999, 48.00000159700005], [-71.125, 48.000001431000044]]]]}}, {"type": "Feature", "properties": {"Feuillet250K": "21N", "Nom_Feuillet250K": "EDMUNDSTON", "Lien_GPKG": "https://diffusion.mffp.gouv.qc.ca/Diffusion/DonneeGratuite/Foret/DONNEES_FOR_ECO_SUD/Cartes_ecoforestieres_perturbations/02-Donnees/Decoupage250K/21N/CARTE_ECO_MAJ_21N_GPKG.zip"}, "geometry": {"type": "MultiPolygon", "coordinates": [[[[-69.75000167099995, 47.711919220000084], [-69.75357484199992, 47.70901519200004], [-69.75000167399992, 47.71440628000005], [-69.73416647199991, 47.73023245700006], [-69.7291445379999, 47.73716091400007], [-69.72346519399991, 47.74158414600004], [-69.7267877189999, 47.73513913900007], [-69.75000167099995, 47.711919220000084]]], [[[-69.77049154999992, 47.80219462600007], [-69.77565734799992, 47.79937600900007], [-69.77538091499991, 47.802936222000085], [-69.76803460299993, 47.8125], [-69.75000152799993, 47.83342234700007], [-69.72440159899992, 47.87142246800005], [-69.71937459999992, 47.87503136600009], [-69.68809646499994, 47.90197843700008], [-69.70000238999995, 47.88454924800004], [-69.70378702499994, 47.87504405000004], [-69.70419138499994, 47.86860370900007], [-69.70616366099995, 47.86463269200004], [-69.71297623799995, 47.86316839300008], [-69.72730154399994, 47.852606868000066], [-69.74245816899992, 47.82951028100007], [-69.75000155099991, 47.82243207800008], [-69.76195214799992, 47.8125], [-69.76802494199995, 47.806712332000075], [-69.77049154999992, 47.80219462600007]]], [[[-69.8116981739999, 47.958175063000056], [-69.80802563299994, 47.951416029000086], [-69.80139794699994, 47.952410228000076], [-69.79836796099994, 47.950727776000065], [-69.79504486499991, 47.94009377800006], [-69.79576240599994, 47.9375], [-69.79656510799992, 47.93459838200005], [-69.80039270899994, 47.93165350900006], [-69.80426604299993, 47.91528872300006], [-69.8079324709999, 47.910246907000044], [-69.8181170709999, 47.90489298700004], [-69.82706244299993, 47.89383724500004], [-69.8352579939999, 47.89197812200007], [-69.84107723799991, 47.88868365700006], [-69.84199710999991, 47.885738626000034], [-69.83981569299993, 47.88166948500009], [-69.84490150699992, 47.87917110300003], [-69.84884325099995, 47.87507009600006], [-69.85018721999995, 47.872401137000054], [-69.85993270199992, 47.86808444300004], [-69.86785695799995, 47.858422939000036], [-69.87039677999991, 47.85065642600006], [-69.8734870259999, 47.848154812000075], [-69.875, 47.836856546000035], [-69.87994845799994, 47.826242567000065], [-69.89019102799995, 47.8125], [-69.90075727099992, 47.80312847500005], [-69.8996890489999, 47.78692316100006], [-69.90539977999993, 47.77888448500005], [-69.9052723929999, 47.77132807600009], [-69.90891921499991, 47.76742515700005], [-69.91746575399992, 47.76194603700009], [-69.92528618599994, 47.759250955000084], [-69.93868826699992, 47.755935236000084], [-69.9521856209999, 47.75482213500004], [-69.95989822899992, 47.75003966200006], [-69.97180292999991, 47.73409977700004], [-69.97866142999993, 47.71755342100005], [-69.98378948999994, 47.709813964000034], [-69.98986747099991, 47.70427327800007], [-70.00000107299991, 47.70366721800008], [-70.0000010199999, 47.750000008000086], [-70.00000098399994, 47.8125], [-70.00000094799992, 47.87499997100008], [-70.0000010789999, 47.9375], [-70.00000121099993, 48.00000003400004], [-69.875, 48.00000840900009], [-69.76451238199991, 48.00001581200007], [-69.7664595679999, 47.99630199600006], [-69.7754595909999, 47.98710361000008], [-69.77811389199991, 47.979313027000046], [-69.77737036399992, 47.975953391000075], [-69.78240607899994, 47.96733213300007], [-69.79434761699991, 47.961811469000054], [-69.80599734099991, 47.96090204300003], [-69.8116981739999, 47.958175063000056]]], [[[-69.4909439839999, 47.987097265000045], [-69.49547647299994, 47.986210551000056], [-69.47787672299995, 48.00002320500005], [-69.46565304099994, 48.00003428500008], [-69.47263483599994, 47.99756668500004], [-69.4909439839999, 47.987097265000045]]], [[[-69.375, 48.000042886000074], [-69.25000125899993, 47.99999931700006], [-69.125, 47.99999947200007], [-69.0000003639999, 47.99999962800007], [-68.875, 47.99999964600005], [-68.7500008749999, 47.999999664000086], [-68.625, 47.999999563000074], [-68.50000117499991, 47.99999946200006], [-68.375, 48.00000000600005], [-68.24999717999992, 48.00000055000004], [-68.125, 48.00001732800007], [-68.1228929209999, 48.00001761100003], [-68.12289376399991, 47.9375], [-68.12289394999993, 47.91644817800005], [-68.125, 47.91644856400006], [-68.24999408999992, 47.91656020400006], [-68.375, 47.91653285600006], [-68.38307031399995, 47.91653291300008], [-68.38307455299991, 47.875073755000074], [-68.38304523799991, 47.8125], [-68.38305139599993, 47.75007186600004], [-68.38307717999993, 47.6875], [-68.38304949699994, 47.62507210900009], [-68.3829663809999, 47.5625], [-68.38296645699995, 47.55332950700006], [-68.4616159709999, 47.50003808400004], [-68.49999729699994, 47.474028452000084], [-68.55385548799995, 47.4375], [-68.56936462899995, 47.426996434000046], [-68.625, 47.408177110000054], [-68.72253821399994, 47.37502845500006], [-68.74999837099995, 47.36566873600009], [-68.79884831499993, 47.34899556100004], [-68.875, 47.334315496000045], [-68.98786900899995, 47.3125], [-69.00000025299994, 47.31014390300004], [-69.05105607199994, 47.30025331400009], [-69.04922222199991, 47.305833333000066], [-69.05317933799995, 47.3125], [-69.05486111199991, 47.31533333300007], [-69.05352777799993, 47.34063888900005], [-69.05433355899993, 47.37505098500009], [-69.05486111099992, 47.37769444400004], [-69.0500277779999, 47.378527778000034], [-69.0508888889999, 47.38097222200008], [-69.04747222199995, 47.38341666700006], [-69.04463888899994, 47.38391666700005], [-69.04213888899994, 47.38263888900008], [-69.0396388879999, 47.38419444400006], [-69.04013888899993, 47.386], [-69.04488888899994, 47.38863888900005], [-69.04538888899992, 47.39297222200008], [-69.0435, 47.39547222200008], [-69.04375, 47.39741666700007], [-69.03919444399992, 47.39538888900006], [-69.03755555599992, 47.396833333000075], [-69.04183333299994, 47.39822222200007], [-69.04272222199995, 47.40197222200004], [-69.0400277789999, 47.40025], [-69.03522222099991, 47.401805556000056], [-69.03986111099994, 47.402222222000034], [-69.04227777699992, 47.405194444000074], [-69.04077777899994, 47.40577777800007], [-69.03944444399991, 47.403722222000056], [-69.03141666699992, 47.402694444000076], [-69.03338888899992, 47.404444444000035], [-69.03058333299992, 47.407416667000064], [-69.03086111199991, 47.40902777800005], [-69.0357222209999, 47.40725], [-69.03705555599993, 47.408527778000064], [-69.0345, 47.41455555600004], [-69.04225, 47.41569444400005], [-69.03919444399992, 47.419638889000055], [-69.03944444399991, 47.42227777800008], [-69.04225, 47.42358333300007], [-69.04319444399994, 47.42677777800009], [-69.04741666599995, 47.42772222200006], [-69.04652777799993, 47.42425], [-69.05213888899993, 47.42213888900005], [-69.05230555599991, 47.423277778000056], [-69.04852777699995, 47.42419444400008], [-69.05322222199993, 47.428527778000046], [-69.05211111099993, 47.43], [-69.05380555599993, 47.430388889000085], [-69.0544722219999, 47.42908333300005], [-69.05683333299993, 47.42997222200006], [-69.05563888899991, 47.43216666700005], [-69.06213888899993, 47.43263888900009], [-69.06352777799992, 47.43405555600003], [-69.0637222229999, 47.43188888900005], [-69.06188888999992, 47.43058333300007], [-69.06733333199992, 47.43005555600007], [-69.06838888899995, 47.42738888900004], [-69.0748333329999, 47.427277778000075], [-69.08136111099992, 47.42372222200004], [-69.08813888799995, 47.42552777800006], [-69.0901388879999, 47.42413888900006], [-69.0912499989999, 47.42683333300005], [-69.09783333199994, 47.426888889000054], [-69.09713888899995, 47.429722222000066], [-69.0988611109999, 47.43144444400008], [-69.10055555499991, 47.43019444400005], [-69.10419444399992, 47.43086111100007], [-69.10505555599991, 47.42788888900009], [-69.1077222209999, 47.42766666700004], [-69.10655555599993, 47.43066666700008], [-69.10797222299993, 47.432972222000046], [-69.10733333199994, 47.434361111000044], [-69.10905555599993, 47.43625], [-69.11258333299992, 47.43580555600005], [-69.11208333399992, 47.4375], [-69.118, 47.439194444000066], [-69.122, 47.44269444400004], [-69.12336111099995, 47.442611111000076], [-69.12361111099995, 47.44066666700007], [-69.125, 47.442344233000085], [-69.13927777799995, 47.44663888900004], [-69.13952777799994, 47.44463888900003], [-69.14105555599991, 47.444], [-69.14561111099994, 47.448583333000045], [-69.15036111099994, 47.44872222200007], [-69.15650000099993, 47.45163888900004], [-69.15900000099992, 47.44841666700006], [-69.16225, 47.447416667000084], [-69.16505555599991, 47.44922222200006], [-69.16311111099992, 47.45027777800004], [-69.16491666699994, 47.4515], [-69.1725, 47.45352777800008], [-69.17272222199995, 47.455638889000056], [-69.17888888899995, 47.45736111100007], [-69.18069444399993, 47.45608333300004], [-69.1845277779999, 47.45638888900004], [-69.1898888899999, 47.45355555600008], [-69.19577777799992, 47.45547222200008], [-69.20519444399991, 47.45194444400005], [-69.20475000099992, 47.453416667000056], [-69.20611110999994, 47.454083333000085], [-69.21788888899994, 47.456611111000086], [-69.22444444399991, 47.45983333300006], [-69.2474278919999, 47.4375], [-69.2499983809999, 47.43500008800004], [-69.3115352879999, 47.37505624700009], [-69.375, 47.31304437700004], [-69.3755556719999, 47.3125], [-69.43928871499992, 47.25005559200008], [-69.50000111399993, 47.19039043400005], [-69.50293861699993, 47.1875], [-69.56628164499995, 47.12505850900004], [-69.625, 47.067028030000074], [-69.62956957099993, 47.0625], [-69.69256730399991, 47.00005308900006], [-69.7500034439999, 47.000000217000036], [-69.875, 47.00000027300007], [-70.00000345299992, 47.000000330000034], [-70.0000032129999, 47.0625], [-70.00000297399993, 47.12500013600004], [-70.00000281699994, 47.1875], [-70.00000266099994, 47.25000003900004], [-70.00000258699993, 47.3125], [-70.0000025139999, 47.375000071000045], [-70.00000224999991, 47.4375], [-70.000002, 47.49675941500004], [-69.99757268099995, 47.49839040100005], [-69.98934457999991, 47.49822812200006], [-69.98402935099995, 47.494759129000045], [-69.97900896499993, 47.49376491600009], [-69.97420744999994, 47.494786403000035], [-69.9670875299999, 47.50003381800008], [-69.95102069199993, 47.51510611400005], [-69.94589053999994, 47.51684454000008], [-69.94234041299995, 47.51980477800004], [-69.93869992999993, 47.52747793000009], [-69.93181790299991, 47.52893726500008], [-69.92412761499992, 47.52290803600005], [-69.91917895799992, 47.52248731000009], [-69.90933860899992, 47.523687445000064], [-69.90373104999992, 47.52633000800006], [-69.89420252999992, 47.53380002100005], [-69.88716625099994, 47.541489625000054], [-69.875, 47.561511204000055], [-69.87398750199992, 47.5625], [-69.86125470499991, 47.57595287000004], [-69.85020930599995, 47.58338385900004], [-69.83144788099992, 47.586685189000036], [-69.8228283389999, 47.590079839000055], [-69.8104684459999, 47.60075543900007], [-69.80850649299992, 47.60430571000006], [-69.79769385299994, 47.60724438200003], [-69.78017888499994, 47.61966609600006], [-69.77513570399992, 47.62502673100005], [-69.76983065999991, 47.630952569000044], [-69.76569903799992, 47.63900378400007], [-69.75000160899992, 47.650649575000045], [-69.74091217999995, 47.66325518100007], [-69.74112322399992, 47.666153044000055], [-69.73886771199994, 47.670167838000054], [-69.73085669199992, 47.675205677000065], [-69.7169004939999, 47.6875], [-69.71037018499993, 47.69657373700005], [-69.7022713419999, 47.70256236700004], [-69.69913765199993, 47.70705598600006], [-69.6767417769999, 47.724446836000084], [-69.64663702299993, 47.73282608200009], [-69.62657409999991, 47.75007346700005], [-69.625, 47.751937431000044], [-69.61392152999991, 47.76559877600005], [-69.59143918099994, 47.78792832700009], [-69.58980836399991, 47.79189114800005], [-69.59380702099992, 47.79453132900005], [-69.59204334499992, 47.79844821200004], [-69.58697732099995, 47.80262660800008], [-69.58771355899995, 47.80632932900005], [-69.58505617499992, 47.810913611000046], [-69.58114369899994, 47.8125], [-69.56156763899992, 47.829469363000044], [-69.55205381399992, 47.84063474900006], [-69.55127060399991, 47.84621409500005], [-69.5524814119999, 47.85017283500008], [-69.55600966299994, 47.852360702000055], [-69.55738289699991, 47.85695928600006], [-69.54559204999993, 47.86804246400004], [-69.5426283729999, 47.87218236400008], [-69.54351099799993, 47.87504197100009], [-69.54294040499991, 47.88282585700006], [-69.50839450799992, 47.91191858900004], [-69.50811539599994, 47.91812261000007], [-69.50519609299994, 47.92173120400008], [-69.50485603699991, 47.927601879000065], [-69.51200259699993, 47.929714345000036], [-69.51356769299991, 47.9375], [-69.5138956159999, 47.939957621000076], [-69.50000155499993, 47.94819621800008], [-69.49241071299991, 47.950285981000036], [-69.48525702599994, 47.947065869000085], [-69.47774573899994, 47.95048919300007], [-69.47449409399991, 47.95919397100005], [-69.44153108799992, 47.991653573000065], [-69.43054447199995, 47.99872953300007], [-69.42590210999992, 48.000060629000075], [-69.375, 48.000042886000074]]]]}}, {"type": "Feature", "properties": {"Feuillet250K": "21O", "Nom_Feuillet250K": "CAMPBELLTON", "Lien_GPKG": "https://diffusion.mffp.gouv.qc.ca/Diffusion/DonneeGratuite/Foret/DONNEES_FOR_ECO_SUD/Cartes_ecoforestieres_perturbations/02-Donnees/Decoupage250K/21O/CARTE_ECO_MAJ_21O_GPKG.zip"}, "geometry": {"type": "MultiPolygon", "coordinates": [[[[-66.74999836699993, 47.99999962800007], [-66.74999836399991, 47.99697427500007], [-66.75504357499995, 48.000005429000055], [-66.74999836699993, 47.99999962800007]]], [[[-66.76627165299993, 48.00001748200003], [-66.77759593299993, 47.995776825000064], [-66.78334619799995, 47.99608241200008], [-66.78017945099992, 47.993415689000074], [-66.78134613499992, 47.992637949000084], [-66.79826323299994, 47.991137912000056], [-66.80065226499994, 47.992026844000065], [-66.80204123299995, 47.99524905100009], [-66.81037477799993, 47.99494346900008], [-66.83351042599992, 48.00006491900007], [-66.76627165299993, 48.00001748200003]]], [[[-66.85860165399993, 48.00007175800005], [-66.875, 47.99426378600003], [-66.90001658699993, 47.99072128700004], [-66.92248964099991, 47.983499162000044], [-66.92957321699993, 47.97561025600004], [-66.93457331499991, 47.974971449000066], [-66.94149031499995, 47.971221453000055], [-66.94315700599992, 47.96294373500007], [-66.94718496799993, 47.95444369200004], [-66.96246337899993, 47.94544371500007], [-66.96482463699994, 47.94119372200004], [-66.96477944499992, 47.9375], [-66.96554695999993, 47.928388193000046], [-66.97024155499992, 47.91527703700007], [-66.96535222999995, 47.91180474400005], [-66.95196293299995, 47.90961033900004], [-66.94776821199991, 47.90716590900007], [-66.9444069029999, 47.90269364000005], [-66.9488788889999, 47.896221386000036], [-66.95568431999993, 47.89241581200008], [-66.97415642399994, 47.89249919100007], [-66.99618528999991, 47.90133251600008], [-66.99999792199992, 47.90472721700007], [-67.00768662799993, 47.91011037900006], [-67.03296608699992, 47.920610552000085], [-67.03693834299992, 47.92352722900006], [-67.04074412099993, 47.923999439000056], [-67.04554982999991, 47.92777732400003], [-67.04827211899993, 47.932888466000065], [-67.05685569099995, 47.935416296000085], [-67.06257806199994, 47.93388855000006], [-67.0681617379999, 47.92452738900005], [-67.07105067799995, 47.92208295100005], [-67.09132920199994, 47.92211085200006], [-67.09360704699992, 47.91916644600008], [-67.10646824999992, 47.913305447000084], [-67.125, 47.91513609500004], [-67.13133038299992, 47.91516673600006], [-67.13494154699993, 47.913305678000086], [-67.13574697599995, 47.91136125400004], [-67.13294112799991, 47.904861150000045], [-67.13294093199994, 47.90097230900005], [-67.13769105299991, 47.89477783600006], [-67.15121958599991, 47.890416832000085], [-67.16133139699991, 47.89608361100005], [-67.16627610099994, 47.89655591600007], [-67.17177641099994, 47.891750357000035], [-67.17327639799993, 47.88413920100004], [-67.1773471219999, 47.88220579100005], [-67.19230499499992, 47.881028067000045], [-67.2023887169999, 47.87702808200004], [-67.2118335319999, 47.87566699200005], [-67.21730603399993, 47.877667073000055], [-67.2286119339999, 47.88733377300008], [-67.23325097299994, 47.88700041800007], [-67.24180690199995, 47.88205599100007], [-67.24999706699992, 47.883803803000035], [-67.2589738289999, 47.890917175000084], [-67.26347386399993, 47.89194499800004], [-67.27261275899991, 47.89094499200007], [-67.2783906969999, 47.892778338000085], [-67.28700213499991, 47.89872283400007], [-67.29819667699991, 47.89866731800004], [-67.29855765399992, 47.89563954100004], [-67.29458527699995, 47.89272282100006], [-67.2941128999999, 47.890195014000085], [-67.29552941499992, 47.88808388800004], [-67.30333485099993, 47.885528374000046], [-67.33341861899993, 47.88983403300006], [-67.3430576319999, 47.89522300100003], [-67.34875197299993, 47.89563963000006], [-67.34805731999995, 47.89275070700006], [-67.33825153099991, 47.88777846600004], [-67.33698731999993, 47.875066476000086], [-67.33663910999991, 47.872195058000045], [-67.34219413999995, 47.86758387100008], [-67.34583312199993, 47.869083913000054], [-67.3471113679999, 47.873806218000084], [-67.35275006299992, 47.872945059000074], [-67.35119406099994, 47.86738945900004], [-67.3620269189999, 47.85961168400007], [-67.3642766939999, 47.85644498800008], [-67.35741517799994, 47.85069498200005], [-67.35699828799994, 47.84844488200008], [-67.35844268199992, 47.84641710100004], [-67.36347047699991, 47.84486161400008], [-67.375, 47.845725936000065], [-67.38344829899995, 47.847150215000056], [-67.38976228999991, 47.85013514600007], [-67.38884692499994, 47.85169934600003], [-67.38071988699994, 47.85431171200008], [-67.37967557499991, 47.856815650000044], [-67.38141863899995, 47.858086349000075], [-67.39306368199993, 47.85952425600004], [-67.39415059499993, 47.86068558100004], [-67.39181572799993, 47.86615551300008], [-67.39281282299993, 47.86775417600006], [-67.39805824699994, 47.866924605000065], [-67.40943279099992, 47.87302588700004], [-67.41870948699994, 47.87506423000008], [-67.42198775399993, 47.87818069200006], [-67.42863767799992, 47.87749629500007], [-67.43836086099992, 47.88043419200005], [-67.44153562299994, 47.88505911400006], [-67.44802599799993, 47.88635719700005], [-67.45278222799993, 47.88917260300008], [-67.45897828199992, 47.889244692000034], [-67.4652812999999, 47.89277267700004], [-67.47288353999994, 47.89437127600007], [-67.47528304299993, 47.896872331000054], [-67.48091988199991, 47.898811752000086], [-67.48249026899992, 47.902463829000055], [-67.49999713599993, 47.90546871000004], [-67.50721070999992, 47.90837441300005], [-67.508832, 47.91162432900006], [-67.51277217199993, 47.913750468000046], [-67.51833625299992, 47.913428157000055], [-67.52108618799991, 47.914659948000065], [-67.52820360099992, 47.91371623400005], [-67.54080899399992, 47.91686704000006], [-67.54814641099995, 47.92193743100006], [-67.55888642699995, 47.919291068000064], [-67.57121838199993, 47.92249551900005], [-67.58225886399993, 47.928155823000054], [-67.59014136699994, 47.92424175100007], [-67.5931393489999, 47.92446872100004], [-67.59639977699993, 47.93268709600005], [-67.6056796929999, 47.93497255300008], [-67.60761744199993, 47.9375], [-67.60486852899993, 47.94256247900006], [-67.60847371499995, 47.94934328800008], [-67.60183273599995, 47.95260989900004], [-67.60248323099995, 47.95459388000006], [-67.60698320599994, 47.956430873000045], [-67.60760023099994, 47.961395381000045], [-67.59870819499992, 47.96413914800007], [-67.59648262599995, 47.97001897200005], [-67.59709621699994, 47.972244602000046], [-67.60112383599994, 47.97357231800004], [-67.60220402599992, 47.97793370800008], [-67.61246113699991, 47.97910690300006], [-67.61322557599993, 47.980539339000075], [-67.61014496899992, 47.98504409000009], [-67.61141219399991, 47.986568876000035], [-67.60938691799993, 47.98871826200008], [-67.6108348329999, 47.99099545200005], [-67.59712156299992, 47.99647130300008], [-67.59780777199995, 48.00007032900004], [-67.49999683599992, 47.99999956100004], [-67.375, 47.999999751000075], [-67.24999652999992, 47.999999941000056], [-67.125, 47.999999922000086], [-66.99999760799994, 47.99999990200007], [-66.875, 48.000063425000064], [-66.85860165399993, 48.00007175800005]]]]}}, {"type": "Feature", "properties": {"Feuillet250K": "11M", "Nom_Feuillet250K": "N/A", "Lien_GPKG": "https://diffusion.mffp.gouv.qc.ca/Diffusion/DonneeGratuite/Foret/DONNEES_FOR_ECO_SUD/Cartes_ecoforestieres_perturbations/02-Donnees/Decoupage250K/11M/CARTE_ECO_MAJ_11M_GPKG.zip"}, "geometry": {"type": "MultiPolygon", "coordinates": [[[[-61.99999862099992, 47.21802619400006], [-62.00542862099991, 47.215746644000035], [-62.007715118999954, 47.21876809200006], [-62.01668432699995, 47.224611233000076], [-62.01725959999993, 47.22808998700003], [-62.01869035499993, 47.22856026000005], [-62.01839514999995, 47.23349130100007], [-62.020551121999915, 47.23517275100005], [-62.020507471999906, 47.237457852000034], [-62.01817666099993, 47.239537417000065], [-62.01324183299994, 47.250011215000086], [-61.99999876399994, 47.261538973000086], [-61.999998614999924, 47.249996294000084], [-61.99999862099992, 47.21802619400006]]]]}}, {"type": "Feature", "properties": {"Feuillet250K": "11N", "Nom_Feuillet250K": "\u00ceLES DE LA MADELEINE", "Lien_GPKG": "https://diffusion.mffp.gouv.qc.ca/Diffusion/DonneeGratuite/Foret/DONNEES_FOR_ECO_SUD/Cartes_ecoforestieres_perturbations/02-Donnees/Decoupage250K/11N/CARTE_ECO_MAJ_11N_GPKG.zip"}, "geometry": {"type": "MultiPolygon", "coordinates": [[[[-61.687044089999915, 47.28718984600005], [-61.68475669599991, 47.27955625800007], [-61.682371221999915, 47.27772501700008], [-61.692488081999954, 47.268191072000036], [-61.70027621299994, 47.26924814500006], [-61.70551460099995, 47.267088958000045], [-61.714255719999926, 47.26847623100008], [-61.713793324999926, 47.27181451700005], [-61.71494092599994, 47.27451101300005], [-61.717710817999944, 47.27631398500006], [-61.71742996699993, 47.27873426100007], [-61.70662758399993, 47.28480833000003], [-61.70009161699994, 47.283380624000074], [-61.696978206999916, 47.28512216300004], [-61.68912478899995, 47.288616716000035], [-61.687044089999915, 47.28718984600005]]], [[[-61.75120649699994, 47.4375], [-61.75540651099993, 47.42140582600007], [-61.75480501599992, 47.41214189900006], [-61.759132036999915, 47.40543958900008], [-61.77060723299991, 47.39780297000004], [-61.77328195699994, 47.392408286000034], [-61.77178910899994, 47.39061278600008], [-61.78199277999994, 47.391352710000035], [-61.78787925499995, 47.389826947000074], [-61.79606088299994, 47.39139824000006], [-61.79959220399991, 47.39043552700008], [-61.8042220829999, 47.39161975900004], [-61.805522166999936, 47.39424300400009], [-61.83290957899993, 47.40139006900006], [-61.83822866299994, 47.40443292300006], [-61.83780228099994, 47.406125391000046], [-61.83538806699994, 47.40570063000007], [-61.82953386799994, 47.40184057500005], [-61.82453635699994, 47.40143206800008], [-61.82433337799995, 47.402889876000074], [-61.820496592999916, 47.40380027000003], [-61.8203180079999, 47.40493421100007], [-61.82771932299994, 47.40619958800005], [-61.82878564099991, 47.40722199700008], [-61.826354056999946, 47.410431334000066], [-61.81749913699991, 47.41212939300004], [-61.80326390099992, 47.41856365500007], [-61.79595293299991, 47.41707152200007], [-61.79130135399993, 47.41949419700006], [-61.79438596299991, 47.42125838900006], [-61.78976047899994, 47.42853850200004], [-61.78654458199992, 47.42951802400006], [-61.78526110699994, 47.427488320000066], [-61.78365843599994, 47.42774420900008], [-61.7770252549999, 47.43178134000004], [-61.775874279999925, 47.43477058000008], [-61.76874785399991, 47.43336623300007], [-61.76392824599992, 47.4375], [-61.763342027999954, 47.44991227400004], [-61.76469768599992, 47.45313844600008], [-61.76850669799995, 47.456313987000044], [-61.76980203699992, 47.463219321000054], [-61.757864499999926, 47.47419413500006], [-61.750001013999906, 47.47703091500006], [-61.7386578199999, 47.48106316500008], [-61.71240461499991, 47.48590929300008], [-61.707196092999936, 47.490983189000076], [-61.701597309999954, 47.50004416100006], [-61.70152457499995, 47.50020445600006], [-61.70112885099991, 47.50004450200004], [-61.700456586999906, 47.49861422200007], [-61.711431355999935, 47.484786633000056], [-61.72557983699994, 47.47608821700004], [-61.73929651599991, 47.46096631100005], [-61.75000061299994, 47.44080420200004], [-61.75120649699994, 47.4375]]], [[[-61.654580893999935, 47.53847124400005], [-61.67538055199992, 47.52578493900006], [-61.67963286299994, 47.52656095400005], [-61.66373054299993, 47.53762192000005], [-61.65833097899991, 47.54426801800008], [-61.64925154799994, 47.546924716000035], [-61.63531657899995, 47.547607704000086], [-61.63671003299993, 47.547003362000055], [-61.654580893999935, 47.53847124400005]]], [[[-61.416016345999935, 47.632939649000036], [-61.39595469799991, 47.62507081600006], [-61.390178878999905, 47.61755423000005], [-61.39051937799991, 47.61378557900008], [-61.39533692899994, 47.61275563700008], [-61.40218504099994, 47.61415589900008], [-61.41415848999992, 47.613517828000056], [-61.44980742699994, 47.60166545300007], [-61.45600778499994, 47.598429716000055], [-61.469501747999914, 47.58295349900004], [-61.47144254999995, 47.58319684300005], [-61.46076980099991, 47.59705523900004], [-61.45040505199995, 47.602529264000054], [-61.45132113299991, 47.60431961900008], [-61.447994743999914, 47.605730435000055], [-61.45234466699992, 47.604976746000034], [-61.45898450499993, 47.60128227300004], [-61.46746213199992, 47.591849134000086], [-61.470600504999936, 47.59138223500008], [-61.476827743999934, 47.58149802400004], [-61.4776002559999, 47.57812501900008], [-61.47441041399992, 47.577071911000075], [-61.47665847099995, 47.57370823000008], [-61.47328206499992, 47.573932297000056], [-61.47094393099991, 47.571440126000084], [-61.46775431599991, 47.570602661000066], [-61.46823355399994, 47.56954136000007], [-61.47378963999995, 47.56884121100006], [-61.48782465799991, 47.57103835600009], [-61.49354080299992, 47.565641704000086], [-61.4961058749999, 47.565821688000085], [-61.497404367999934, 47.5625], [-61.500001865999934, 47.56175396300006], [-61.50458429899993, 47.55588203500008], [-61.506152389999954, 47.55608880500006], [-61.50506300799992, 47.55868849600006], [-61.50786699799994, 47.55935401700003], [-61.5132744469999, 47.55513473700006], [-61.515533743999924, 47.55606094500007], [-61.522814067999946, 47.552623605000065], [-61.52822187999993, 47.55260436400005], [-61.52812702299991, 47.549033326000085], [-61.53606879999995, 47.544119746000035], [-61.543705591999924, 47.54174232000008], [-61.54724254699994, 47.54532997900009], [-61.558442759999934, 47.54604452800004], [-61.560016152999935, 47.54994028100003], [-61.559014274999925, 47.55265430800006], [-61.56246737799995, 47.55647681000005], [-61.55736297899995, 47.555713894000064], [-61.55621901399991, 47.55362852500008], [-61.552776886999936, 47.55291962200005], [-61.54349284999995, 47.55750197900005], [-61.53627759699992, 47.55805327000007], [-61.524078783999926, 47.5625], [-61.52030720199991, 47.564021], [-61.517969114999914, 47.56702572800003], [-61.51131084699995, 47.568951559000084], [-61.50699189799991, 47.57428602400006], [-61.50000199899995, 47.57589608400008], [-61.495253772999945, 47.582309835000046], [-61.4949872119999, 47.58993770200004], [-61.491476674999944, 47.590908970000044], [-61.490280577999954, 47.58779656400009], [-61.49532063599992, 47.578325], [-61.48935177299995, 47.57848644100005], [-61.486932536999916, 47.57777563900004], [-61.485962627999925, 47.57540077200008], [-61.481642466999915, 47.57567002800005], [-61.48372817099994, 47.57955623500004], [-61.48463001399995, 47.58717528200003], [-61.47843924599994, 47.607080497000084], [-61.483451389999914, 47.614196459000084], [-61.475082856999904, 47.61653366100006], [-61.47228736699992, 47.61998706400004], [-61.46979901499992, 47.62076008900004], [-61.466992132999906, 47.62018360800005], [-61.46711424699993, 47.616540669000074], [-61.464772817999915, 47.61652196400007], [-61.458317404999946, 47.620702495000046], [-61.447308360999955, 47.625048261000074], [-61.444566624999936, 47.62769482600004], [-61.44560041199992, 47.63152722800004], [-61.469932986999936, 47.62503041800005], [-61.4757053159999, 47.622443529000066], [-61.47579775199995, 47.62411663200004], [-61.47775334599993, 47.62458482100004], [-61.48885049699993, 47.62275143700003], [-61.48938313299993, 47.620817540000075], [-61.486695900999905, 47.61958489300008], [-61.47565219699993, 47.622200692000035], [-61.475825820999944, 47.620941422000044], [-61.48193306299993, 47.61949430100009], [-61.49917518299992, 47.61824537800004], [-61.49835041299991, 47.61584368700005], [-61.500002355999925, 47.61405565500007], [-61.50311275599995, 47.613190158000066], [-61.51270418099995, 47.614466778000065], [-61.538559739999926, 47.607570776000045], [-61.54115522299992, 47.60986358100007], [-61.5401902669999, 47.61768969700006], [-61.524919705999935, 47.62184075000005], [-61.518227089999925, 47.62109542500008], [-61.51796209699995, 47.624315703000036], [-61.53685555699991, 47.62409533200008], [-61.54063142599995, 47.620397076000074], [-61.552657463999935, 47.61935770800005], [-61.56348805499994, 47.60930469300007], [-61.577435813999955, 47.605581148000056], [-61.59340934799991, 47.59790538800007], [-61.59441523699991, 47.59520606600006], [-61.59281543499992, 47.59291359600007], [-61.60759195399993, 47.581449854000084], [-61.61727156099994, 47.57610625500007], [-61.619113, 47.573306899000045], [-61.625, 47.571074955000086], [-61.6456543459999, 47.5625], [-61.66482137199995, 47.550807284000086], [-61.67299690999994, 47.54805176000008], [-61.680657691999954, 47.542687830000034], [-61.69608402699993, 47.53630287200008], [-61.70091241999995, 47.53110428500008], [-61.69895308899993, 47.525764517000084], [-61.705564573999936, 47.525222118000045], [-61.712594417999924, 47.519767191000085], [-61.72027280099991, 47.51736896300008], [-61.7279780799999, 47.51213666000007], [-61.73163413299994, 47.50723590600006], [-61.742519682999955, 47.50000632200005], [-61.745486531999916, 47.49706942900008], [-61.746205861999954, 47.489124986000036], [-61.74836833199993, 47.48894943300007], [-61.74732035099993, 47.49472669700003], [-61.75000118999992, 47.49287105600007], [-61.76105640199995, 47.48645655800004], [-61.78014817299993, 47.47065171300005], [-61.79164757299992, 47.465387761000045], [-61.80200458699994, 47.455582967000055], [-61.807673062999925, 47.454227572000036], [-61.810703831999945, 47.45089109400004], [-61.8155480719999, 47.44931272100007], [-61.82543784299992, 47.442376608000075], [-61.8344930209999, 47.440119733000074], [-61.835561251999934, 47.4375], [-61.84590151499992, 47.434958504000065], [-61.84292279199991, 47.43358217800005], [-61.848822982999934, 47.42967838100009], [-61.85276055199995, 47.42975626100008], [-61.85578951899993, 47.42678735000004], [-61.85940300099992, 47.426011531000086], [-61.86766924199992, 47.41767354000007], [-61.86976564699995, 47.410443419000046], [-61.86553196099993, 47.405671528000084], [-61.87108465999995, 47.400130485000034], [-61.8687477819999, 47.39751128700004], [-61.85600264199991, 47.39939569200004], [-61.854794900999934, 47.39711454800005], [-61.84678700199993, 47.39619457300006], [-61.845830184999954, 47.399777604000064], [-61.84355203899992, 47.40192540900006], [-61.84536880499991, 47.40420479100004], [-61.84327887599994, 47.40474177900006], [-61.84127601499995, 47.40236393200007], [-61.84311587299993, 47.39799564900005], [-61.8500522409999, 47.393135156000085], [-61.85679529099991, 47.383381246000056], [-61.85439971199992, 47.38164358200004], [-61.857248599999934, 47.37988960600006], [-61.854704875999914, 47.37777462400004], [-61.86242812099994, 47.37813729000004], [-61.8661820019999, 47.37507074900009], [-61.87175563699992, 47.365558616000044], [-61.872877039999935, 47.35559692000004], [-61.875, 47.35490885400009], [-61.879884656999934, 47.35258746000005], [-61.881694215999914, 47.348380519000045], [-61.879757113999915, 47.34586820100009], [-61.88103201399991, 47.34463158500006], [-61.88660350999993, 47.35001925800009], [-61.897023532999924, 47.35220551300006], [-61.91106710199995, 47.350419903000045], [-61.91986124199991, 47.344397006000065], [-61.927937296999914, 47.341461597000034], [-61.9310520329999, 47.338796166000066], [-61.93481046499994, 47.33074899500008], [-61.93671344199993, 47.319236354000054], [-61.93639, 47.3125], [-61.93019076899992, 47.28813630600007], [-61.925737933999926, 47.28351113400004], [-61.92433090199995, 47.28113254900006], [-61.9250877959999, 47.27991533000005], [-61.90537299099992, 47.256670005000046], [-61.897227338999926, 47.25006864000005], [-61.875, 47.24007093900008], [-61.86942885099995, 47.23886309000005], [-61.8652154749999, 47.240801720000036], [-61.84944755799995, 47.23934854400005], [-61.83936649099991, 47.23682411300007], [-61.83217115499991, 47.23942697000007], [-61.83017042499995, 47.23842526700008], [-61.841302844999916, 47.23396670800008], [-61.8402635889999, 47.23255749500004], [-61.83509510199991, 47.23181705500008], [-61.83822962499994, 47.22838049000006], [-61.836840459999905, 47.22588374900005], [-61.83349001699992, 47.22647835600009], [-61.83187784899991, 47.228417034000074], [-61.82346718699995, 47.228665997000064], [-61.80752337399991, 47.241636749000065], [-61.804810081999904, 47.24069938900004], [-61.81582479299993, 47.229317054000035], [-61.82758759899991, 47.22226735500004], [-61.83618920999993, 47.218958985000086], [-61.852136808999944, 47.216626155000085], [-61.875, 47.21979787500004], [-61.88153524499995, 47.22149770700008], [-61.875, 47.221818549000034], [-61.867570600999954, 47.22036487500009], [-61.862614021999946, 47.22155918400006], [-61.86159641899991, 47.223361483000076], [-61.86355623299994, 47.226098973000035], [-61.875, 47.23070488500008], [-61.88978040699993, 47.234891547000075], [-61.89528644099994, 47.24000928000004], [-61.90211328499993, 47.229244589000075], [-61.90783796199992, 47.23181513800006], [-61.91623440399991, 47.22973392600005], [-61.91482552899993, 47.22857856300004], [-61.90666024299992, 47.22977730200006], [-61.904521675999945, 47.22815665200005], [-61.897491360999936, 47.22751560000006], [-61.89449391799991, 47.22576279800006], [-61.8950418149999, 47.224870313000054], [-61.90337282699994, 47.22643352700004], [-61.918516462999946, 47.224364120000075], [-61.92807927399991, 47.22138725000008], [-61.93026848399995, 47.219417941000074], [-61.946433966999905, 47.21678333400007], [-61.95199749599993, 47.21270440600006], [-61.970513198999924, 47.21194617600008], [-61.9831630459999, 47.21803769400009], [-61.9931723279999, 47.219578279000075], [-61.99999862099992, 47.21802619400006], [-61.999998614999924, 47.249996294000084], [-61.99999876399994, 47.261538973000086], [-61.98753768699993, 47.27608637900005], [-61.9849140259999, 47.273929578000036], [-61.98804572599994, 47.27096568800005], [-61.98758667299995, 47.26991512500007], [-61.98457328599994, 47.26990093300009], [-61.9763709099999, 47.26603121900007], [-61.97320016999993, 47.260206150000045], [-61.96970119899993, 47.25900610700006], [-61.96314928699991, 47.26075096900007], [-61.94648916099993, 47.259512775000076], [-61.94475093199992, 47.257063627000036], [-61.93285772299993, 47.256893355000045], [-61.93002544199993, 47.254682022000054], [-61.919895364999945, 47.251823013000035], [-61.918964167999945, 47.25101676500009], [-61.92003381899991, 47.25006126200009], [-61.92191453399994, 47.24820830900006], [-61.91890778399994, 47.24721179800008], [-61.915915826999935, 47.24808637400008], [-61.91576470299992, 47.25006301900004], [-61.927076696999904, 47.25766164800007], [-61.92623993399991, 47.267002293000075], [-61.927668328999914, 47.27207051400006], [-61.931681788999924, 47.27801952400006], [-61.929883925999945, 47.27963654300004], [-61.930107766999924, 47.28279315900005], [-61.93297991599991, 47.28970898600005], [-61.936410373999934, 47.29205281600008], [-61.936777623999944, 47.29811449400006], [-61.94074232199995, 47.299439677000066], [-61.93836993499991, 47.30359575300008], [-61.93927679399991, 47.307694250000054], [-61.94521604699992, 47.307806268000036], [-61.94268278299995, 47.303786036000076], [-61.94560348199991, 47.30355882400005], [-61.94427227999995, 47.304085744000076], [-61.947180691999904, 47.30866222000009], [-61.945531872999936, 47.3125], [-61.94594464799991, 47.31895790600004], [-61.95420963099991, 47.32017588600007], [-61.95603291999993, 47.32297528400005], [-61.9464340909999, 47.32993968100004], [-61.946775731999935, 47.337503576000074], [-61.949190684999905, 47.338285789000054], [-61.95820601399993, 47.32490964200008], [-61.959619551999936, 47.313992289000055], [-61.961207062999904, 47.3125], [-61.962759573999904, 47.31155995000006], [-61.9632711619999, 47.3125], [-61.95044401799993, 47.34560327300005], [-61.953325553999946, 47.35752892000005], [-61.95942288799995, 47.361489703000075], [-61.95836371599995, 47.36454341700005], [-61.959707514999934, 47.36529365200005], [-61.96478857599993, 47.36342907800008], [-61.962915669999916, 47.36574845100006], [-61.960147665999955, 47.36566968200003], [-61.95655235499993, 47.36789692000008], [-61.95732500699995, 47.37150105400008], [-61.95968381799992, 47.373236757000086], [-61.958509557999946, 47.37503738500004], [-61.95672311599992, 47.380013182000084], [-61.95851615499993, 47.38518745500005], [-61.954075435999926, 47.38629354200003], [-61.94927145699995, 47.39146694700008], [-61.9367588799999, 47.40013294800008], [-61.93510541699993, 47.403674409000075], [-61.93595512899992, 47.40549720100006], [-61.92546336899994, 47.40906293300009], [-61.917780000999926, 47.41438046500008], [-61.91029993299992, 47.41534302600007], [-61.90145138899993, 47.41938627900004], [-61.88695612899994, 47.41995784900007], [-61.875, 47.42378520700004], [-61.85657007299994, 47.43047308300004], [-61.84527750399991, 47.4375], [-61.79217621999993, 47.467428287000075], [-61.750001239999904, 47.49729791500005], [-61.74665171999993, 47.500001619000045], [-61.71863575599991, 47.52282317800007], [-61.71502467699992, 47.52632018300005], [-61.71313211599994, 47.53121708600008], [-61.70349707199995, 47.53316859900008], [-61.687136032999945, 47.54139109100004], [-61.652197945999944, 47.5625], [-61.625, 47.579162335000035], [-61.56242011699993, 47.617239003000066], [-61.542559200999904, 47.625040779000074], [-61.52491092799994, 47.631555399000035], [-61.517791004999935, 47.62984772100003], [-61.514370167999914, 47.62607918700007], [-61.51125179699994, 47.62501186800006], [-61.50000244699993, 47.62385060100007], [-61.4796633709999, 47.62502125800006], [-61.432409194999934, 47.634515589000046], [-61.416016345999935, 47.632939649000036]]], [[[-61.4427527549999, 47.801871910000045], [-61.43512113699995, 47.797910124000055], [-61.42173028299993, 47.79875635900004], [-61.41487553299993, 47.79445195400007], [-61.42101837999991, 47.79283723200007], [-61.422936971999945, 47.795240138000054], [-61.429704442999935, 47.795505322000054], [-61.433292715999926, 47.79757627200007], [-61.43896951599993, 47.79476410600006], [-61.44203774199991, 47.79656461900004], [-61.4494108369999, 47.79208864600008], [-61.4559903949999, 47.79335967500003], [-61.46215853599995, 47.79172486600004], [-61.47079798699991, 47.78580872100008], [-61.47197370299995, 47.78332650700008], [-61.48243811899994, 47.77959570100006], [-61.49423524799994, 47.777168273000086], [-61.500002070999926, 47.77780317200006], [-61.51230424599993, 47.78090960600008], [-61.50832782799995, 47.783806310000045], [-61.50794112299991, 47.785614285000065], [-61.5000020519999, 47.790704178000055], [-61.49500780999995, 47.79152405700006], [-61.48970819099992, 47.79448298300008], [-61.47613385799991, 47.79145871800006], [-61.47271609299992, 47.79291517300004], [-61.468575279999925, 47.79779823000007], [-61.46287505099991, 47.79776055200006], [-61.4577054049999, 47.80193234800004], [-61.45018812199993, 47.80285582700009], [-61.4427527549999, 47.801871910000045]]]]}}, {"type": "Feature", "properties": {"Feuillet250K": "31L", "Nom_Feuillet250K": "NORTH BAY", "Lien_GPKG": "https://diffusion.mffp.gouv.qc.ca/Diffusion/DonneeGratuite/Foret/DONNEES_FOR_ECO_SUD/Cartes_ecoforestieres_perturbations/02-Donnees/Decoupage250K/31L/CARTE_ECO_MAJ_31L_GPKG.zip"}, "geometry": {"type": "MultiPolygon", "coordinates": [[[[-79.125, 47.00000472100004], [-78.99999731899993, 47.00000470900005], [-78.875, 47.00000472000005], [-78.74999710799995, 47.00000473000006], [-78.625, 47.00000479000005], [-78.49999643299992, 47.00000485000004], [-78.375, 47.00000484800006], [-78.24999605599993, 47.00000484700007], [-78.125, 47.00000501100004], [-77.99999521099994, 47.00000517500007], [-77.99999486299993, 46.9375], [-77.99999451499991, 46.87500602800009], [-77.9999943009999, 46.8125], [-77.9999940859999, 46.750006505000044], [-77.99999439699991, 46.6875], [-77.99999470699993, 46.62500651000005], [-77.99999490199991, 46.5625], [-77.9999950969999, 46.50000648300005], [-77.99999538899993, 46.4375], [-77.99999567999993, 46.375006762000055], [-77.9999961179999, 46.3125], [-77.99999655599993, 46.250006592000034], [-77.99999656499995, 46.247195429000044], [-78.0173829119999, 46.24764997600005], [-78.0256611929999, 46.24651109300004], [-78.02849485899992, 46.24501112400009], [-78.03010674899991, 46.239177805000054], [-78.0380520409999, 46.23703899000009], [-78.05777518799994, 46.24056684200008], [-78.0794168939999, 46.25007182100006], [-78.1169225239999, 46.263400802000035], [-78.125, 46.26975198400004], [-78.1307581069999, 46.27356780300005], [-78.14698365899994, 46.27690142200004], [-78.17443156699994, 46.27692950000005], [-78.19520634499992, 46.27431825000008], [-78.21392587699995, 46.269956954000065], [-78.22334058799993, 46.270873590000065], [-78.23664352399993, 46.275262620000035], [-78.24999647899995, 46.27640582600009], [-78.26011376999992, 46.27390132900007], [-78.28661455699995, 46.260873175000086], [-78.30861531799991, 46.25317865800008], [-78.32847718399995, 46.257206530000076], [-78.3367552059999, 46.26048430000009], [-78.36486718499992, 46.27759561400006], [-78.375, 46.285379427000066], [-78.37872861199992, 46.28815124700009], [-78.388229, 46.291234630000076], [-78.4190359939999, 46.29526257200007], [-78.4999958009999, 46.294692670000074], [-78.5121891309999, 46.29659671400009], [-78.54682479199994, 46.30742952500009], [-78.5691135809999, 46.3125], [-78.60015218299992, 46.318984545000035], [-78.625, 46.31992128700006], [-78.63479213199992, 46.32120673800006], [-78.6888496059999, 46.31815134000004], [-78.71126703199991, 46.324984802000074], [-78.71951727099992, 46.331401510000035], [-78.7291285689999, 46.342957150000075], [-78.72235020699992, 46.36829041700008], [-78.72304467899994, 46.37170701600007], [-78.72639257599991, 46.375031774000036], [-78.72596133999991, 46.37698478600004], [-78.72929475199993, 46.384818117000066], [-78.73462816299991, 46.38629032100005], [-78.74160062899995, 46.39059589700008], [-78.74999635599994, 46.39201982800006], [-78.75718436299991, 46.39470700700008], [-78.7778793839999, 46.40817920900008], [-78.7792404949999, 46.41126262200004], [-78.78815744899993, 46.414651512000034], [-78.79510215399995, 46.420040467000035], [-78.83886911999991, 46.4375], [-78.8546599469999, 46.441179608000084], [-78.875, 46.453315656000086], [-78.8916896799999, 46.461429939000084], [-78.90302378299992, 46.47254121900005], [-78.9158579679999, 46.480013658000075], [-78.93440418599994, 46.500063408000074], [-78.94033127699993, 46.50859740400006], [-78.96141518499991, 46.52159749900005], [-78.96616536199991, 46.52590307000008], [-78.9698876139999, 46.53293088800007], [-78.97836003499992, 46.53804206400008], [-78.98786026699992, 46.54701432300004], [-78.99355480499992, 46.558375450000085], [-78.9937654709999, 46.5625], [-78.99797144999991, 46.57448662500008], [-78.99397121999993, 46.592292444000066], [-78.99513795099995, 46.594709171000034], [-78.99999667299994, 46.598114949000035], [-79.00822152899991, 46.60523734600008], [-79.01074937699991, 46.618793158000074], [-79.01375121099994, 46.62502007200004], [-79.01580492399995, 46.63173793700008], [-79.02272154699995, 46.63451583900007], [-79.02788821099995, 46.63982155100007], [-79.04022137499993, 46.643738356000085], [-79.05508234199993, 46.65371077000009], [-79.05786000599994, 46.65773862000009], [-79.07449860199995, 46.664794234000055], [-79.0763319369999, 46.66857205300005], [-79.07352630399993, 46.67357210500006], [-79.07430413199995, 46.67559986500004], [-79.07944291399991, 46.680461010000045], [-79.08497066099994, 46.681766535000065], [-79.09297971899991, 46.6875], [-79.09755431699995, 46.70298894300004], [-79.10022103499995, 46.70562780100005], [-79.10058224499994, 46.71146115800008], [-79.11891601999992, 46.73165572400006], [-79.12205495099994, 46.745378042000084], [-79.1245331849999, 46.750079705000076], [-79.125, 46.75064858800005], [-79.13841692099993, 46.77173942400009], [-79.14172280999992, 46.78371182800004], [-79.15786275099993, 46.805601050000064], [-79.1605992929999, 46.8125], [-79.16897480599994, 46.82349016500007], [-79.17600342399993, 46.82885149700007], [-79.19333901599992, 46.82849064000004], [-79.2135082229999, 46.83276874900008], [-79.21723075999995, 46.837630087000036], [-79.22862048999991, 46.846741690000044], [-79.23112031999995, 46.85640881100005], [-79.24151013399995, 46.861020403000055], [-79.24342666699994, 46.86818737700008], [-79.2493260199999, 46.87500554800005], [-79.24999605399995, 46.875511524000046], [-79.26278769699991, 46.887771892000046], [-79.2796211509999, 46.89727236600004], [-79.2929817619999, 46.91418986100007], [-79.31053773399992, 46.92838458400007], [-79.31743811099994, 46.9375], [-79.32945542099992, 46.960190544000056], [-79.3373452539999, 46.97066289300005], [-79.33662294499993, 46.98188531400007], [-79.34392895799994, 47.00007485400005], [-79.24999600899991, 47.00000473300008], [-79.125, 47.00000472100004]]]]}}, {"type": "Feature", "properties": {"Feuillet250K": "31K", "Nom_Feuillet250K": "DEEP RIVER", "Lien_GPKG": "https://diffusion.mffp.gouv.qc.ca/Diffusion/DonneeGratuite/Foret/DONNEES_FOR_ECO_SUD/Cartes_ecoforestieres_perturbations/02-Donnees/Decoupage250K/31K/CARTE_ECO_MAJ_31K_GPKG.zip"}, "geometry": {"type": "MultiPolygon", "coordinates": [[[[-76.625, 47.00000359100005], [-76.49999515299993, 47.00000318000008], [-76.375, 47.000003475000085], [-76.24999489099991, 47.000003769000045], [-76.125, 47.000003561000085], [-75.99999599499995, 47.00000335300007], [-75.99999571599994, 46.9375], [-75.99999543599995, 46.87500389000007], [-75.99999534599993, 46.8125], [-75.99999525599992, 46.75000413400005], [-75.99999538799995, 46.6875], [-75.9999955209999, 46.62500417200005], [-75.99999599099993, 46.5625], [-75.99999646099991, 46.500004569000055], [-75.9999966929999, 46.4375], [-75.99999692499995, 46.37500481200004], [-75.99999713199992, 46.3125], [-75.9999973379999, 46.25000464200008], [-75.9999979989999, 46.1875], [-75.99999865899991, 46.125003450000065], [-75.99999867399993, 46.0625], [-75.99999868899994, 46.00000326400004], [-76.125, 46.00000330100005], [-76.24999851099994, 46.000003339000045], [-76.375, 46.000003502000084], [-76.49999830599995, 46.000003664000076], [-76.625, 46.00000374600006], [-76.74999766399992, 46.00000382800005], [-76.875, 46.00000395600006], [-76.99999835599994, 46.00000408300008], [-77.125, 46.00000408900007], [-77.24999811599992, 46.000004094000076], [-77.28154767799992, 46.000037778000035], [-77.27750348899991, 46.012368698000046], [-77.28055911699994, 46.01678533000006], [-77.28669808599994, 46.01964650600007], [-77.30167083799995, 46.022674358000074], [-77.31453222099992, 46.02836880600006], [-77.37352321499992, 46.0625], [-77.375, 46.063292184000034], [-77.45873083299995, 46.10364788000004], [-77.49999781499992, 46.12210979200006], [-77.50573741799991, 46.12501150700007], [-77.54073229399995, 46.142203470000084], [-77.56848182999994, 46.15786962300007], [-77.60039876699994, 46.170452598000054], [-77.625, 46.17833963900006], [-77.64953125499994, 46.1875], [-77.6783180139999, 46.19809203700004], [-77.68192917199991, 46.196286583000074], [-77.68671881699993, 46.1875], [-77.68887392699992, 46.18425879000006], [-77.69387409399991, 46.18239783000007], [-77.69820753599993, 46.18303674100008], [-77.70756400099992, 46.1875], [-77.72851376599994, 46.194009504000064], [-77.7499978749999, 46.193094587000076], [-77.77734859499992, 46.193176658000084], [-77.80115496099995, 46.20267682400004], [-77.82265569399993, 46.20367700400004], [-77.8481008519999, 46.20723269900009], [-77.875, 46.21580973400006], [-77.88032352699992, 46.21887172300006], [-77.89149031199992, 46.22123283900004], [-77.90871281599993, 46.22420516300008], [-77.91912985099992, 46.22320517800006], [-77.93699146499995, 46.22756638000004], [-77.94407495799993, 46.231844177000085], [-77.96004753499994, 46.23603865700005], [-77.98638167199994, 46.24673319800007], [-77.99302077999994, 46.24809426200005], [-77.99999656499995, 46.247195429000044], [-77.99999655599993, 46.250006592000034], [-77.9999961179999, 46.3125], [-77.99999567999993, 46.375006762000055], [-77.99999538899993, 46.4375], [-77.9999950969999, 46.50000648300005], [-77.99999490199991, 46.5625], [-77.99999470699993, 46.62500651000005], [-77.99999439699991, 46.6875], [-77.9999940859999, 46.750006505000044], [-77.9999943009999, 46.8125], [-77.99999451499991, 46.87500602800009], [-77.99999486299993, 46.9375], [-77.99999521099994, 47.00000517500007], [-77.875, 47.00000549400005], [-77.74999501099995, 47.00000581300009], [-77.625, 47.000006211000084], [-77.49999483099992, 47.000006608000035], [-77.375, 47.00000638100005], [-77.24999427299991, 47.00000615300007], [-77.125, 47.00000560400008], [-76.9999938279999, 47.00000505500009], [-76.875, 47.00000452900008], [-76.74999367299995, 47.00000400300007], [-76.625, 47.00000359100005]]]]}}, {"type": "Feature", "properties": {"Feuillet250K": "31J", "Nom_Feuillet250K": "MONT-LAURIER", "Lien_GPKG": "https://diffusion.mffp.gouv.qc.ca/Diffusion/DonneeGratuite/Foret/DONNEES_FOR_ECO_SUD/Cartes_ecoforestieres_perturbations/02-Donnees/Decoupage250K/31J/CARTE_ECO_MAJ_31J_GPKG.zip"}, "geometry": {"type": "MultiPolygon", "coordinates": [[[[-75.24999434699993, 47.00000334200007], [-75.125, 47.00000264000005], [-74.9999973159999, 47.00000193900007], [-74.875, 47.000002393000045], [-74.74999867799994, 47.000002847000076], [-74.625, 47.00000197500009], [-74.49999899699992, 47.000001103000045], [-74.375, 47.00000079500006], [-74.24999964999995, 47.00000048600003], [-74.125, 47.00000047900005], [-73.99999982499992, 47.00000047200007], [-73.9999995039999, 46.9375], [-73.99999918299994, 46.87499995300004], [-73.99999902899992, 46.8125], [-73.9999988749999, 46.749999347000085], [-73.9999986869999, 46.6875], [-73.9999984989999, 46.62499946100007], [-73.99999826599992, 46.5625], [-73.99999803299994, 46.49999983400005], [-73.99999784799991, 46.4375], [-73.99999766299993, 46.37500106500005], [-73.99999771699993, 46.3125], [-73.99999777199992, 46.25000135000005], [-73.99999781499992, 46.1875], [-73.99999785699993, 46.12500163200008], [-73.99999791899995, 46.0625], [-73.99999798099992, 46.00000170900006], [-74.125, 46.000001921000035], [-74.24999708099995, 46.000002133000066], [-74.375, 46.000002349000056], [-74.49999609699995, 46.000002564000056], [-74.625, 46.00000260000007], [-74.7499959079999, 46.00000263600003], [-74.875, 46.000002659000074], [-74.99999705999994, 46.00000268100007], [-75.125, 46.000002658000085], [-75.24999680799993, 46.00000263600003], [-75.375, 46.00000291100008], [-75.49999844099995, 46.00000318600007], [-75.625, 46.00000318200006], [-75.74999779399991, 46.00000317800004], [-75.875, 46.00000322100004], [-75.99999868899994, 46.00000326400004], [-75.99999867399993, 46.0625], [-75.99999865899991, 46.125003450000065], [-75.9999979989999, 46.1875], [-75.9999973379999, 46.25000464200008], [-75.99999713199992, 46.3125], [-75.99999692499995, 46.37500481200004], [-75.9999966929999, 46.4375], [-75.99999646099991, 46.500004569000055], [-75.99999599099993, 46.5625], [-75.9999955209999, 46.62500417200005], [-75.99999538799995, 46.6875], [-75.99999525599992, 46.75000413400005], [-75.99999534599993, 46.8125], [-75.99999543599995, 46.87500389000007], [-75.99999571599994, 46.9375], [-75.99999599499995, 47.00000335300007], [-75.875, 47.000003304000074], [-75.7499966389999, 47.00000325600007], [-75.625, 47.00000333300005], [-75.49999500899992, 47.00000341100008], [-75.375, 47.00000337600005], [-75.24999434699993, 47.00000334200007]]]]}}, {"type": "Feature", "properties": {"Feuillet250K": "31I", "Nom_Feuillet250K": "TROIS-RIVI\u00c8RES", "Lien_GPKG": "https://diffusion.mffp.gouv.qc.ca/Diffusion/DonneeGratuite/Foret/DONNEES_FOR_ECO_SUD/Cartes_ecoforestieres_perturbations/02-Donnees/Decoupage250K/31I/CARTE_ECO_MAJ_31I_GPKG.zip"}, "geometry": {"type": "MultiPolygon", "coordinates": [[[[-73.375, 47.000000414000056], [-73.25000058599994, 46.99999987500007], [-73.125, 47.00000014700004], [-73.00000094199993, 47.00000042000005], [-72.875, 47.00000008500007], [-72.75000159199993, 46.999999750000086], [-72.625, 46.99999962800007], [-72.5000020089999, 46.99999950600005], [-72.375, 46.999999453000044], [-72.25000235499994, 46.999999400000036], [-72.125, 46.99999969400005], [-72.00000262799995, 46.99999998900006], [-72.00000259599994, 46.9375], [-72.00000256399994, 46.875000010000065], [-72.00000248499992, 46.8125], [-72.00000240599991, 46.74999978000005], [-72.00000232299993, 46.6875], [-72.0000022399999, 46.62499975700007], [-72.00000219999993, 46.616497260000074], [-72.01390020399992, 46.60786418300006], [-72.03784798999993, 46.58775889000009], [-72.06958199099995, 46.584399477000034], [-72.09792456699995, 46.58590201100009], [-72.10695581599992, 46.58331332200004], [-72.125, 46.581483562000074], [-72.14634380399991, 46.57725447200005], [-72.1723554699999, 46.56727597300005], [-72.17637271599995, 46.5625], [-72.20546968499991, 46.54780847300009], [-72.21588891099992, 46.54558674000003], [-72.22003959099993, 46.542637279000076], [-72.22802380799993, 46.52905107700008], [-72.23728688299991, 46.52028720000004], [-72.23890015399991, 46.51533419900005], [-72.23814960199991, 46.51228494700007], [-72.24685601999994, 46.50000333200006], [-72.25000121799991, 46.49626630800009], [-72.25406930699995, 46.478855785000064], [-72.25794970699991, 46.47258213400005], [-72.2633327879999, 46.45626586900005], [-72.26497373899991, 46.453359624000086], [-72.26977821499992, 46.44984851000004], [-72.29461589399995, 46.443860131000065], [-72.33681307099994, 46.441328044000045], [-72.35091025199995, 46.4375], [-72.36659859199995, 46.42964316000007], [-72.375, 46.422251936000066], [-72.38469846699991, 46.414948898000034], [-72.41346360099993, 46.41017851500004], [-72.44593094399994, 46.39659990300004], [-72.45928631599992, 46.393852148000065], [-72.45036869199993, 46.37504761300005], [-72.44955058399995, 46.37332174900007], [-72.44669201999994, 46.375050231000046], [-72.44468449699991, 46.37626399900006], [-72.43844380099995, 46.37505562600006], [-72.43593487899994, 46.375057137000056], [-72.40762298299995, 46.38217787100007], [-72.38734780899995, 46.392140160000054], [-72.3820995719999, 46.39699240400006], [-72.375, 46.40000981500003], [-72.36677396499994, 46.39354854900006], [-72.36059251599994, 46.395664476000036], [-72.35076301399994, 46.39621386500005], [-72.34359499399994, 46.39904562000004], [-72.3292189199999, 46.39727286300007], [-72.32174998699992, 46.399301490000084], [-72.31442654599994, 46.40538879400003], [-72.29092302299995, 46.40545758400003], [-72.26980611099992, 46.41391459200008], [-72.25000121799991, 46.41761094300006], [-72.2473935619999, 46.41843966500005], [-72.23277124299995, 46.433033815000044], [-72.2338054359999, 46.4375], [-72.22350999199995, 46.45293126900003], [-72.22003053899994, 46.46920393700009], [-72.21344759699991, 46.48718705500005], [-72.2078170229999, 46.495031925000035], [-72.20665900999995, 46.50004283700008], [-72.20672217999993, 46.50439441800006], [-72.20463029299992, 46.50798753100008], [-72.18818099799995, 46.51522248300006], [-72.1730645419999, 46.529101307000076], [-72.1673597699999, 46.53635858000007], [-72.125, 46.55452564800004], [-72.10735602599993, 46.56054708800008], [-72.07834625699991, 46.556618410000056], [-72.07035155999995, 46.56058538100007], [-72.06328351999991, 46.55954309700007], [-72.05084926699993, 46.56117661900004], [-72.03387727699993, 46.558369207000055], [-72.01586253099993, 46.5625], [-72.00663103099993, 46.567400417000044], [-72.00000200499994, 46.574559727000064], [-72.00000194799992, 46.5625], [-72.00000165599994, 46.49999979200004], [-72.00000139499991, 46.4375], [-72.00000113399994, 46.37499997600008], [-72.00000109099994, 46.3125], [-72.00000104799994, 46.25000016300004], [-72.00000092199991, 46.1875], [-72.00000079699993, 46.12500030700005], [-72.00000076799995, 46.0625], [-72.00000073899992, 46.00000040900005], [-72.125, 46.00000048600003], [-72.2500008419999, 46.00000056400006], [-72.375, 46.00000057500006], [-72.50000006599993, 46.000000586000056], [-72.625, 46.00000051400008], [-72.74999991999994, 46.000000442000044], [-72.875, 46.000000465000085], [-73.00000034099992, 46.00000048900006], [-73.125, 46.00000051500007], [-73.25000008799992, 46.000000542000066], [-73.375, 46.000000697000075], [-73.49999959199994, 46.000000852000085], [-73.625, 46.00000094200004], [-73.74999910799994, 46.00000103100007], [-73.875, 46.000001370000064], [-73.99999798099992, 46.00000170900006], [-73.99999791899995, 46.0625], [-73.99999785699993, 46.12500163200008], [-73.99999781499992, 46.1875], [-73.99999777199992, 46.25000135000005], [-73.99999771699993, 46.3125], [-73.99999766299993, 46.37500106500005], [-73.99999784799991, 46.4375], [-73.99999803299994, 46.49999983400005], [-73.99999826599992, 46.5625], [-73.9999984989999, 46.62499946100007], [-73.9999986869999, 46.6875], [-73.9999988749999, 46.749999347000085], [-73.99999902899992, 46.8125], [-73.99999918299994, 46.87499995300004], [-73.9999995039999, 46.9375], [-73.99999982499992, 47.00000047200007], [-73.875, 47.00000062100008], [-73.74999893899991, 47.00000076900005], [-73.625, 47.000000861000046], [-73.4999979239999, 47.00000095300004], [-73.375, 47.000000414000056]]]]}}, {"type": "Feature", "properties": {"Feuillet250K": "21L", "Nom_Feuillet250K": "QU\u00c9BEC", "Lien_GPKG": "https://diffusion.mffp.gouv.qc.ca/Diffusion/DonneeGratuite/Foret/DONNEES_FOR_ECO_SUD/Cartes_ecoforestieres_perturbations/02-Donnees/Decoupage250K/21L/CARTE_ECO_MAJ_21L_GPKG.zip"}, "geometry": {"type": "MultiPolygon", "coordinates": [[[[-70.78445112199995, 46.97038880400004], [-70.80279728099993, 46.960976825000046], [-70.79646725599991, 46.968721015000085], [-70.78656329599994, 46.97704972300005], [-70.77854667399993, 46.97727638400005], [-70.77990763199995, 46.973620622000055], [-70.78445112199995, 46.97038880400004]]], [[[-70.52525587799994, 47.00002720900005], [-70.50000301999995, 47.00000006100004], [-70.375, 47.00000009200005], [-70.2500029329999, 47.000000122000074], [-70.125, 47.000000226000054], [-70.00000345299992, 47.000000330000034], [-70.00000359699993, 46.9375], [-70.00000374199993, 46.875000217000036], [-70.0000039549999, 46.8125], [-70.00000416699993, 46.75000017000008], [-70.00000442699991, 46.6875], [-70.00000444999995, 46.681991991000075], [-70.01220118499992, 46.625014483000086], [-70.02554010999995, 46.5625], [-70.03883014799993, 46.50004038900005], [-70.05210734999991, 46.4375], [-70.05722222199995, 46.41486111100005], [-70.06419444399995, 46.41413888900007], [-70.06691666699993, 46.41205555600004], [-70.07644444399995, 46.40952777800004], [-70.0812499999999, 46.410666667000044], [-70.08702777799994, 46.40925], [-70.08911110999992, 46.41091666700004], [-70.09202777799993, 46.40944444400009], [-70.09694444399992, 46.40947222200003], [-70.09452777799993, 46.40830555600007], [-70.09683333299995, 46.407], [-70.09516666699994, 46.40641666700009], [-70.10091666699992, 46.40525], [-70.09777777799991, 46.40425], [-70.10041666699993, 46.40313888900005], [-70.09877777699995, 46.40108333300009], [-70.10094444399994, 46.40125], [-70.1016388889999, 46.39708333300007], [-70.10752777899995, 46.39263888900007], [-70.10683333299994, 46.390527778000035], [-70.10869444399992, 46.39138888900004], [-70.10986111199992, 46.39027777800004], [-70.10775, 46.387722222000036], [-70.10988888899993, 46.38894444400006], [-70.11019444399994, 46.38741666700008], [-70.11230555599991, 46.388083333000054], [-70.11075, 46.38611111100005], [-70.1141944439999, 46.385194444000035], [-70.11497222199995, 46.38802777800004], [-70.1166388879999, 46.38822222200008], [-70.11619444299993, 46.38591666700006], [-70.125, 46.38175694500006], [-70.12808333299995, 46.37894444400007], [-70.1275852679999, 46.375076651000086], [-70.12697222199995, 46.37080555600005], [-70.1337222219999, 46.36888888900006], [-70.13641666699993, 46.36988888900004], [-70.13858333299993, 46.36630555600004], [-70.14136111099992, 46.36480555600008], [-70.14108333299993, 46.36252777800007], [-70.1448888889999, 46.36211111100005], [-70.14808333299993, 46.359], [-70.15641666699992, 46.361444444000085], [-70.15858333299991, 46.35925], [-70.1616666669999, 46.36108333300007], [-70.16655555699992, 46.357361111000046], [-70.17286111199991, 46.35919444400008], [-70.1805, 46.35463888900006], [-70.1816666659999, 46.35219444400008], [-70.19116666699995, 46.35022222200007], [-70.19219444399994, 46.34905555600005], [-70.19125, 46.34791666700005], [-70.19575, 46.343305556000075], [-70.19569444399991, 46.340833333000035], [-70.20894444399994, 46.3295], [-70.2060277779999, 46.32475], [-70.20727777799993, 46.31955555600007], [-70.20316666699995, 46.31483333300008], [-70.20369032999992, 46.3125], [-70.20608333399991, 46.30986111100009], [-70.20586111099993, 46.29972222200007], [-70.21236111099995, 46.29855555600005], [-70.21525, 46.29477777800008], [-70.2168888889999, 46.295444444000054], [-70.21694444399992, 46.29422222200009], [-70.2316111099999, 46.29102777800006], [-70.2325277779999, 46.284722222000084], [-70.23986110999994, 46.279166667000084], [-70.24066666699991, 46.27297222200008], [-70.24333333299995, 46.273083333000045], [-70.24302777799994, 46.271833333000075], [-70.24863888899995, 46.26708333300007], [-70.25000281899992, 46.263671343000055], [-70.25000281299992, 46.26255805300008], [-70.24961111099992, 46.26241666700008], [-70.25000281199993, 46.26219527200004], [-70.2525, 46.259972222000044], [-70.25302777799993, 46.25516666700008], [-70.25466666699992, 46.25422222200007], [-70.25149999899992, 46.25188888900004], [-70.25121438499991, 46.250002351000035], [-70.2553888889999, 46.246138889000065], [-70.25405555599991, 46.24569444400004], [-70.25919444499993, 46.23891666700007], [-70.25797222199992, 46.23794444400005], [-70.26036111099995, 46.230222222000066], [-70.26352777799991, 46.229027778000045], [-70.26733333299995, 46.22502777800008], [-70.26575, 46.22361111100008], [-70.2679444449999, 46.22083333300009], [-70.26747222199992, 46.219416667000075], [-70.2690277769999, 46.21966666700007], [-70.26869444399995, 46.21797222200007], [-70.27150000099994, 46.21647222200005], [-70.27363888899993, 46.21683333300007], [-70.2743611109999, 46.21452777800005], [-70.272, 46.213694444000055], [-70.27105555599991, 46.21083333300004], [-70.27638888899992, 46.20752777800004], [-70.27752777799992, 46.203694444000064], [-70.28541666699994, 46.19758333300007], [-70.286, 46.19538888900007], [-70.28816666699993, 46.19527777800005], [-70.28897222199993, 46.19277777800005], [-70.29269444399995, 46.19147222200007], [-70.29008333399992, 46.188888889000054], [-70.29064333299993, 46.1875], [-70.29061111199991, 46.185138889000086], [-70.28569444399994, 46.184444444000064], [-70.28583333199992, 46.182611111000085], [-70.27758333299994, 46.174583333000044], [-70.2665555559999, 46.169333333000054], [-70.26469444399993, 46.16752777800008], [-70.26444444399993, 46.16466666700006], [-70.25963888899992, 46.16322222200006], [-70.25730555599995, 46.159722222000084], [-70.25000266199993, 46.15578116100005], [-70.2495277779999, 46.15552777800008], [-70.25000265999995, 46.155052900000044], [-70.25000266099994, 46.154220527000064], [-70.24608333299994, 46.15094444400006], [-70.24380555599993, 46.15147222200005], [-70.2425, 46.14975], [-70.2405833329999, 46.150972222000064], [-70.24041666699992, 46.149], [-70.23627777799993, 46.14525], [-70.23958333299993, 46.14319444400007], [-70.23966666699994, 46.13786111100006], [-70.24202777799991, 46.13530555600005], [-70.24236111099992, 46.131722222000064], [-70.2438888879999, 46.13102777800009], [-70.24355555599993, 46.128777778000085], [-70.24733560199991, 46.12500378000004], [-70.25000262299994, 46.120383202000085], [-70.25525, 46.110777778000056], [-70.25502777899993, 46.10852777800005], [-70.25233333299991, 46.10652777800004], [-70.2531111099999, 46.10013888900005], [-70.25719444399994, 46.09961944400004], [-70.2725333329999, 46.10208333300005], [-70.27936666699992, 46.09985833300004], [-70.28474722199991, 46.09984444400004], [-70.28418333299993, 46.097888889000046], [-70.28970555599994, 46.094575], [-70.29202222299995, 46.08679166700006], [-70.30190833299991, 46.08236111100007], [-70.3022777779999, 46.08043055600007], [-70.29998333299994, 46.078413889000046], [-70.30285833199991, 46.07659166700006], [-70.3020777779999, 46.07326666700004], [-70.305025, 46.07180277800006], [-70.30253055499992, 46.07035833300006], [-70.31085, 46.06461388900004], [-70.30942560299991, 46.0625], [-70.30687777799994, 46.06111944400004], [-70.30335555599993, 46.062258333000045], [-70.3016972229999, 46.06080555600005], [-70.29648055599995, 46.06039444400005], [-70.2921944439999, 46.06044166700008], [-70.28721236599995, 46.0625], [-70.28587777799993, 46.06274722200004], [-70.2840357629999, 46.0625], [-70.28218333299992, 46.060266667000064], [-70.27862222199991, 46.06044722200005], [-70.2794027779999, 46.05846111100004], [-70.27832222199993, 46.05628611100008], [-70.280775, 46.054275], [-70.2798361099999, 46.05199722200007], [-70.28913611099995, 46.04650277800005], [-70.29424166699994, 46.041019444000085], [-70.29736388899994, 46.040711111000064], [-70.3018527779999, 46.03333888900005], [-70.3019333339999, 46.03180277800004], [-70.29845833299993, 46.03087777800005], [-70.301375, 46.02761944400004], [-70.31799444399991, 46.019075], [-70.31525, 46.01819722200008], [-70.31404722199994, 46.016130556000064], [-70.31223055599992, 46.01665277800004], [-70.31049722099993, 46.014925], [-70.31130277799991, 46.012052778000054], [-70.30611944399993, 46.009766667000065], [-70.30554722199992, 46.00359166700008], [-70.30301944399991, 46.00296666700007], [-70.30331868899992, 46.00005100300007], [-70.375, 46.00003232200004], [-70.50000257399995, 45.99999974700006], [-70.625, 45.999999811000066], [-70.7500022779999, 45.99999987500007], [-70.875, 46.00000006800008], [-71.00000229099993, 46.00000026100008], [-71.125, 46.00000036700004], [-71.25000196399992, 46.00000047200007], [-71.375, 46.00000042800008], [-71.50000181399992, 46.00000038300004], [-71.625, 46.000000440000065], [-71.75000090599991, 46.00000049700009], [-71.875, 46.00000045300004], [-72.00000073899992, 46.00000040900005], [-72.00000076799995, 46.0625], [-72.00000079699993, 46.12500030700005], [-72.00000092199991, 46.1875], [-72.00000104799994, 46.25000016300004], [-72.00000109099994, 46.3125], [-72.00000113399994, 46.37499997600008], [-72.00000139499991, 46.4375], [-72.00000165599994, 46.49999979200004], [-72.00000194799992, 46.5625], [-72.00000200499994, 46.574559727000064], [-71.99597385699991, 46.58006106900007], [-71.98067887999991, 46.590498566000065], [-71.97148276099995, 46.60078368600006], [-71.95666018799994, 46.61121181400006], [-71.94087872799992, 46.61671981000006], [-71.92205036699994, 46.62118398700005], [-71.91347233499994, 46.625067985000044], [-71.90365359999993, 46.63286413000009], [-71.89315724099993, 46.64778315800004], [-71.875, 46.66052224300006], [-71.86649704299992, 46.665045547000034], [-71.85966439799995, 46.66669242000006], [-71.85062459399995, 46.667366308000055], [-71.8434075909999, 46.66566093300008], [-71.82045277599991, 46.64982403600004], [-71.81178243799991, 46.64082803400004], [-71.79510449599991, 46.63492729700005], [-71.7873180709999, 46.63428640600006], [-71.7771581149999, 46.62990191000006], [-71.76140463299993, 46.62807046100005], [-71.7546579939999, 46.629988972000035], [-71.75000234899994, 46.628999445000034], [-71.73855239399995, 46.62757335500004], [-71.69158808999993, 46.62920586300004], [-71.64197209499991, 46.63777291900004], [-71.625, 46.645811509000055], [-71.61519373399994, 46.65038964300004], [-71.60136350999994, 46.66030303400004], [-71.58355513499993, 46.666941723000036], [-71.57120925699991, 46.66582545000006], [-71.5537809839999, 46.66809249100004], [-71.51760387699994, 46.68051147600005], [-71.50358853699993, 46.6875], [-71.50000253999991, 46.68787078400004], [-71.4957710189999, 46.688179725000055], [-71.48521408599993, 46.69285947600008], [-71.4671008219999, 46.69773724500004], [-71.45166205299995, 46.700196806000065], [-71.44669830099991, 46.70274802400007], [-71.42550989999995, 46.70256146100007], [-71.39754345299991, 46.70448469400009], [-71.375, 46.711764326000036], [-71.3675032619999, 46.71260631200005], [-71.34108622699995, 46.72042365300007], [-71.32651565499992, 46.731712523000056], [-71.28766416999991, 46.743088310000076], [-71.27984140399991, 46.74241313200008], [-71.25630783999992, 46.75000753900008], [-71.25000289199994, 46.75417138900008], [-71.24220081999994, 46.75745369400005], [-71.23558336699995, 46.76272344100005], [-71.22938969199993, 46.763608726000086], [-71.21609255899995, 46.768865676000075], [-71.20540485099991, 46.775607437000076], [-71.20465824399992, 46.778607891000036], [-71.19629766699995, 46.785280372000045], [-71.19352570799992, 46.790740079000045], [-71.18809456299994, 46.80550001900008], [-71.18757614499992, 46.8125], [-71.18444737699991, 46.818548656000075], [-71.16489014799993, 46.83097104600006], [-71.1595217819999, 46.83146985600007], [-71.14882733299993, 46.82836428600007], [-71.125, 46.82942508200006], [-71.11036359899992, 46.83131976100009], [-71.09969950999994, 46.828335275000086], [-71.09230238799995, 46.82792405500004], [-71.04636970199994, 46.83401806100005], [-71.04162444099995, 46.83273624000009], [-71.0282951609999, 46.83430083300004], [-71.00606888399994, 46.83222422100005], [-71.00000279499994, 46.83367767500005], [-70.9860193369999, 46.83585565900006], [-70.94720707699992, 46.85856764500005], [-70.94499731999991, 46.86255259200004], [-70.93562751799993, 46.87003757200006], [-70.92252011999994, 46.87506429500007], [-70.90952226999991, 46.87681822500008], [-70.88888694199994, 46.887928543000044], [-70.875, 46.89209326900004], [-70.86914889699995, 46.89139450400006], [-70.86585145399994, 46.888949084000046], [-70.85278164999994, 46.88495087300004], [-70.8411790529999, 46.88443723000006], [-70.83540187999995, 46.888025768000034], [-70.82795871299993, 46.89616196700007], [-70.81914536099993, 46.899398534000056], [-70.8081137449999, 46.90968449600007], [-70.7979655389999, 46.91430839100008], [-70.7827218939999, 46.906556306000084], [-70.76726234499995, 46.90727721300004], [-70.75679513799992, 46.91446210400005], [-70.75442712699993, 46.92453409500007], [-70.75000300499994, 46.928214653000055], [-70.73465028999993, 46.93322172300009], [-70.72895669499991, 46.9375], [-70.72857593999993, 46.93778610600003], [-70.72725401699995, 46.9375], [-70.71590144399994, 46.934518032000085], [-70.70840170799994, 46.9375], [-70.68527657499993, 46.950467976000084], [-70.6474215579999, 46.96736365300006], [-70.64108740499995, 46.97235555900005], [-70.625, 46.98055936700007], [-70.60577412499993, 46.98635550100005], [-70.59888565499995, 46.98640669400004], [-70.58273688499992, 46.991556263000064], [-70.56087121899992, 46.990265488000034], [-70.5537830909999, 46.98845189000008], [-70.54252169799992, 46.99510470000007], [-70.52525587799994, 47.00002720900005]]], [[[-70.9678654679999, 47.000033786000074], [-70.98413223499995, 46.98754897800006], [-71.00000320499993, 46.97925454400007], [-71.01473035899994, 46.97176224700007], [-71.03575291899995, 46.95540076300006], [-71.04414056799993, 46.946832854000036], [-71.04956853599992, 46.9375], [-71.05587454599993, 46.93063734700007], [-71.07140209699992, 46.92121381700008], [-71.09228713499994, 46.91239932900004], [-71.11111192599992, 46.90076723400006], [-71.125, 46.89664634400003], [-71.14242187799994, 46.88588688100003], [-71.15290283099995, 46.875071355000046], [-71.15792310199993, 46.868022203000066], [-71.17067846299994, 46.85791722200008], [-71.20135843399993, 46.84917788200005], [-71.20411771699992, 46.844590795000045], [-71.20432260099994, 46.841206954000086], [-71.20160897099993, 46.838209824000046], [-71.1954503689999, 46.83845429100006], [-71.19229040599993, 46.836377291000076], [-71.19754737699992, 46.82118645400004], [-71.1999018539999, 46.818806072000086], [-71.20097085399993, 46.8125], [-71.2028502249999, 46.80772246400005], [-71.20640180099991, 46.80376908300008], [-71.2341073309999, 46.78609668100006], [-71.24029231599991, 46.78058708700007], [-71.24227403799995, 46.777083581000056], [-71.24188705599994, 46.77369445100004], [-71.25000289399992, 46.77032133600005], [-71.26103534899994, 46.76470717700005], [-71.27350065099995, 46.754745469000056], [-71.28536948499993, 46.75003660800007], [-71.29195101099992, 46.74806076100003], [-71.30432697899994, 46.75005119900004], [-71.30455478899995, 46.75005135400005], [-71.31990881599995, 46.749879100000044], [-71.33763207699991, 46.746583943000076], [-71.34382331099994, 46.74746515700008], [-71.35970051499993, 46.73684801200005], [-71.37108027099993, 46.733316236000064], [-71.375, 46.73391444500004], [-71.41324072899994, 46.73495778000006], [-71.42431816099992, 46.73387020500007], [-71.43897420199994, 46.72940555900004], [-71.48930911899993, 46.723070748000055], [-71.50000255399993, 46.719830207000086], [-71.51262036799994, 46.71671308100008], [-71.53589621499992, 46.714255595000054], [-71.55973310999991, 46.706489211000076], [-71.57205725199992, 46.69879023100003], [-71.58842300599991, 46.69524399200009], [-71.61105644499992, 46.69778836900008], [-71.625, 46.693973579000044], [-71.63043181899991, 46.693235163000054], [-71.64323003099992, 46.6875], [-71.65600973599993, 46.682966383000064], [-71.66615175899994, 46.67556708900008], [-71.67789310199993, 46.674538151000036], [-71.69546423899993, 46.66822024500004], [-71.7081187949999, 46.67014752300008], [-71.73127619399992, 46.66891998700004], [-71.75000241099991, 46.67012218200006], [-71.76810257099993, 46.667132183000035], [-71.79082690199994, 46.670332804000054], [-71.82708925899993, 46.6875], [-71.84494932799993, 46.691985154000065], [-71.86260669399991, 46.68912221800008], [-71.875, 46.68950260500009], [-71.88045950799994, 46.68990234600005], [-71.88525865999992, 46.6875], [-71.89843844799992, 46.68236512300007], [-71.9019909239999, 46.679208790000075], [-71.91631356999994, 46.65905067700004], [-71.92451677799994, 46.653469709000035], [-71.9284195159999, 46.645881777000056], [-71.94111093499993, 46.64465196000003], [-71.9466495609999, 46.64023661400006], [-71.96051243799991, 46.63697455000005], [-71.98236989499992, 46.62501950800004], [-71.98952302499993, 46.62272744200004], [-72.00000219999993, 46.616497260000074], [-72.0000022399999, 46.62499975700007], [-72.00000232299993, 46.6875], [-72.00000240599991, 46.74999978000005], [-72.00000248499992, 46.8125], [-72.00000256399994, 46.875000010000065], [-72.00000259599994, 46.9375], [-72.00000262799995, 46.99999998900006], [-71.875, 47.00000014800008], [-71.75000270299995, 47.00000030800004], [-71.625, 47.000000303000036], [-71.5000022829999, 47.00000029700004], [-71.375, 47.00000027500005], [-71.25000279199992, 47.00000025300005], [-71.125, 47.00000029000006], [-71.00000326399993, 47.000000327000066], [-70.9678654679999, 47.000033786000074]]], [[[-71.05651687099993, 46.85187197000005], [-71.07691710999995, 46.84903610500004], [-71.12222674799995, 46.84949142800008], [-71.125, 46.848001270000054], [-71.13031166899992, 46.84564173400008], [-71.14068800099994, 46.84826506700006], [-71.13803205199991, 46.854289433000076], [-71.12823152399994, 46.86291716100004], [-71.125, 46.86905602100006], [-71.12029295499991, 46.87507497300004], [-71.1077132339999, 46.88573456100005], [-71.09793404999994, 46.890131292000035], [-71.09178893599994, 46.89695537300008], [-71.07845374499993, 46.901755592000086], [-71.06174622899994, 46.911932522000086], [-71.04829669899993, 46.92416964200004], [-71.02418297499992, 46.93305391900009], [-71.01700951899994, 46.9375], [-71.00000312899994, 46.95222143700005], [-70.97975171299993, 46.96373669500008], [-70.94912417599994, 46.98925694400003], [-70.93940876099992, 46.995681869000066], [-70.92923718399993, 47.00006093300004], [-70.875, 47.00005774300007], [-70.80853678299991, 47.000053834000084], [-70.82851226899993, 46.97816947100006], [-70.84394193599991, 46.96765270900005], [-70.84478133699992, 46.96534716200006], [-70.86130966099995, 46.951235189000045], [-70.87288063199992, 46.9375], [-70.875, 46.93400586700005], [-70.88218780999995, 46.925744285000064], [-70.90263537099992, 46.91373620000007], [-70.94219022999994, 46.897648949000086], [-70.95434919799993, 46.89520837200007], [-70.97917390599991, 46.87502307900007], [-70.98234118599993, 46.87163158000004], [-71.00000287299991, 46.86186612400007], [-71.00560331899993, 46.85944911100006], [-71.0311166109999, 46.85589706700006], [-71.04258885699994, 46.855618287000084], [-71.05651687099993, 46.85187197000005]]]]}}, {"type": "Feature", "properties": {"Feuillet250K": "21K", "Nom_Feuillet250K": "SAINT-PAMPHILE", "Lien_GPKG": "https://diffusion.mffp.gouv.qc.ca/Diffusion/DonneeGratuite/Foret/DONNEES_FOR_ECO_SUD/Cartes_ecoforestieres_perturbations/02-Donnees/Decoupage250K/21K/CARTE_ECO_MAJ_21K_GPKG.zip"}, "geometry": {"type": "MultiPolygon", "coordinates": [[[[-69.69256730399991, 47.00005308900006], [-69.7500035939999, 46.94293992100006], [-69.7554604739999, 46.9375], [-69.8180800909999, 46.87505955200004], [-69.875, 46.81813888800008], [-69.88063888899995, 46.8125], [-69.94289175799992, 46.75005308400006], [-69.99711111199991, 46.69552777800004], [-69.99883898299993, 46.6875], [-70.00000444999995, 46.681991991000075], [-70.00000442699991, 46.6875], [-70.00000416699993, 46.75000017000008], [-70.0000039549999, 46.8125], [-70.00000374199993, 46.875000217000036], [-70.00000359699993, 46.9375], [-70.00000345299992, 47.000000330000034], [-69.875, 47.00000027300007], [-69.7500034439999, 47.000000217000036], [-69.69256730399991, 47.00005308900006]]]]}}, {"type": "Feature", "properties": {"Feuillet250K": "31F", "Nom_Feuillet250K": "PEMBROKE", "Lien_GPKG": "https://diffusion.mffp.gouv.qc.ca/Diffusion/DonneeGratuite/Foret/DONNEES_FOR_ECO_SUD/Cartes_ecoforestieres_perturbations/02-Donnees/Decoupage250K/31F/CARTE_ECO_MAJ_31F_GPKG.zip"}, "geometry": {"type": "MultiPolygon", "coordinates": [[[[-75.99999819399994, 45.9375], [-75.99999769899995, 45.875003252000056], [-75.99999776599992, 45.8125], [-75.99999783399994, 45.75000329200009], [-75.99999835499995, 45.6875], [-75.99999887699994, 45.62500315900007], [-75.99999894299992, 45.5625], [-75.99999900899991, 45.50000304200006], [-75.99999900099994, 45.48153120300009], [-76.05289858599991, 45.500054430000034], [-76.0844073749999, 45.51433365100007], [-76.09340774999993, 45.51708365300004], [-76.125, 45.519081895000056], [-76.15871567499994, 45.51472272400008], [-76.1891887999999, 45.51841725700007], [-76.2056893809999, 45.51791727700004], [-76.22935677399994, 45.51133398400003], [-76.23377359299991, 45.50700073500008], [-76.2352374109999, 45.50002080200005], [-76.23913584799993, 45.470722881000086], [-76.24310800799992, 45.467806206000034], [-76.24999879899991, 45.46692021800004], [-76.27296961299993, 45.46891742300005], [-76.34927806199994, 45.45608432800009], [-76.375, 45.46032279700006], [-76.39261273299991, 45.469778784000084], [-76.42769730099991, 45.49263998400005], [-76.43672535199994, 45.49725110400004], [-76.44673558699992, 45.50005530700008], [-76.47728231799994, 45.50516825400007], [-76.49999903199995, 45.51510044000008], [-76.5120616719999, 45.515140484000085], [-76.52506217699994, 45.51716814300005], [-76.57864752599994, 45.52952876400008], [-76.60328758599991, 45.53155690500006], [-76.625, 45.54153382800007], [-76.65595680099995, 45.558196459000044], [-76.66023598899994, 45.5625], [-76.66459608999992, 45.567613244000086], [-76.67420744499992, 45.585474143000056], [-76.67276298999991, 45.59122417800006], [-76.67337422199995, 45.59447415400007], [-76.6703463209999, 45.60000194500009], [-76.67345759199992, 45.60614083400009], [-76.66954087399995, 45.61683529600003], [-76.67008649699994, 45.62507035300007], [-76.67417990899992, 45.62897414400004], [-76.6814023469999, 45.63086306000008], [-76.68468009999992, 45.63333538100005], [-76.69656920099993, 45.65175215600004], [-76.7067637259999, 45.658974554000054], [-76.70923595699992, 45.66383573000007], [-76.7092914779999, 45.66819686300005], [-76.70434690799993, 45.67561355300006], [-76.70095793399992, 45.67764127000004], [-76.69006896899992, 45.679252218000045], [-76.68652731899994, 45.6875], [-76.69584672999991, 45.70025247700005], [-76.69612443199992, 45.702585842000076], [-76.69215216499992, 45.70750250300006], [-76.69179111199992, 45.710196962000055], [-76.70279104699995, 45.716280478000044], [-76.70392998099993, 45.72114164800007], [-76.71076332099994, 45.72169729600006], [-76.72070781799994, 45.71947515700003], [-76.73520785699992, 45.72305859800008], [-76.74999814899991, 45.724009709000086], [-76.76915297099993, 45.73342009300006], [-76.76968068999992, 45.74167016100006], [-76.76623610999991, 45.74667008800009], [-76.77079183599994, 45.750026794000064], [-76.76834721999995, 45.755364634000045], [-76.78048666399991, 45.785254042000076], [-76.77562522799991, 45.79433745500006], [-76.7653192699999, 45.80486526400006], [-76.76561542499991, 45.8125], [-76.76968053899992, 45.83128234800006], [-76.7649853129999, 45.85128234200005], [-76.77437449299993, 45.85903245800006], [-76.7783464339999, 45.87136584700005], [-76.78045765799993, 45.87347697900009], [-76.80068796199993, 45.87505315100009], [-76.81006996399992, 45.87764384800005], [-76.8400429589999, 45.89072736300005], [-76.875, 45.89236376000008], [-76.8954063569999, 45.898033051000084], [-76.92379667599994, 45.895088788000066], [-76.92879695099992, 45.89142214800006], [-76.9299915599999, 45.88861663600005], [-76.92333423799994, 45.875068859000066], [-76.92360282399994, 45.872283234000065], [-76.9215194109999, 45.868922051000084], [-76.91063029399993, 45.86367203700007], [-76.90679695199992, 45.85808871200004], [-76.90276899499992, 45.855227530000036], [-76.90268580299994, 45.84983872000004], [-76.90588054499995, 45.84778309700005], [-76.91224193199992, 45.84700531000004], [-76.92260339099994, 45.84889426700005], [-76.9255201389999, 45.84644987300004], [-76.92449252099993, 45.84153319500007], [-76.91260361199994, 45.82006092100005], [-76.91081349599995, 45.8125], [-76.9144927129999, 45.80650542800004], [-76.92579881499995, 45.798783283000034], [-76.93499376999995, 45.79403335000006], [-76.94766093599992, 45.78997780100008], [-76.97227285799994, 45.78558884100005], [-76.98218987999991, 45.78520000700007], [-76.99185684899993, 45.78681110200006], [-76.9999984989999, 45.79097017500004], [-77.02396904499994, 45.806616956000084], [-77.0280247469999, 45.807922604000055], [-77.04594199899992, 45.80825608400005], [-77.05284849999993, 45.8125], [-77.06430367099995, 45.825284027000066], [-77.07349825599994, 45.83117301200008], [-77.0971380339999, 45.838478707000036], [-77.125, 45.84230422300004], [-77.1639458649999, 45.86231249200006], [-77.19439121199991, 45.86903488000007], [-77.20131886999991, 45.87505193700008], [-77.21972493899995, 45.89945172600005], [-77.23286398699992, 45.91095182300006], [-77.2357529059999, 45.91531303000005], [-77.23705846799993, 45.922174074000054], [-77.24999823199994, 45.92813269000004], [-77.26345129999993, 45.9375], [-77.26958734499993, 45.94047984700006], [-77.27325418599992, 45.945091010000056], [-77.28730986699992, 45.978229868000085], [-77.28678193199994, 45.987479809000035], [-77.28154767799992, 46.000037778000035], [-77.24999811599992, 46.000004094000076], [-77.125, 46.00000408900007], [-76.99999835599994, 46.00000408300008], [-76.875, 46.00000395600006], [-76.74999766399992, 46.00000382800005], [-76.625, 46.00000374600006], [-76.49999830599995, 46.000003664000076], [-76.375, 46.000003502000084], [-76.24999851099994, 46.000003339000045], [-76.125, 46.00000330100005], [-75.99999868899994, 46.00000326400004], [-75.99999819399994, 45.9375]]]]}}, {"type": "Feature", "properties": {"Feuillet250K": "31G", "Nom_Feuillet250K": "OTTAWA", "Lien_GPKG": "https://diffusion.mffp.gouv.qc.ca/Diffusion/DonneeGratuite/Foret/DONNEES_FOR_ECO_SUD/Cartes_ecoforestieres_perturbations/02-Donnees/Decoupage250K/31G/CARTE_ECO_MAJ_31G_GPKG.zip"}, "geometry": {"type": "MultiPolygon", "coordinates": [[[[-75.875, 46.00000322100004], [-75.74999779399991, 46.00000317800004], [-75.625, 46.00000318200006], [-75.49999844099995, 46.00000318600007], [-75.375, 46.00000291100008], [-75.24999680799993, 46.00000263600003], [-75.125, 46.000002658000085], [-74.99999705999994, 46.00000268100007], [-74.875, 46.000002659000074], [-74.7499959079999, 46.00000263600003], [-74.625, 46.00000260000007], [-74.49999609699995, 46.000002564000056], [-74.375, 46.000002349000056], [-74.24999708099995, 46.000002133000066], [-74.125, 46.000001921000035], [-73.99999798099992, 46.00000170900006], [-73.99999816399992, 45.9375], [-73.99999834699992, 45.87500148300006], [-73.99999847099991, 45.8125], [-73.99999859499991, 45.75000141400005], [-73.99999867799994, 45.6875], [-73.99999876099992, 45.625001318000045], [-73.99999898499993, 45.5625], [-73.99999920899995, 45.50000143600005], [-73.99999940399994, 45.4375], [-73.99999959999991, 45.37500162200007], [-73.99999969299995, 45.3125], [-73.99999978599993, 45.25000172300008], [-73.99999996499992, 45.1875], [-74.0000001439999, 45.12500171000005], [-73.99999996399993, 45.0625], [-73.99999978299991, 45.00000185000005], [-74.125, 45.00000187100005], [-74.24999980099994, 45.00000189200006], [-74.375, 45.000002031000065], [-74.4999996439999, 45.00000216900008], [-74.625, 45.000054918000046], [-74.66422763799994, 45.00007147100007], [-74.66980081699995, 45.00556162700008], [-74.65239356799992, 45.030018538000036], [-74.625, 45.03037021500006], [-74.6014451659999, 45.03963010800004], [-74.56569276399995, 45.04629693600003], [-74.55558104499994, 45.05238023600003], [-74.5332192809999, 45.0625], [-74.5105775259999, 45.07674177600006], [-74.49999970899995, 45.06842018400005], [-74.49521522399994, 45.06474192400009], [-74.44733578199993, 45.12505356200006], [-74.44232444799991, 45.13121321400007], [-74.41937832399992, 45.14162987900005], [-74.375, 45.15639537900006], [-74.3212590249999, 45.1875], [-74.3195190429999, 45.18850708000008], [-74.375, 45.22897902600005], [-74.40252366099992, 45.250075449000065], [-74.47203063899991, 45.302860260000045], [-74.46846739499995, 45.3125], [-74.44531517999991, 45.37505454600006], [-74.42242836699995, 45.4375], [-74.4011712009999, 45.50007502500006], [-74.38196224799992, 45.5625], [-74.38200592099992, 45.564489], [-74.38733932999992, 45.56610015100006], [-74.43606288899991, 45.57648939100005], [-74.45250778399992, 45.583156365000036], [-74.47648082599994, 45.59565678100006], [-74.49064813299992, 45.59582364000005], [-74.49999758599995, 45.592319468000085], [-74.51898277299995, 45.59107424300004], [-74.54145589899991, 45.594324751000045], [-74.56901231499995, 45.60763089900007], [-74.60348585499992, 45.61852051800008], [-74.61833553299994, 45.62507919300003], [-74.625, 45.63050066300008], [-74.63632032399994, 45.63607681500008], [-74.64662627099995, 45.63771598000005], [-74.68710107299995, 45.63127233500006], [-74.70071323199994, 45.63057810500004], [-74.7499964669999, 45.635254649000046], [-74.7839402859999, 45.638801028000046], [-74.84583169699994, 45.637217442000065], [-74.875, 45.641937849000044], [-74.93808610299993, 45.64496646500004], [-74.94939220599991, 45.640160922000064], [-74.95989257999992, 45.63185540500007], [-74.96528964399994, 45.62503996600009], [-74.97744884499991, 45.616383119000034], [-74.99999690599992, 45.60579636600005], [-75.03564529199991, 45.59449433100008], [-75.07825792699992, 45.590133483000045], [-75.125, 45.57722907800007], [-75.15701093399991, 45.57902353700007], [-75.17251164899994, 45.57716257000004], [-75.20656827099992, 45.58774583200005], [-75.23565282099992, 45.58713466800003], [-75.2499987949999, 45.58143340200007], [-75.29119480499992, 45.5625], [-75.29987885799994, 45.55846816300004], [-75.3076571009999, 45.551607104000084], [-75.31490765699994, 45.548162663000085], [-75.33549229699992, 45.54046839500006], [-75.375, 45.52904579500006], [-75.39271672699994, 45.52438538300004], [-75.41243953899993, 45.52327433900007], [-75.42046768099993, 45.520857754000076], [-75.44374630599992, 45.52116340200007], [-75.4553024189999, 45.517357976000085], [-75.47663663899993, 45.51558027800007], [-75.49999927699992, 45.50894392300006], [-75.52819548999992, 45.50003422600008], [-75.53816669699995, 45.49488611900006], [-75.54847253799994, 45.48474729700007], [-75.57338987999992, 45.47577523400008], [-75.58697351799992, 45.47277537500008], [-75.625, 45.46958133500004], [-75.6840605349999, 45.45830325800006], [-75.69417208399994, 45.44999787000006], [-75.70152969199995, 45.4375], [-75.70403375099994, 45.42591465500004], [-75.70603386399995, 45.42391460600004], [-75.72122583399994, 45.42049194200007], [-75.72403470299992, 45.41658138100007], [-75.73153513499994, 45.41684994700006], [-75.7416465089999, 45.413387027000056], [-75.74999906799991, 45.41264610300004], [-75.76039723899993, 45.41077603400004], [-75.7633696659999, 45.406970483000066], [-75.7651475859999, 45.40072053300008], [-75.78312067599995, 45.384359552000035], [-75.79489899599992, 45.37816514500008], [-75.8051267649999, 45.37505630000004], [-75.81978874299995, 45.37319307200005], [-75.84106731399993, 45.37338764400005], [-75.8473624099999, 45.37507657900005], [-75.875, 45.393682073000036], [-75.91265264399993, 45.420110298000054], [-75.93321049499991, 45.4375], [-75.95609818999992, 45.45686049500006], [-75.98357110199993, 45.47577740300005], [-75.99999900099994, 45.48153120300009], [-75.99999900899991, 45.50000304200006], [-75.99999894299992, 45.5625], [-75.99999887699994, 45.62500315900007], [-75.99999835499995, 45.6875], [-75.99999783399994, 45.75000329200009], [-75.99999776599992, 45.8125], [-75.99999769899995, 45.875003252000056], [-75.99999819399994, 45.9375], [-75.99999868899994, 46.00000326400004], [-75.875, 46.00000322100004]]]]}}, {"type": "Feature", "properties": {"Feuillet250K": "31H", "Nom_Feuillet250K": "MONTR\u00c9AL", "Lien_GPKG": "https://diffusion.mffp.gouv.qc.ca/Diffusion/DonneeGratuite/Foret/DONNEES_FOR_ECO_SUD/Cartes_ecoforestieres_perturbations/02-Donnees/Decoupage250K/31H/CARTE_ECO_MAJ_31H_GPKG.zip"}, "geometry": {"type": "MultiPolygon", "coordinates": [[[[-72.875, 46.000000465000085], [-72.74999991999994, 46.000000442000044], [-72.625, 46.00000051400008], [-72.50000006599993, 46.000000586000056], [-72.375, 46.00000057500006], [-72.2500008419999, 46.00000056400006], [-72.125, 46.00000048600003], [-72.00000073899992, 46.00000040900005], [-72.00000077399994, 45.9375], [-72.00000080899991, 45.87500065100005], [-72.00000091099992, 45.8125], [-72.00000101299992, 45.75000072800009], [-72.00000116599995, 45.6875], [-72.00000131899992, 45.62500101200004], [-72.0000013209999, 45.5625], [-72.00000132199995, 45.50000150000005], [-72.0000012939999, 45.4375], [-72.00000126499992, 45.375001628000064], [-72.00000105799995, 45.3125], [-72.00000085199991, 45.250001558000065], [-72.00000065299992, 45.1875], [-72.00000045399992, 45.125001532000056], [-72.00000013399995, 45.0625], [-71.99999985099993, 45.00728821900009], [-72.125, 45.005713667000066], [-72.2499996649999, 45.00453246400008], [-72.31194722299995, 45.00378611100007], [-72.375, 45.00631774000004], [-72.45043333299992, 45.00856388900007], [-72.50000046699995, 45.008424829000035], [-72.55538333299995, 45.00802222200008], [-72.58473888899994, 45.01156944400009], [-72.625, 45.014190745000064], [-72.75000075399993, 45.015636817000086], [-72.875, 45.01610176500009], [-72.96686666699992, 45.01414166700005], [-73.00000063199991, 45.01484716500005], [-73.06534999899992, 45.01595555600005], [-73.125, 45.01468653300009], [-73.25000032499992, 45.01239953600009], [-73.375, 45.01028122300005], [-73.49999962499993, 45.007598751000046], [-73.625, 45.00379097900009], [-73.7499997349999, 45.003146934000085], [-73.875, 45.00120408500004], [-73.90832566599994, 45.000073857000075], [-73.99999978299991, 45.00000185000005], [-73.99999996399993, 45.0625], [-74.0000001439999, 45.12500171000005], [-73.99999996499992, 45.1875], [-73.99999978599993, 45.25000172300008], [-73.99999969299995, 45.3125], [-73.99999959999991, 45.37500162200007], [-73.99999940399994, 45.4375], [-73.99999920899995, 45.50000143600005], [-73.99999898499993, 45.5625], [-73.99999876099992, 45.625001318000045], [-73.99999867799994, 45.6875], [-73.99999859499991, 45.75000141400005], [-73.99999847099991, 45.8125], [-73.99999834699992, 45.87500148300006], [-73.99999816399992, 45.9375], [-73.99999798099992, 46.00000170900006], [-73.875, 46.000001370000064], [-73.74999910799994, 46.00000103100007], [-73.625, 46.00000094200004], [-73.49999959199994, 46.000000852000085], [-73.375, 46.000000697000075], [-73.25000008799992, 46.000000542000066], [-73.125, 46.00000051500007], [-73.00000034099992, 46.00000048900006], [-72.875, 46.000000465000085]]]]}}, {"type": "Feature", "properties": {"Feuillet250K": "21E", "Nom_Feuillet250K": "SHERBROOKE", "Lien_GPKG": "https://diffusion.mffp.gouv.qc.ca/Diffusion/DonneeGratuite/Foret/DONNEES_FOR_ECO_SUD/Cartes_ecoforestieres_perturbations/02-Donnees/Decoupage250K/21E/CARTE_ECO_MAJ_21E_GPKG.zip"}, "geometry": {"type": "MultiPolygon", "coordinates": [[[[-70.30331868899992, 46.00005100300007], [-70.30236944399991, 45.99868055600007], [-70.29539166699993, 45.997], [-70.29192222199993, 45.99736111100009], [-70.29035277799994, 45.99590277800007], [-70.29109444399995, 45.994958333000056], [-70.28870833299993, 45.99528888900005], [-70.28862777699993, 45.99400833300007], [-70.28394166699991, 45.99548888900006], [-70.29467222199992, 45.98616388900007], [-70.29972777799992, 45.985875], [-70.30698888899991, 45.98269166700004], [-70.30891111099993, 45.98039722200008], [-70.30703333299994, 45.97834722200008], [-70.3119333329999, 45.974516667000046], [-70.31024444399992, 45.97253888900008], [-70.3124638889999, 45.969108333000065], [-70.31156944299994, 45.96635833300007], [-70.31585833299994, 45.96299166700004], [-70.31255, 45.96213611100006], [-70.30484722199992, 45.964972222000085], [-70.298375, 45.962894444000085], [-70.2890972209999, 45.96319444400007], [-70.28662222199995, 45.96455277800004], [-70.28338611099991, 45.963777778000065], [-70.27700555699994, 45.96725], [-70.27268611099993, 45.964372222000065], [-70.27494166699995, 45.96345833300006], [-70.27447499899995, 45.96138333300007], [-70.27184722099992, 45.96123055600003], [-70.26571388899993, 45.96420555600008], [-70.26144444399995, 45.959988889000044], [-70.258025, 45.958977778000076], [-70.26006666699993, 45.95759166700009], [-70.25865833199992, 45.954588889000036], [-70.26052777799993, 45.952288889000044], [-70.25634999899995, 45.95205833300008], [-70.2527944439999, 45.9554], [-70.25000241399994, 45.952730443000064], [-70.24803055599995, 45.949636111000075], [-70.24232499899995, 45.94663888900004], [-70.244275, 45.944677778000084], [-70.2391416669999, 45.94394444400007], [-70.24035277799993, 45.94291388900007], [-70.239625, 45.93963888900004], [-70.24285722299993, 45.9375], [-70.2500023959999, 45.93415329800007], [-70.26308888999995, 45.92398611100003], [-70.2622555559999, 45.919938889000036], [-70.26055833399994, 45.920466667000085], [-70.25718333299994, 45.917638889000045], [-70.2589222229999, 45.914983333000066], [-70.25833055599992, 45.912275], [-70.25953333299992, 45.90976388900003], [-70.25338611099994, 45.90736944400004], [-70.2538666669999, 45.90248055600006], [-70.26571666699994, 45.89375], [-70.25882222199994, 45.89116944400007], [-70.26194444399994, 45.88811944400004], [-70.27220833299992, 45.88308333300006], [-70.273925, 45.879641667000044], [-70.2806718729999, 45.875032314000066], [-70.29606666699993, 45.86522222200006], [-70.30351666699994, 45.86273611100006], [-70.30780555699994, 45.858847222000065], [-70.33293611199991, 45.853077778000056], [-70.34194444299993, 45.85234444400004], [-70.3435166669999, 45.84997777800004], [-70.34929999899992, 45.847066667000036], [-70.35299166699991, 45.84236111100006], [-70.35218611099992, 45.84090277800004], [-70.35569444299995, 45.8396], [-70.35942500099992, 45.83545], [-70.370825, 45.83519722200003], [-70.37193055599994, 45.833958333000055], [-70.36933888899995, 45.83116944400007], [-70.37224166699991, 45.82800277800004], [-70.375, 45.827533509000034], [-70.38802777799992, 45.81880277800008], [-70.38779444499994, 45.81435277800006], [-70.39036102599994, 45.8125], [-70.39715833299994, 45.807305556000074], [-70.39785, 45.80376944400007], [-70.39571666699993, 45.80252777800007], [-70.39660555599994, 45.799911111000085], [-70.39566111099992, 45.79951388900008], [-70.39731111099991, 45.7977], [-70.40136666599994, 45.795958333000044], [-70.4084, 45.79766111100008], [-70.41686944399993, 45.79553611100005], [-70.4178055559999, 45.793980556000065], [-70.41435555599992, 45.79016111100009], [-70.41573888899995, 45.78534722200004], [-70.4101833329999, 45.78423611100004], [-70.40574166699992, 45.77688055600004], [-70.40766388999992, 45.77320833300007], [-70.40546388899992, 45.77000555600006], [-70.40702777799993, 45.76252777800005], [-70.40078055599992, 45.75736111100008], [-70.395875, 45.75663333300008], [-70.38841601299993, 45.75007558700008], [-70.38914722099992, 45.74700277800008], [-70.39451111099993, 45.74358888900008], [-70.392925, 45.741461111000035], [-70.39389444299991, 45.74008888900005], [-70.38937222299995, 45.73745], [-70.39013888799991, 45.73609722200007], [-70.38544444399992, 45.73626944400007], [-70.38586111099994, 45.73461944400009], [-70.38383611099994, 45.73455277800008], [-70.39010277799991, 45.728494444000034], [-70.39650555599991, 45.72908055600004], [-70.39761111099995, 45.726358333000064], [-70.39673055599991, 45.72514166700006], [-70.40062222299991, 45.72166111100006], [-70.399525, 45.720813889000055], [-70.40034444399993, 45.71971666700006], [-70.42920277799993, 45.71039166700007], [-70.42885555599992, 45.708002778000036], [-70.42541111199995, 45.70752222200008], [-70.43130555599993, 45.70701944400008], [-70.43916111099992, 45.703875], [-70.44106111099995, 45.705394444000035], [-70.4444722209999, 45.70375555600003], [-70.45091388899993, 45.703933333000066], [-70.455925, 45.70705277800005], [-70.46135, 45.705558333000056], [-70.46546944399995, 45.706530556000075], [-70.47053055599991, 45.70305555600004], [-70.46910833299995, 45.70167777800003], [-70.47605833299991, 45.69691666700004], [-70.48471111099991, 45.693625], [-70.49477439199995, 45.6875], [-70.50000287499995, 45.68425866400008], [-70.50239166699993, 45.68328888900004], [-70.50230555499991, 45.68185555600007], [-70.51077777799992, 45.67915555600007], [-70.5198083329999, 45.67136111100007], [-70.51991111099994, 45.66907222200007], [-70.52639166699993, 45.66635555600004], [-70.53391111099995, 45.67100555600007], [-70.54239166699995, 45.66645833300004], [-70.54718055699993, 45.666086111000084], [-70.55287777799992, 45.66790833300007], [-70.5585888889999, 45.666475], [-70.5602166669999, 45.664022222000085], [-70.5637083339999, 45.662741667000034], [-70.56219722199995, 45.66036666700006], [-70.56520833299993, 45.657130556000084], [-70.56494444399993, 45.65480555600004], [-70.57283055599993, 45.64877222200005], [-70.57557499899991, 45.64836666700006], [-70.57953055699994, 45.64358333300004], [-70.58357222199993, 45.642397222000056], [-70.58401944399992, 45.638875], [-70.58991111099994, 45.63383888900006], [-70.5908722229999, 45.630458333000036], [-70.5967305559999, 45.62977777800006], [-70.60715847799992, 45.62507563000008], [-70.60853888899993, 45.621775], [-70.61714166699994, 45.616608333000045], [-70.61914722199992, 45.612022222000064], [-70.625, 45.611339549000036], [-70.63181111099993, 45.60917777800006], [-70.63615555599995, 45.60993333300007], [-70.64489444399993, 45.60675555600005], [-70.65085277799994, 45.599363889000074], [-70.6497833329999, 45.59757222200005], [-70.65395833199995, 45.59280833300005], [-70.65912222199995, 45.589666667000074], [-70.65905, 45.587275], [-70.66380555599994, 45.58459722200007], [-70.6640888899999, 45.582786111000075], [-70.67213888899994, 45.57852222200006], [-70.67204166699992, 45.57623333300006], [-70.67809444399995, 45.5705], [-70.68769166699991, 45.56942222200007], [-70.68801111199991, 45.56842222200004], [-70.68511944399995, 45.56657222200005], [-70.68907910899992, 45.5625], [-70.684275, 45.55696666700004], [-70.67709722199993, 45.55221111100008], [-70.67973333299994, 45.55061944400006], [-70.68485555599995, 45.55088611100007], [-70.68698333299994, 45.549313889000075], [-70.6922416669999, 45.542869444000075], [-70.69652500099994, 45.53999722200007], [-70.6980888889999, 45.535330556000076], [-70.70091944399991, 45.532488889000035], [-70.69909722199992, 45.530130556000074], [-70.70645833299994, 45.527916667000056], [-70.70920555599992, 45.52483611100007], [-70.7111194439999, 45.51953333300008], [-70.71575833299994, 45.51885], [-70.72257222199994, 45.51367222200008], [-70.72364444399994, 45.510130556000036], [-70.72269166799992, 45.506511111000066], [-70.71540277799994, 45.50448333300005], [-70.71159444499995, 45.50180833300004], [-70.71180579899993, 45.500040838000075], [-70.71188888799992, 45.49712777800005], [-70.7178416669999, 45.49023333300005], [-70.71639444399995, 45.48646666700006], [-70.70473333299992, 45.47885833300006], [-70.699475, 45.47892222200005], [-70.69172222199995, 45.47426666700005], [-70.69286944399994, 45.466363889000036], [-70.69046666699995, 45.463611111000034], [-70.68182222199994, 45.46169166700008], [-70.6811138889999, 45.45218333300005], [-70.675075, 45.45187777800004], [-70.66292777799993, 45.44596111100009], [-70.65073333299995, 45.44494444400004], [-70.64573897699995, 45.4375], [-70.64255277799992, 45.43628888900008], [-70.6430888889999, 45.43359166700009], [-70.63653055599991, 45.42767777800009], [-70.62982222199992, 45.426313889000085], [-70.627775, 45.42070277800008], [-70.63116944399991, 45.41779444400004], [-70.63115277799994, 45.41588888900009], [-70.63486388899992, 45.41558888900005], [-70.6356138889999, 45.41284722200004], [-70.6328361109999, 45.408611111000084], [-70.625, 45.406190612000046], [-70.62126944399995, 45.40273611100008], [-70.625, 45.399932549000084], [-70.63304444399995, 45.39840555600006], [-70.63632222199993, 45.39523333300008], [-70.63887777899993, 45.388825], [-70.63490277699992, 45.38531666700004], [-70.63488888799992, 45.38341666700006], [-70.65043611099992, 45.377191667000034], [-70.66020555599994, 45.37793055600008], [-70.66166111099994, 45.386308333000045], [-70.67817222199994, 45.394275], [-70.68290277799991, 45.395208333000085], [-70.68764722199995, 45.392875], [-70.69615833299991, 45.39241666700008], [-70.69950277799995, 45.394536111000036], [-70.71201388899993, 45.39048333300008], [-70.7238472219999, 45.395569444000046], [-70.72965277799995, 45.39909444400007], [-70.73143888899995, 45.401875], [-70.73037777899992, 45.404375], [-70.74357222299994, 45.411858333000055], [-70.74526388899994, 45.41625833300009], [-70.7440111109999, 45.42116666700008], [-70.75000298099991, 45.42322311500004], [-70.75457777799994, 45.428311111000085], [-70.7643972219999, 45.42592777800007], [-70.76822777799993, 45.42850277800005], [-70.7814388889999, 45.43123055600006], [-70.7875777779999, 45.426472222000086], [-70.79539166699993, 45.42806388900004], [-70.79861666699992, 45.42580277800005], [-70.80250833299993, 45.417936111000074], [-70.81133333299994, 45.416166667000084], [-70.81281944299991, 45.41141388900007], [-70.81708055599995, 45.40820833300006], [-70.81886666699995, 45.404925], [-70.82573610999992, 45.40026388900009], [-70.82594999899993, 45.39838055600006], [-70.82429444399992, 45.39664444400006], [-70.82522777799994, 45.39308333300005], [-70.82392777799993, 45.39101944400005], [-70.81729166699995, 45.39036111100006], [-70.8137722219999, 45.38775833300008], [-70.8124638889999, 45.383441667000056], [-70.80578105199993, 45.37505459500005], [-70.80253333299993, 45.36567777800008], [-70.8084416669999, 45.363069444000075], [-70.80983611199991, 45.35796944400005], [-70.81446944399994, 45.35668055600007], [-70.81164166699995, 45.35211944400004], [-70.80943611099991, 45.351511111000036], [-70.80979999899995, 45.34866944400005], [-70.81732777899992, 45.34474444400007], [-70.81990000099995, 45.340194444000076], [-70.81801666699994, 45.337886111000046], [-70.81905555599991, 45.33545], [-70.81640277699995, 45.330772222000064], [-70.81291111099995, 45.328038889000084], [-70.80758333299991, 45.327661111000054], [-70.80807222299995, 45.32498888900005], [-70.80609722199995, 45.32121111100008], [-70.80845444499994, 45.3125], [-70.81463055599994, 45.30816111100006], [-70.81215277799993, 45.306266667000045], [-70.81153888999995, 45.30376666700005], [-70.81629166699992, 45.298180556000034], [-70.82500555599995, 45.297891667000044], [-70.8357083329999, 45.293594444000064], [-70.82994444399992, 45.29018055600005], [-70.83189444499993, 45.27891111100007], [-70.83646111199994, 45.275975], [-70.84125277899994, 45.267013889000054], [-70.8489416669999, 45.26309166700008], [-70.84809722199992, 45.25893055600005], [-70.84961666599992, 45.25590555600007], [-70.84655555599994, 45.25338055600008], [-70.84785307899995, 45.25007491000008], [-70.84823055599992, 45.24434166700007], [-70.83926111099993, 45.23754166700007], [-70.83663888899991, 45.237308333000044], [-70.83806666699991, 45.23461944400009], [-70.84613611099991, 45.23438333300004], [-70.85753333299994, 45.22913333300005], [-70.875, 45.23410223700006], [-70.88284444299995, 45.23425555600005], [-70.88931666699995, 45.23870277800006], [-70.89504999899992, 45.240325], [-70.89825, 45.244080556000085], [-70.89639022799992, 45.25007639900008], [-70.89514722199993, 45.25225833300004], [-70.8983305559999, 45.25485277800004], [-70.89851111099995, 45.25832777800008], [-70.90589444299991, 45.26082777800008], [-70.90534722199993, 45.26587777800006], [-70.9084222219999, 45.26941666700009], [-70.91130833299991, 45.269991667000056], [-70.91641111099995, 45.27733611100007], [-70.92133333299995, 45.279225], [-70.91870277799995, 45.28728333300006], [-70.91380555599994, 45.29186666700008], [-70.91200555599994, 45.29631111100008], [-70.91376388899994, 45.300347222000084], [-70.91961111099994, 45.30526388900006], [-70.91995555599993, 45.30772777800007], [-70.91783611099993, 45.31172222200007], [-70.91896682999993, 45.3125], [-70.92716111099992, 45.314855556000055], [-70.9299666679999, 45.31881111100006], [-70.93889444399991, 45.319980556000075], [-70.9405833319999, 45.323230556000055], [-70.94520277899994, 45.32570277800005], [-70.94512777799991, 45.32903611100005], [-70.94948888999994, 45.33131666700007], [-70.95092777799994, 45.3348], [-70.95024166699994, 45.337502778000044], [-70.9523777789999, 45.33911666700004], [-70.96118333299995, 45.33671944400004], [-70.96732500099995, 45.33222222200004], [-70.97332777799994, 45.33361388900005], [-70.984975, 45.33190833300006], [-70.98911944399993, 45.33413611100008], [-70.9908472219999, 45.338094444000035], [-71.00000290499992, 45.34174385500006], [-71.00143333199992, 45.344169444000045], [-71.01113611199992, 45.34733333300005], [-71.01299999899993, 45.344233333000034], [-71.01061944299994, 45.33815555600006], [-71.01211666699993, 45.33386944400007], [-71.00665277799993, 45.332725], [-71.00187222199992, 45.32842777800005], [-71.00392222099993, 45.327372222000065], [-71.00852222199995, 45.319241667000085], [-71.01623055599993, 45.315530556000056], [-71.02540277799994, 45.315158333000056], [-71.03086483999994, 45.3125], [-71.03371666599992, 45.310019444000034], [-71.03890575499992, 45.3125], [-71.03920258799991, 45.3125], [-71.03932777799992, 45.312402778000035], [-71.03978958199991, 45.3125], [-71.04897654399991, 45.3125], [-71.05316944399993, 45.31141666700006], [-71.05516896099994, 45.3125], [-71.05910000099993, 45.31383888900007], [-71.06448422199992, 45.3125], [-71.06468333299995, 45.312411111000074], [-71.06528975299994, 45.3125], [-71.06556610199993, 45.3125], [-71.06859722199994, 45.309666667000045], [-71.0749805559999, 45.30705], [-71.07993610999995, 45.30704444400004], [-71.09681666699993, 45.30229166700008], [-71.10528055599991, 45.294875], [-71.10418888899994, 45.29151666700005], [-71.10655555599993, 45.291086111000084], [-71.11098888899994, 45.28437777800008], [-71.109175, 45.282347222000055], [-71.10544444399994, 45.2828], [-71.1063611109999, 45.28000555600005], [-71.11009444399991, 45.27570833300007], [-71.1163111109999, 45.27408333300008], [-71.11643333299992, 45.26943888900007], [-71.1202027779999, 45.26514166700008], [-71.11954444399993, 45.261619444000075], [-71.12389722199993, 45.25839166700007], [-71.125, 45.254463162000036], [-71.12794444299993, 45.253691667000055], [-71.12965239499994, 45.250078759000075], [-71.13291111099994, 45.244511111000065], [-71.14351111099995, 45.24255], [-71.1475611109999, 45.23943611100009], [-71.14856944399992, 45.242869444000064], [-71.1618207329999, 45.25007217000007], [-71.16254139599994, 45.250071905000084], [-71.1688222219999, 45.24627222200007], [-71.1732027779999, 45.24631666700009], [-71.1801, 45.23993611100008], [-71.1823972219999, 45.24063611100007], [-71.18396666699994, 45.244941667000035], [-71.18688611099992, 45.24438611100004], [-71.18773333299993, 45.247616667000045], [-71.19103055599993, 45.24788055600004], [-71.19118611099992, 45.24940277800005], [-71.1935019309999, 45.25005569700005], [-71.19618611099992, 45.253975], [-71.2, 45.25328055600005], [-71.20250277699995, 45.25431944400009], [-71.211125, 45.250213889000065], [-71.22062777799994, 45.25073611100004], [-71.22210277799991, 45.25336388900007], [-71.22728334699991, 45.25002721700008], [-71.22943888899994, 45.2492], [-71.23122553199994, 45.25002315900008], [-71.23311111099991, 45.25152222200006], [-71.23133055499994, 45.253902778000054], [-71.23559166699994, 45.26090555600007], [-71.2394194439999, 45.26166666700004], [-71.23918611099992, 45.26333611100006], [-71.24561666699992, 45.2688], [-71.24878055599993, 45.267836111000065], [-71.25000275399992, 45.26915583400006], [-71.25640555599995, 45.27319722200008], [-71.25939166699993, 45.27203333300008], [-71.25962777699993, 45.274575], [-71.26229722199992, 45.27599444400005], [-71.26591666699994, 45.28941388900006], [-71.26494722199993, 45.29379166700005], [-71.27268888899994, 45.296572222000066], [-71.28051666699992, 45.29458888900007], [-71.28422500099992, 45.302358333000086], [-71.28579166799994, 45.30036388900004], [-71.28791388899992, 45.30090833300005], [-71.29096666799995, 45.298711111000046], [-71.29623333199993, 45.299144444000035], [-71.3005305559999, 45.29664722200005], [-71.30758888899993, 45.28748611100008], [-71.315425, 45.28659444400006], [-71.32083333299994, 45.28191944400004], [-71.33080277699992, 45.280277778000084], [-71.3364111109999, 45.27274166700005], [-71.34234722199994, 45.27125833300005], [-71.34768055599994, 45.27201666700006], [-71.35345555599991, 45.26860555600007], [-71.3602777779999, 45.27033055600003], [-71.36321388899995, 45.26673888900007], [-71.35933333299994, 45.26209444400007], [-71.35636666699992, 45.254663889000085], [-71.36025913199995, 45.25007799100007], [-71.36801944399991, 45.24638888900006], [-71.375, 45.245206910000036], [-71.37834166599993, 45.24349166700006], [-71.382525, 45.23537777800004], [-71.38530833199991, 45.23304722200004], [-71.38925833299993, 45.234952778000036], [-71.39450277799995, 45.24091111100006], [-71.40214444399993, 45.242597222000086], [-71.40744444499995, 45.24121666700006], [-71.4085166669999, 45.23929166700009], [-71.41192222199993, 45.238725], [-71.41300555599992, 45.235841667000045], [-71.4168222209999, 45.235780556000066], [-71.42105, 45.232202778000044], [-71.42912777799995, 45.23396111100004], [-71.42963333299991, 45.235969444000034], [-71.4342222219999, 45.23841388900007], [-71.43966944399995, 45.2391], [-71.44302222199991, 45.23795833300005], [-71.4435111109999, 45.2348], [-71.4405, 45.235], [-71.42638888899995, 45.22516666700005], [-71.42075, 45.223861111000076], [-71.41741666699994, 45.22175], [-71.41536111099992, 45.21808333300004], [-71.40755555599992, 45.21686111100007], [-71.4021666669999, 45.214222222000046], [-71.39736111099995, 45.20352777800008], [-71.40025, 45.20158333300009], [-71.39997222199992, 45.20033333300006], [-71.40219444399992, 45.20036111100006], [-71.40586111099992, 45.197694444000035], [-71.40419444399993, 45.19497222200005], [-71.40916975199991, 45.1875], [-71.41441666599991, 45.18477777800007], [-71.4157499989999, 45.18069444400004], [-71.4141111109999, 45.179], [-71.41738888899994, 45.17486111100004], [-71.41844444399993, 45.170527778000064], [-71.42494444499994, 45.16583333300008], [-71.42344444399993, 45.16463888900006], [-71.42438888999993, 45.163111111000035], [-71.4235, 45.160666667000044], [-71.42572222299992, 45.15775], [-71.42486111099993, 45.15672222200004], [-71.42625, 45.156], [-71.4263888879999, 45.15266666700006], [-71.43327777799993, 45.14830555600008], [-71.43333333299995, 45.145277778000036], [-71.43425, 45.14561111100005], [-71.43541666699991, 45.141888889000086], [-71.4376111119999, 45.141888889000086], [-71.43244444399994, 45.13802777800004], [-71.4261111109999, 45.12947222200006], [-71.4281421199999, 45.12506546000009], [-71.43177777799991, 45.120472222000046], [-71.44011111099991, 45.116], [-71.4403333329999, 45.11369444400009], [-71.44877777799991, 45.112555556000075], [-71.45061111099994, 45.10916666700007], [-71.4486944439999, 45.10788888900004], [-71.45108333299993, 45.10511111100004], [-71.4493055559999, 45.10447222200008], [-71.45844444399995, 45.09883333300007], [-71.45944444399993, 45.096555556000055], [-71.45836111099993, 45.09516666700006], [-71.46208333299995, 45.09308333300004], [-71.46438888799992, 45.093361111000036], [-71.46636111099991, 45.08880555600007], [-71.4654444439999, 45.0875], [-71.46736111099995, 45.086694444000045], [-71.46788888899994, 45.08363888900004], [-71.47516666599995, 45.08425], [-71.477, 45.08291666700006], [-71.47813888899992, 45.084333333000075], [-71.48119444299994, 45.08291666700006], [-71.4799722219999, 45.08163888900003], [-71.48263888899993, 45.079], [-71.48730555599991, 45.07866666700005], [-71.48636111099995, 45.07563888900006], [-71.48927777799992, 45.07372222200007], [-71.48775, 45.071361111000044], [-71.49444444399995, 45.071305556000084], [-71.4942500009999, 45.069666667000035], [-71.49566666599992, 45.06883333300004], [-71.49805555499995, 45.07019444400004], [-71.49761111099991, 45.06677777800007], [-71.4956666679999, 45.06475], [-71.49668576399995, 45.0625], [-71.49711111199991, 45.06011111100008], [-71.5000024279999, 45.05881220900005], [-71.5012777789999, 45.058722222000085], [-71.5000024329999, 45.05777675400009], [-71.49755555599995, 45.0575], [-71.49908333199994, 45.05644444400008], [-71.49719444399994, 45.05580555600005], [-71.50000244599994, 45.05407266700007], [-71.50000244799992, 45.053537418000076], [-71.49902777799991, 45.052861111000084], [-71.50000245199993, 45.052376425000034], [-71.50438888899993, 45.05236111100004], [-71.50661111099993, 45.04755555600008], [-71.50316666799995, 45.04811111100008], [-71.50452777799995, 45.04608333300007], [-71.50000247999992, 45.04484014900004], [-71.49327777799994, 45.04577777800006], [-71.49091666699991, 45.042638889000045], [-71.49258333299991, 45.03386111100008], [-71.49494444399994, 45.032861111000045], [-71.49355555599993, 45.032], [-71.49627777799992, 45.03175], [-71.49775000099993, 45.03002777800003], [-71.49716666699993, 45.028638889000035], [-71.49869444299992, 45.02830555600008], [-71.49797222199993, 45.02655555600006], [-71.50000254699995, 45.02658974800005], [-71.50000254899993, 45.02602198100004], [-71.49711111099992, 45.02361111100004], [-71.50000255799995, 45.02354376200009], [-71.50000256099992, 45.02295396200009], [-71.49963888899993, 45.022361111000066], [-71.50000256699991, 45.02102854100008], [-71.50000257099992, 45.020073238000066], [-71.49855555599993, 45.020222222000086], [-71.5000025729999, 45.019611755000085], [-71.50000257399995, 45.01899449700005], [-71.49936111099993, 45.018333333000044], [-71.5000025789999, 45.01773938200006], [-71.50138888899994, 45.0175], [-71.50000258799992, 45.01551163000005], [-71.4995277779999, 45.01486111100007], [-71.50000259099994, 45.014544571000044], [-71.50102777799992, 45.01344444400007], [-71.625, 45.01255591000006], [-71.75000152799993, 45.01134757700004], [-71.875, 45.008557421000035], [-71.99999985099993, 45.00728821900009], [-72.00000013399995, 45.0625], [-72.00000045399992, 45.125001532000056], [-72.00000065299992, 45.1875], [-72.00000085199991, 45.250001558000065], [-72.00000105799995, 45.3125], [-72.00000126499992, 45.375001628000064], [-72.0000012939999, 45.4375], [-72.00000132199995, 45.50000150000005], [-72.0000013209999, 45.5625], [-72.00000131899992, 45.62500101200004], [-72.00000116599995, 45.6875], [-72.00000101299992, 45.75000072800009], [-72.00000091099992, 45.8125], [-72.00000080899991, 45.87500065100005], [-72.00000077399994, 45.9375], [-72.00000073899992, 46.00000040900005], [-71.875, 46.00000045300004], [-71.75000090599991, 46.00000049700009], [-71.625, 46.000000440000065], [-71.50000181399992, 46.00000038300004], [-71.375, 46.00000042800008], [-71.25000196399992, 46.00000047200007], [-71.125, 46.00000036700004], [-71.00000229099993, 46.00000026100008], [-70.875, 46.00000006800008], [-70.7500022779999, 45.99999987500007], [-70.625, 45.999999811000066], [-70.50000257399995, 45.99999974700006], [-70.375, 46.00003232200004], [-70.30331868899992, 46.00005100300007]]]]}}, {"type": "Feature", "properties": {"Feuillet250K": "31B", "Nom_Feuillet250K": "OGDENSBURG", "Lien_GPKG": "https://diffusion.mffp.gouv.qc.ca/Diffusion/DonneeGratuite/Foret/DONNEES_FOR_ECO_SUD/Cartes_ecoforestieres_perturbations/02-Donnees/Decoupage250K/31B/CARTE_ECO_MAJ_31B_GPKG.zip"}, "geometry": {"type": "MultiPolygon", "coordinates": [[[[-73.99999978299991, 45.00000185000005], [-73.99999980899992, 44.996664991000046], [-74.125, 44.99217209700004], [-74.24999989499992, 44.99218145600008], [-74.33654722199992, 44.99201666700009], [-74.375, 44.99380585800009], [-74.49999967699995, 44.997863625000036], [-74.625, 44.99942430800007], [-74.6630555559999, 44.99891666700006], [-74.66422763799994, 45.00007147100007], [-74.625, 45.000054918000046], [-74.4999996439999, 45.00000216900008], [-74.375, 45.000002031000065], [-74.24999980099994, 45.00000189200006], [-74.125, 45.00000187100005], [-73.99999978299991, 45.00000185000005]]]]}}, {"type": "Feature", "properties": {"Feuillet250K": "31A", "Nom_Feuillet250K": "N/A", "Lien_GPKG": "https://diffusion.mffp.gouv.qc.ca/Diffusion/DonneeGratuite/Foret/DONNEES_FOR_ECO_SUD/Cartes_ecoforestieres_perturbations/02-Donnees/Decoupage250K/31A/CARTE_ECO_MAJ_31A_GPKG.zip"}, "geometry": {"type": "MultiPolygon", "coordinates": [[[[-73.99999980899992, 44.996664991000046], [-73.99999978299991, 45.00000185000005], [-73.90832566599994, 45.000073857000075], [-73.99999980899992, 44.996664991000046]]]]}}]}